Vidals Unisex Salon,"G.f., Shop No 2, Sukhchen Complex, Maninagar, Ahmedabad - 380008, Opposite. Shreeji Dairy",07947410534
Nishi Nails & Beauty,"S 12, Second Floor, Gulmohar Park Mall, Satellite, Ahmedabad - 380015, Near Fun Republic",07947073952
Jyoti Beauty Care,"Shivam Residency, S G Highway, Sola Road, Ahmedabad - 380063, Near Audi Showroom",07947072466
Y C Beauty Salon & Academy,"1st Floor, Neelkanth Park -1, Xavier's Loyola School Road, Memnagar, Ahmedabad - 380052, Opp Gopalnagar",07947063534
Stylin Cutz - The Unisex Sa..,"Shop No. 121, Angel Arcade, Ring Road, Opp. National Handloom, Nikol Gam, Ahmedabad - 382350, Near Palm Hotel",07947073038
Looks N Style,"Ground Floor-12,Galaxy Bazaar, Opposite Sunrise Park Road, Drive In Road, Ahmedabad - 380052, Near Himalaya Mall",07947079962
Jasmine Beauty Salon and Ac..,"G-1 Orchid Elegance,Near Ashtmangal Residency,Manohar Villa Cross Road,Naroda Nikol Road, Nikol, Nikol Naroda Road-Nikol Gam, Ahmedabad - 382350, Manoharwilla Cross Road",07947068030
Pushp Family Salon,"Shop No C 12, Pushp Business Campus, Sp Ring Road, Vastral, Ahmedabad - 382418, Vastral Metro Station",+(91)-7041085514
Urbanclap.com,"A/1, 1501, Palladium, Corporate Road, Prahladnagar, Ahmedabad - 380015, Near Vodafone House",+(91)-124-4577300
Star Salon,"10, Ratnam Royals Society, TP 44, J 18 Cross Road, Chandkheda, Ahmedabad - 382424, Near Pramukh Swami Road",+(91)-8160118952
Look Me Hair & Beauty,"Near Rudraksh Hospital, Opposite Janvi Auto, Beside Uday Gas Agency, Patiya, Naroda, Ahmedabad - 382330, Near City Center Mall",+(91)-9974421292
White Catalogue Salons,"106, 1st Floor Devashish Complex, Court Yard Marriott Lane, Bodakdev, Ahmedabad - 380054, Above Mocha Restaurant",+(91)-8154065000
Asha Hair & Skin Studio,"Shop No 26, Mangal Tirth Complex, Paldi, Ahmedabad - 380007, Near Dharnidhar Bridge & Shreyas Crossing",+(91)-9714044066
Haircut Artist Ahmedabad,"Ashok Vihar, New CG Road, Chandkheda, Ahmedabad - 382424, Near Vishwakarma Engineering Collage",+(91)-9773079546
Kent Hair N Care,"Near Jagnath Mahadev, Opp. Saraspur Nagrik Co Op Bank, Saraspur, Ahmedabad - 380018, Near Saraspur Char Rasta",+(91)-8000016861
Belle Salon,"A-16,17,18, 2nd Floor, Circle-B Building, Opposite Honest Restaurant, Bodakdev, Ahmedabad - 380054",+(91)-79-48494004
Morning Star - A Unisex Sal..,"Shop No. 8, Swarnim Square, Near Malabar County, Gota Road, Ahmedabad - 382481, Near Sgvp International School",+(91)-9586335549
MiNI BEAUTY LOUNGE THE FAMI..,"Block A, 2nd Floor, 68-69, Applewoods Galleria Mall, Nr. Shantipurn Cross Road, South Bopal, Ahmedabad - 380058, Eurokids Pre School",+(91)-9007592568
Apsara Hair Art,"Shop No 22, Ground Floor, Orchid Mall, Thaltej Gam Shilaj Road, Thaltej, Ahmedabad - 380054, Near Goverdhan Party Plot",+(91)-9998109024
Ketlook The Unisex Saloon,"4 Dev Prayag Complex, Motera Bhat Road, Motera, Ahmedabad - 380005, Opp Santi Juniour School",+(91)-9898545525
Ruhi Professional Salon,"Ground Floor,54, Ghanshyam Complex, Chandlodiya, Ahmedabad - 382481, Under Chandlodiya Overbridge,, Opposite Dhanjibhai Kuvo, Opposite Baliyadev Temple",+(91)-9067237371
Scissor Rule The Unlsex Sal..,"Shop No :- 10, 1st Floor, Sukan Apartment, Vandematram Road, Gota Gam, Ahmedabad - 382481, Near Vandematram Arcade",+(91)-8511462926
Banno Beauty Care,"5, Trilok Elegance, Bhat Koteshwer Road, Motera, Ahmedabad - 380005, Near Kidzee School",+(91)-9925506442
Krish Hair Art,"Shop No 2 Panchgini Green Complex, Moraiya, Sanand - 382213, Near SVM School",+(91)-9601709316
Hair Studio,"Ankur Society Vibhag 2, Ground Floor,, Naranpura Vistar, Ahmedabad - 380013, Near Ankur Char Rasta",+(91)-9512460609
Decent Hair Salon,"36/1, Rannapark Section-1, Ghatlodiya, Ghatlodia - 380061, Near Prabhat Chowk",+(91)-9898736599
Salon Studio,"Shop No 3 FF, Aarambh Complex, Naranpura Vistar, Ahmedabad - 380013, Ankur Cross Road",+(91)-9428214086
StyleZ Beauty  Saloon,"Shop No.112, Sheetal  Varsha, Mahavir Business Park, Behrampura, Ahmedabad - 380022, Opposite  Behrampura Police Station",+(91)-8511222331
Ok Family Salon,"L 6, Ghansyam Chambers, Rto Circle, Ahmedabad - 380027, Opposite Handi Hotel, Near Subhash Bridge",+(91)-9725442644
Heet Body Massage Centre,"Shop No 22, Sarvoday Complex, Ghatlodiya, Ahmedabad - 380061, Opposite Shraddha Flat, Behind Saibaba Temple",+(91)-7016994483
Awesome The Family Salon,"No 6 , Pinecrest North Avenue, Godrej Garden City Gota, Jagatpur, Ahmedabad - 382470",+(91)-8849231762
Gujarat Hair Designer,"61 Krishnagar Vibhag 1, Akhabar Nagar, New Vadaj, Ahmedabad - 380013, Near Paushupati Mahadev",+(91)-8732970790
Mystique Shades Salon & Arc..,"FF-10 Time Square Arcade, Baghban Party Plot, Thaltej, Ahmedabad - 380054, Shilaj Road",+(91)-9925522298
Salon Studio,"GF-20,Radhe Chambers, Vastral Road, Vastral, Ahmedabad - 382418, Opposite Madhav Park 4",+(91)-9586224780
Pushp Mahendi Artist,"Swaminarayan Sukhkar Society, Bopal, Ahmedabad - 380058, Near Devkuti Society, Behind Sawagat Banglow",+(91)-9081246980
Apsara Hair Art,"Shop No -4, Anand Mangal Complex, Shyamal, Ahmedabad - 380015, Oppsite -Syamal Row House Part 5",+(91)-9879659027
The Latest Hair Studio,"Shop No, 11 Ground Floor,Al-Muqaan, Next to APMC Market,Al-Mukam Circle, Sarkhej Road, Ahmedabad - 380055, Near Vishala Circle",+(91)-9825331502
Mangal Hair Style,"Bhoot Bunglow, Sabarmati, Ahmedabad - 380005, Near Sahebpura Water Tank, Jawahar Chowk, Behind Sundaram Complex",+(91)-8401867083
Kuldeep Keshkala,"Shop No.2, Below Shivsagar Appartment, NARODA ROAD SAIJPUR BOGHA, Ahmedabad - 382345, Biscuit Gali Arya Samaj",+(91)-9376090745
Lotus Hair Salon,"Shop No 07, Shashwat Complex, Mansarovar Road, Chandkheda, Ahmedabad - 382424, Near Narayan Circle",+(91)-8530240451
Kiwance Unisex Salon,"FF/5 Satyamev Arcade, Kalol Mehsana Highway, Chandkheda, Ahmedabad - 382424, Near Satymev Hospital",+(91)-9824619660
Shree kasher Bavani Hair,"Shop No : B 4 Shreenath Complax, Gota Road, Ghatlodiya, Ahmedabad - 380061, Near Prkash Nagar Char Rastha",+(91)-9824879083
James Hair Saloon,"Shop No :- 2 Nirman Complex, Near Rc Technical, Ghatlodiya, Ahmedabad - 380061, Nr Hotel SG",+(91)-9723961309
Ar Beauty Salon,"124  1st Floor, Palm Arcade, Opposite., Chankaya School, Nikol Gam, Ahmedabad - 382350",+(91)-9727012356
Look Me Hair & Beauty,"Near Rudraksh Hospital, Opposite Janvi Auto, Beside Uday Gas Agency, Patiya, Naroda, Ahmedabad - 382330, Near City Center Mall",+(91)-9974421292
White Catalogue Salons,"106, 1st Floor Devashish Complex, Court Yard Marriott Lane, Bodakdev, Ahmedabad - 380054, Above Mocha Restaurant",+(91)-8154065000
Asha Hair & Skin Studio,"Shop No 26, Mangal Tirth Complex, Paldi, Ahmedabad - 380007, Near Dharnidhar Bridge & Shreyas Crossing",+(91)-9714044066
Haircut Artist Ahmedabad,"Ashok Vihar, New CG Road, Chandkheda, Ahmedabad - 382424, Near Vishwakarma Engineering Collage",+(91)-9773079546
Kent Hair N Care,"Near Jagnath Mahadev, Opp. Saraspur Nagrik Co Op Bank, Saraspur, Ahmedabad - 380018, Near Saraspur Char Rasta",+(91)-8000016861
Belle Salon,"A-16,17,18, 2nd Floor, Circle-B Building, Opposite Honest Restaurant, Bodakdev, Ahmedabad - 380054",+(91)-79-48494004
Morning Star - A Unisex Sal..,"Shop No. 8, Swarnim Square, Near Malabar County, Gota Road, Ahmedabad - 382481, Near Sgvp International School",+(91)-9586335549
MiNI BEAUTY LOUNGE THE FAMI..,"Block A, 2nd Floor, 68-69, Applewoods Galleria Mall, Nr. Shantipurn Cross Road, South Bopal, Ahmedabad - 380058, Eurokids Pre School",+(91)-9007592568
Apsara Hair Art,"Shop No 22, Ground Floor, Orchid Mall, Thaltej Gam Shilaj Road, Thaltej, Ahmedabad - 380054, Near Goverdhan Party Plot",+(91)-9998109024
Ketlook The Unisex Saloon,"4 Dev Prayag Complex, Motera Bhat Road, Motera, Ahmedabad - 380005, Opp Santi Juniour School",+(91)-9898545525
Ruhi Professional Salon,"Ground Floor,54, Ghanshyam Complex, Chandlodiya, Ahmedabad - 382481, Under Chandlodiya Overbridge,, Opposite Dhanjibhai Kuvo, Opposite Baliyadev Temple",+(91)-9067237371
Scissor Rule The Unlsex Sal..,"Shop No :- 10, 1st Floor, Sukan Apartment, Vandematram Road, Gota Gam, Ahmedabad - 382481, Near Vandematram Arcade",+(91)-8511462926
Banno Beauty Care,"5, Trilok Elegance, Bhat Koteshwer Road, Motera, Ahmedabad - 380005, Near Kidzee School",+(91)-9925506442
Krish Hair Art,"Shop No 2 Panchgini Green Complex, Moraiya, Sanand - 382213, Near SVM School",+(91)-9601709316
Hair Studio,"Ankur Society Vibhag 2, Ground Floor,, Naranpura Vistar, Ahmedabad - 380013, Near Ankur Char Rasta",+(91)-9512460609
Decent Hair Salon,"36/1, Rannapark Section-1, Ghatlodiya, Ghatlodia - 380061, Near Prabhat Chowk",+(91)-9898736599
Salon Studio,"Shop No 3 FF, Aarambh Complex, Naranpura Vistar, Ahmedabad - 380013, Ankur Cross Road",+(91)-9428214086
StyleZ Beauty  Saloon,"Shop No.112, Sheetal  Varsha, Mahavir Business Park, Behrampura, Ahmedabad - 380022, Opposite  Behrampura Police Station",+(91)-8511222331
Ok Family Salon,"L 6, Ghansyam Chambers, Rto Circle, Ahmedabad - 380027, Opposite Handi Hotel, Near Subhash Bridge",+(91)-9725442644
Heet Body Massage Centre,"Shop No 22, Sarvoday Complex, Ghatlodiya, Ahmedabad - 380061, Opposite Shraddha Flat, Behind Saibaba Temple",+(91)-7016994483
Awesome The Family Salon,"No 6 , Pinecrest North Avenue, Godrej Garden City Gota, Jagatpur, Ahmedabad - 382470",+(91)-8849231762
Gujarat Hair Designer,"61 Krishnagar Vibhag 1, Akhabar Nagar, New Vadaj, Ahmedabad - 380013, Near Paushupati Mahadev",+(91)-8732970790
Mystique Shades Salon & Arc..,"FF-10 Time Square Arcade, Baghban Party Plot, Thaltej, Ahmedabad - 380054, Shilaj Road",+(91)-9925522298
Salon Studio,"GF-20,Radhe Chambers, Vastral Road, Vastral, Ahmedabad - 382418, Opposite Madhav Park 4",+(91)-9586224780
Pushp Mahendi Artist,"Swaminarayan Sukhkar Society, Bopal, Ahmedabad - 380058, Near Devkuti Society, Behind Sawagat Banglow",+(91)-9081246980
Apsara Hair Art,"Shop No -4, Anand Mangal Complex, Shyamal, Ahmedabad - 380015, Oppsite -Syamal Row House Part 5",+(91)-9879659027
The Latest Hair Studio,"Shop No, 11 Ground Floor,Al-Muqaan, Next to APMC Market,Al-Mukam Circle, Sarkhej Road, Ahmedabad - 380055, Near Vishala Circle",+(91)-9825331502
Mangal Hair Style,"Bhoot Bunglow, Sabarmati, Ahmedabad - 380005, Near Sahebpura Water Tank, Jawahar Chowk, Behind Sundaram Complex",+(91)-8401867083
Kuldeep Keshkala,"Shop No.2, Below Shivsagar Appartment, NARODA ROAD SAIJPUR BOGHA, Ahmedabad - 382345, Biscuit Gali Arya Samaj",+(91)-9376090745
Lotus Hair Salon,"Shop No 07, Shashwat Complex, Mansarovar Road, Chandkheda, Ahmedabad - 382424, Near Narayan Circle",+(91)-8530240451
Kiwance Unisex Salon,"FF/5 Satyamev Arcade, Kalol Mehsana Highway, Chandkheda, Ahmedabad - 382424, Near Satymev Hospital",+(91)-9824619660
Shree kasher Bavani Hair,"Shop No : B 4 Shreenath Complax, Gota Road, Ghatlodiya, Ahmedabad - 380061, Near Prkash Nagar Char Rastha",+(91)-9824879083
James Hair Saloon,"Shop No :- 2 Nirman Complex, Near Rc Technical, Ghatlodiya, Ahmedabad - 380061, Nr Hotel SG",+(91)-9723961309
Ar Beauty Salon,"124  1st Floor, Palm Arcade, Opposite., Chankaya School, Nikol Gam, Ahmedabad - 382350",+(91)-9727012356
Ruhi Professional Salon,"Ground Floor,54, Ghanshyam Complex, Chandlodiya, Ahmedabad - 382481, Under Chandlodiya Overbridge,, Opposite Dhanjibhai Kuvo, Opposite Baliyadev Temple",+(91)-9067237371
Scissor Rule The Unlsex Sal..,"Shop No :- 10, 1st Floor, Sukan Apartment, Vandematram Road, Gota Gam, Ahmedabad - 382481, Near Vandematram Arcade",+(91)-8511462926
Banno Beauty Care,"5, Trilok Elegance, Bhat Koteshwer Road, Motera, Ahmedabad - 380005, Near Kidzee School",+(91)-9925506442
Krish Hair Art,"Shop No 2 Panchgini Green Complex, Moraiya, Sanand - 382213, Near SVM School",+(91)-9601709316
Hair Studio,"Ankur Society Vibhag 2, Ground Floor,, Naranpura Vistar, Ahmedabad - 380013, Near Ankur Char Rasta",+(91)-9512460609
Decent Hair Salon,"36/1, Rannapark Section-1, Ghatlodiya, Ghatlodia - 380061, Near Prabhat Chowk",+(91)-9898736599
Salon Studio,"Shop No 3 FF, Aarambh Complex, Naranpura Vistar, Ahmedabad - 380013, Ankur Cross Road",+(91)-9428214086
StyleZ Beauty  Saloon,"Shop No.112, Sheetal  Varsha, Mahavir Business Park, Behrampura, Ahmedabad - 380022, Opposite  Behrampura Police Station",+(91)-8511222331
Ok Family Salon,"L 6, Ghansyam Chambers, Rto Circle, Ahmedabad - 380027, Opposite Handi Hotel, Near Subhash Bridge",+(91)-9725442644
Heet Body Massage Centre,"Shop No 22, Sarvoday Complex, Ghatlodiya, Ahmedabad - 380061, Opposite Shraddha Flat, Behind Saibaba Temple",+(91)-7016994483
Awesome The Family Salon,"No 6 , Pinecrest North Avenue, Godrej Garden City Gota, Jagatpur, Ahmedabad - 382470",+(91)-8849231762
Gujarat Hair Designer,"61 Krishnagar Vibhag 1, Akhabar Nagar, New Vadaj, Ahmedabad - 380013, Near Paushupati Mahadev",+(91)-8732970790
Mystique Shades Salon & Arc..,"FF-10 Time Square Arcade, Baghban Party Plot, Thaltej, Ahmedabad - 380054, Shilaj Road",+(91)-9925522298
Salon Studio,"GF-20,Radhe Chambers, Vastral Road, Vastral, Ahmedabad - 382418, Opposite Madhav Park 4",+(91)-9586224780
Pushp Mahendi Artist,"Swaminarayan Sukhkar Society, Bopal, Ahmedabad - 380058, Near Devkuti Society, Behind Sawagat Banglow",+(91)-9081246980
Apsara Hair Art,"Shop No -4, Anand Mangal Complex, Shyamal, Ahmedabad - 380015, Oppsite -Syamal Row House Part 5",+(91)-9879659027
The Latest Hair Studio,"Shop No, 11 Ground Floor,Al-Muqaan, Next to APMC Market,Al-Mukam Circle, Sarkhej Road, Ahmedabad - 380055, Near Vishala Circle",+(91)-9825331502
Mangal Hair Style,"Bhoot Bunglow, Sabarmati, Ahmedabad - 380005, Near Sahebpura Water Tank, Jawahar Chowk, Behind Sundaram Complex",+(91)-8401867083
Kuldeep Keshkala,"Shop No.2, Below Shivsagar Appartment, NARODA ROAD SAIJPUR BOGHA, Ahmedabad - 382345, Biscuit Gali Arya Samaj",+(91)-9376090745
Lotus Hair Salon,"Shop No 07, Shashwat Complex, Mansarovar Road, Chandkheda, Ahmedabad - 382424, Near Narayan Circle",+(91)-8530240451
Kiwance Unisex Salon,"FF/5 Satyamev Arcade, Kalol Mehsana Highway, Chandkheda, Ahmedabad - 382424, Near Satymev Hospital",+(91)-9824619660
Shree kasher Bavani Hair,"Shop No : B 4 Shreenath Complax, Gota Road, Ghatlodiya, Ahmedabad - 380061, Near Prkash Nagar Char Rastha",+(91)-9824879083
James Hair Saloon,"Shop No :- 2 Nirman Complex, Near Rc Technical, Ghatlodiya, Ahmedabad - 380061, Nr Hotel SG",+(91)-9723961309
Ar Beauty Salon,"124  1st Floor, Palm Arcade, Opposite., Chankaya School, Nikol Gam, Ahmedabad - 382350",+(91)-9727012356
Awesome The Family Salon,"No 6 , Pinecrest North Avenue, Godrej Garden City Gota, Jagatpur, Ahmedabad - 382470",+(91)-8849231762
Gujarat Hair Designer,"61 Krishnagar Vibhag 1, Akhabar Nagar, New Vadaj, Ahmedabad - 380013, Near Paushupati Mahadev",+(91)-8732970790
Mystique Shades Salon & Arc..,"FF-10 Time Square Arcade, Baghban Party Plot, Thaltej, Ahmedabad - 380054, Shilaj Road",+(91)-9925522298
Salon Studio,"GF-20,Radhe Chambers, Vastral Road, Vastral, Ahmedabad - 382418, Opposite Madhav Park 4",+(91)-9586224780
Pushp Mahendi Artist,"Swaminarayan Sukhkar Society, Bopal, Ahmedabad - 380058, Near Devkuti Society, Behind Sawagat Banglow",+(91)-9081246980
Apsara Hair Art,"Shop No -4, Anand Mangal Complex, Shyamal, Ahmedabad - 380015, Oppsite -Syamal Row House Part 5",+(91)-9879659027
The Latest Hair Studio,"Shop No, 11 Ground Floor,Al-Muqaan, Next to APMC Market,Al-Mukam Circle, Sarkhej Road, Ahmedabad - 380055, Near Vishala Circle",+(91)-9825331502
Mangal Hair Style,"Bhoot Bunglow, Sabarmati, Ahmedabad - 380005, Near Sahebpura Water Tank, Jawahar Chowk, Behind Sundaram Complex",+(91)-8401867083
Kuldeep Keshkala,"Shop No.2, Below Shivsagar Appartment, NARODA ROAD SAIJPUR BOGHA, Ahmedabad - 382345, Biscuit Gali Arya Samaj",+(91)-9376090745
Lotus Hair Salon,"Shop No 07, Shashwat Complex, Mansarovar Road, Chandkheda, Ahmedabad - 382424, Near Narayan Circle",+(91)-8530240451
Kiwance Unisex Salon,"FF/5 Satyamev Arcade, Kalol Mehsana Highway, Chandkheda, Ahmedabad - 382424, Near Satymev Hospital",+(91)-9824619660
Shree kasher Bavani Hair,"Shop No : B 4 Shreenath Complax, Gota Road, Ghatlodiya, Ahmedabad - 380061, Near Prkash Nagar Char Rastha",+(91)-9824879083
James Hair Saloon,"Shop No :- 2 Nirman Complex, Near Rc Technical, Ghatlodiya, Ahmedabad - 380061, Nr Hotel SG",+(91)-9723961309
Ar Beauty Salon,"124  1st Floor, Palm Arcade, Opposite., Chankaya School, Nikol Gam, Ahmedabad - 382350",+(91)-9727012356
Kiwance Unisex Salon,"FF/5 Satyamev Arcade, Kalol Mehsana Highway, Chandkheda, Ahmedabad - 382424, Near Satymev Hospital",+(91)-9824619660
Shree kasher Bavani Hair,"Shop No : B 4 Shreenath Complax, Gota Road, Ghatlodiya, Ahmedabad - 380061, Near Prkash Nagar Char Rastha",+(91)-9824879083
James Hair Saloon,"Shop No :- 2 Nirman Complex, Near Rc Technical, Ghatlodiya, Ahmedabad - 380061, Nr Hotel SG",+(91)-9723961309
Ar Beauty Salon,"124  1st Floor, Palm Arcade, Opposite., Chankaya School, Nikol Gam, Ahmedabad - 382350",+(91)-9727012356
