Studio 7x12 Unisex Salon An..,"Shop No 10/11/12 4th Floor Krishna Aaron, Sardar Patel Raj Marg, Anand, Anand - 388001, Opposite Sanket Sale India Behind IRIS Hospital",07947082234
Lorean Salon & Academy,"1st Floor Above Ram Farsan, Near Big Bazar, Anand Vidyanagar Road, Anand, Anand Vidhyanagar Road, Anand Town, Anand - 388001, Opposite Alpha Restaurant",+(91)-9033688144
New Generation Beauty Care,"19 H. M. Patel Shopping Center, Anand Vidyanagar Road, Vallabh Vidyanagar, Anand - 388120, Behind Rutu Icecream",07947322949
New Style Studio,"101, Santram Square, Amul Dairy Road, Amul Dairy, Anand - 388001, Opposite Essar Petrol Pump",07947077894
Lady Beauty Care & Bridal S..,"1st Floor Time Square, A V Road, Vallabh Vidyanagar, Anand - 388120, Near Shree Satyanarayan Ice Cream",+(91)-9724066995
Naturals Salon,"141 1st Floor Maruti Solaris, Anand Sojitra Road, Anand, Anand - 388121, Opposite Sarvoday Park Near Madhuban Resort",+(91)-9106807935
J & K Signature Unisex Salo..,"FF 104 Radha Swami Sayujya, Near Manish Corner Opposite V.c.patel School A V Road, Vallabh Vidyanagar, Anand - 388120",+(91)-2692-356328
Kinjals Beauty Saloon & Aca..,"B 1, Vrundavan Society, Anand Vidhyanagar Road, Anand Town, Anand - 388001, Opposite Big Bazar, Town Hall",+(91)-9537054713
A One Hair And Beauty Studi..,"G-4, Chirnar Gulnar Complex, A V Road, Vidhyanagar Road, Anand Town, Anand - 388001, Oppposite Big Bazar",+(91)-02692-246899
Prince Mens Salon,"Shop No 4,5, Sujan 2 Complex, Karamsad Road, Vallabh Vidyanagar, Anand - 388120",+(91)-9825768483
VLCC Healthcare Ltd,"218, Sigma Complex, Vidhyanagar Station Road, Vallabh Vidyanagar, Anand - 388120, Opposite Pragati Maidan",+(91)-9898579134
Re-panzel Hair & Beauty Stu..,"Krishna Estate, Station Road, Anand Town, Anand - 388001, Above Saregama Mobile Near Gopal Chokdi",+(91)-2692-259588
B-Smart Unisex Salon,"F-5,6 Radhamohan Complex, Iskon Road, Vallabh Vidyanagar, Anand - 388120",+(91)-7433825559
Hollywood The Family Saloon,"1st Floor, Radha Swami Pawan, Above Real Bake Shop, Bhalej Road, Anand - 388001, Opposite N.S. Patel College",+(91)-6299659063
Drishti Beauty Care,"Jashganga, Railway Station Road, Anand, Anand - 388121, Behind Zankar, Near Rama Residency,Near Kishor Plaza",+(91)-8849969337
Maruti The Family Beauty Sa..,"112, Maruti Sharanam, Anand Vidyanagar Road, Anand Town, Anand - 388001, Opposite Nand Bhumi",+(91)-9825733773
Cre8 Salon,"1St Floor Chitrangana Complex, Anand Vidhyanagar Road, Anand Town, Anand - 388001, Opposite Triveni Complex Above Ram Lela",+(91)-7383841008
Orchid Beauty Salon,"G 2, Shree  Ram Sadan, Anand - 388121, Opposite Shapath Residency",+(91)-8849066033
Gautams Forever Salon And S..,"Shop No F-1, Radhakunj Complex, Iscon Road, Vallabh Vidyanagar, Anand - 388120, Opposite Architect College",+(91)-9426264675
Virgin Beauty Parlour,"1/2 Kalpesh Estate, Station Road, Old Road, Anand Ho, Anand - 388001, Near Laxmi Cinema",+(91)-02692-267823
Metro Unisex Salon & Academ..,"107, Shree Ram Akshar Bhavan Complex, Karamsad Road, Vallabh Vidyanagar, Anand - 388120, Near Iscon Temple",+(91)-9426507572
Silver Eyes,"Laxmi Cinema Char Rasta, Anand Ho, Anand - 388001, Mafatlal Showroom, Krupa Medical Basement",+(91)-2692-266961
Avon Beauty Care,"1, Chandralok Society, Bhalej Road, Town, Anand - 388001, Behind N H Patel College",+(91)-9409272186
Modern Professional Unisex ..,"8, Manish Shopping Center, Anand Vidyanagar Road, Vallabh Vidyanagar, Anand - 388120, Near Vvn",+(91)-7575034865
 Hair Salon,"Home, Av Road Anand, Anand, Anand - 388121, In Call",+(91)-7668318221
New Star Beauty Saloon,"B  2, Jilla Panchyat Shooping Centre, Amul Dairy Road, Old Civil Court Road, Amul Dairy, Anand - 388001, Opposite Patanjali Store",+(91)-7041543191
Pink City Unisex Salon,"11,12 Maruti Sadan Complex, 80 Feet Road, Anand - 388001, Near Siddhi Vinayak Mandir",+(91)-7621071400
Unique Salon,"Shop No B/4, A V Road, Anand Town, Anand - 388001, Opposite Pancham Hall",+(91)-8733031545
The Scissor Mode Family Sal..,"F 1, Vihang Complex, Vallabh Vidyanagar, Anand - 388120, Mota Bazar Circle",+(91)-8238403867
Sparkle Unisex Salon,"105, Imperial Square, Ganesh Crossing, Amul Dairy, Anand - 388001",+(91)-9998823339
VLCC Healthcare Ltd,"218, Sigma Complex, Vidhyanagar Station Road, Vallabh Vidyanagar, Anand - 388120, Opposite Pragati Maidan",+(91)-9898579134
Re-panzel Hair & Beauty Stu..,"Krishna Estate, Station Road, Anand Town, Anand - 388001, Above Saregama Mobile Near Gopal Chokdi",+(91)-2692-259588
B-Smart Unisex Salon,"F-5,6 Radhamohan Complex, Iskon Road, Vallabh Vidyanagar, Anand - 388120",+(91)-7433825559
Hollywood The Family Saloon,"1st Floor, Radha Swami Pawan, Above Real Bake Shop, Bhalej Road, Anand - 388001, Opposite N.S. Patel College",+(91)-6299659063
Drishti Beauty Care,"Jashganga, Railway Station Road, Anand, Anand - 388121, Behind Zankar, Near Rama Residency,Near Kishor Plaza",+(91)-8849969337
Maruti The Family Beauty Sa..,"112, Maruti Sharanam, Anand Vidyanagar Road, Anand Town, Anand - 388001, Opposite Nand Bhumi",+(91)-9825733773
Cre8 Salon,"1St Floor Chitrangana Complex, Anand Vidhyanagar Road, Anand Town, Anand - 388001, Opposite Triveni Complex Above Ram Lela",+(91)-7383841008
Orchid Beauty Salon,"G 2, Shree  Ram Sadan, Anand - 388121, Opposite Shapath Residency",+(91)-8849066033
Gautams Forever Salon And S..,"Shop No F-1, Radhakunj Complex, Iscon Road, Vallabh Vidyanagar, Anand - 388120, Opposite Architect College",+(91)-9426264675
Virgin Beauty Parlour,"1/2 Kalpesh Estate, Station Road, Old Road, Anand Ho, Anand - 388001, Near Laxmi Cinema",+(91)-02692-267823
Metro Unisex Salon & Academ..,"107, Shree Ram Akshar Bhavan Complex, Karamsad Road, Vallabh Vidyanagar, Anand - 388120, Near Iscon Temple",+(91)-9426507572
Silver Eyes,"Laxmi Cinema Char Rasta, Anand Ho, Anand - 388001, Mafatlal Showroom, Krupa Medical Basement",+(91)-2692-266961
Avon Beauty Care,"1, Chandralok Society, Bhalej Road, Town, Anand - 388001, Behind N H Patel College",+(91)-9409272186
Modern Professional Unisex ..,"8, Manish Shopping Center, Anand Vidyanagar Road, Vallabh Vidyanagar, Anand - 388120, Near Vvn",+(91)-7575034865
 Hair Salon,"Home, Av Road Anand, Anand, Anand - 388121, In Call",+(91)-7668318221
New Star Beauty Saloon,"B  2, Jilla Panchyat Shooping Centre, Amul Dairy Road, Old Civil Court Road, Amul Dairy, Anand - 388001, Opposite Patanjali Store",+(91)-7041543191
Pink City Unisex Salon,"11,12 Maruti Sadan Complex, 80 Feet Road, Anand - 388001, Near Siddhi Vinayak Mandir",+(91)-7621071400
Unique Salon,"Shop No B/4, A V Road, Anand Town, Anand - 388001, Opposite Pancham Hall",+(91)-8733031545
The Scissor Mode Family Sal..,"F 1, Vihang Complex, Vallabh Vidyanagar, Anand - 388120, Mota Bazar Circle",+(91)-8238403867
Sparkle Unisex Salon,"105, Imperial Square, Ganesh Crossing, Amul Dairy, Anand - 388001",+(91)-9998823339
Metro Unisex Salon & Academ..,"107, Shree Ram Akshar Bhavan Complex, Karamsad Road, Vallabh Vidyanagar, Anand - 388120, Near Iscon Temple",+(91)-9426507572
Silver Eyes,"Laxmi Cinema Char Rasta, Anand Ho, Anand - 388001, Mafatlal Showroom, Krupa Medical Basement",+(91)-2692-266961
Avon Beauty Care,"1, Chandralok Society, Bhalej Road, Town, Anand - 388001, Behind N H Patel College",+(91)-9409272186
Modern Professional Unisex ..,"8, Manish Shopping Center, Anand Vidyanagar Road, Vallabh Vidyanagar, Anand - 388120, Near Vvn",+(91)-7575034865
 Hair Salon,"Home, Av Road Anand, Anand, Anand - 388121, In Call",+(91)-7668318221
New Star Beauty Saloon,"B  2, Jilla Panchyat Shooping Centre, Amul Dairy Road, Old Civil Court Road, Amul Dairy, Anand - 388001, Opposite Patanjali Store",+(91)-7041543191
Pink City Unisex Salon,"11,12 Maruti Sadan Complex, 80 Feet Road, Anand - 388001, Near Siddhi Vinayak Mandir",+(91)-7621071400
Unique Salon,"Shop No B/4, A V Road, Anand Town, Anand - 388001, Opposite Pancham Hall",+(91)-8733031545
The Scissor Mode Family Sal..,"F 1, Vihang Complex, Vallabh Vidyanagar, Anand - 388120, Mota Bazar Circle",+(91)-8238403867
Sparkle Unisex Salon,"105, Imperial Square, Ganesh Crossing, Amul Dairy, Anand - 388001",+(91)-9998823339
