Shaheen Metals,"132/C Bhagatwadi, Shop No-4, Bhuleshwar, Kalbadevi, Mumbai - 400002, Opp Kabutar Khana",+(91)-22-22428505
Ashirwad Kgn Steel Aluminiu..,"141, Batliwala Mustafa Mansion, Bapu Khote Street, Pydhonie, Mumbai - 400003, Jamli Mohalla, Pydhonie Police Stn",+(91)-022-23471808
Mayur Hospitality,"Bhumi World Industrial Park Bld F-10, Block 18, Pimplas Village, Bhiwandi. Bld F-10, Block 18, Pimpl, Bld F-10 Block 18 Pimplas Village, Bhiwandi., Pimplas, Thane - 421311, Opp TATA Amantra, Mumbai-Nashik Highway.",+(91)-9769567959
A Babulal & Co,"Plot No 211, 2nd Floor, Rolex Building, B P Cross Road, Bhayandar East, Thane - 401105, Near Bhaji Market",+(91)-22-28905563
Jalaram Exim Pvt Ltd,"Gala No 32 Blue Rose Industrial Estate, Western Express Highway, Borivali East, Mumbai - 400066, Near Metro Cash and Carry",+(91)-22-28549962
Aristo Stainless Steel,"175 Kandori Nagar Co Operative Housing Society, Panjrapole Road, Charni Road, Mumbai - 400004, Opposite Sarvodaya Nagar Near CP Tank Circle",+(91)-22-33937234
Mayur Metal Works,"171/35,Kandori Building,, Opposite Sarvodaya Nagar Society, Cawasji Patel Tank, Mumbai - 400004, Panjarapole Road",+(91)-9769567959
Suvidha Kitchenware,"Plot 69. Sector 1, Vasai Taluka Industrial Estate, Gaurai Pada, Vasai East, Palghar - 401208, Gauraipada",+(91)-9082342031
HUMBLE KART,"335, Godaun,, Patel Faliya, Surat - 395010, Punagam",07947266955
Variant Enterprise,"J. K. IND. ZONE,, DIST. KOTDA SANGANI,, Shapar, Rajkot - 360024, PIPLANA",08045793360
Gokul INDIA Exim,"Gokul India Exim, 10/12 Corner . Samrat Industrial Area, Samrat Industrial Area, Rajkot - 360004, Gondal Road",07947270247
K P Enterprise,"2nd Floor, Galaxy Plaza,, Sanala Road, Umiya Circle,, Wankaner - 363621",07947176994
Ankur Industries,"G 1105/6,Lodhika GIDC, Metoda Gidc, Rajkot - 360021, Near Gokul Namkin",07947167280
Overt Impex,"Plot No - 39,, Sardar Industrial Area,, Kotharia, Rajkot - 360022, Near Sardar Patrawala, Kotharia Solvant",07947444503
Hindustan Kitchenware,"Umakant Udhyagnagar Street No-5,, Mavdi Plot, Rajkot - 360004, Near Ashok Garden,",07947316993
Actionware INDIA Pvt Ltd,"711/712/713 - RK PRIME, 150 Ring Road, 150 Feet Ring Road, Rajkot - 360005, Nana Mava Circle Near Silver Height,",07947080063
Prexo Industries,"Plot No. 14, Survey No.58 /1/1, Near Railway Station,, Ribda, Gondal - 360311, Opposite Akta Way Bridge",07947445649
Sunrise Industries,"Gokul Nagar -4 ,150 Feet Ring Road Sunrise Industries :360005, 150 Feet Ring Road, Rajkot - 360005, Behind Gokuldham",07947462815
Charmy Products,"Balaji Ind Estate, Near Murlidhar Weigh Bridger, Manda Dungar Main Road, Aji Industrial Estate, Rajkot - 360003, Near Aji Dam Chowkdi",+(91)-9328694574
Apex Homeneeds Pvt Ltd,"G 1875, Road No K-3, Kishan Gate Road, GIDC Lodhika,, Metoda GIDC, Rajkot - 360021, Near Shree Ram Hospital,",07947258238
Lakkad Industries,"B/40-41,Sumel Business Park -7, National Highway No -8, Rakhial, Ahmedabad - 380023, Soni Ni Chali Corss Road",07947436726
The One Kitchen Equipment,"Radhe Shyam Complex-1,, 150 Feet Ring Road, Rajkot - 360005, Near Om Nagar Chowk",07947238361
SAI Shraddha Hospitality,"Door No 1/1017, Sathy Road, Ganapathy, Coimbatore - 641006, Lakshmipuram",+(91)-0422-2524447
J.K. EXIM,"Gata No-110, Moja Mustafabad, Rampur Road, Moradabad City, Moradabad - 244001, Near Prem Wonderland, Next to Gurukul Institute",07947205336
Chamunda Industries,"Kevdawadi Street No. 11, Kevdawadi, Rajkot - 360002, Near Sorathiya Wadi Chowk 12 Kevda Wadi Corner",07947258216
Able Kitchenware,"Harbhole Industrial Area, Near Sardar Patra, Kotharia, Rajkot - 360022, Near Kothariya Solvant Phatak",+(91)-9537133010
Plazma Energy,"Shop No. 110, Rameswar Chamber, First Floor, Mangla Road, Rajkot - 360002, Near 4 Manhar Ploat",+(91)-281-6560545
Aarsh Industries,"Gokul Nagar 2/3, Behind  Nirav Complex ,Above Pramukh Manufacture, Gokul Nagar, Rajkot - 360002, Gokul Nagar  Main Road",+(91)-9428156336
Ankur Industries,"G 1105/6 , Lodhika Gidc, Metoda GIDC, Rajkot - 360021, Near Gokul Namkin",+(91)-2827-287252
Heerva Manufacture,"Plot No 20 Om Udhyog Nagar Kothariya Ring Road, Near Saibaba Circle, Kotharia Main Road, Rajkot - 360002",+(91)-9953153059
Balaji Kitchen Appliances,"Survey No.26, Plot No 6, Opp Tirupati Metal Cast, Kotharia Main Road, Rajkot - 360001, Lothda",+(91)-8320661032
Shree Mahaveer Steel Furnit..,"Makronia Chauraha Narsinghpur Road, Makronia, Sagar - 470004, Near By Hanuman Mandir",07947340590
Pigeon Industries Pvt Ltd,"No 1, Raja Annamalai Road, Purasawalkam, Chennai - 600084",08045773617
Goel Hotelware,"Shop No - 4, Loha Mandi, Sansar Chand Road, Jaipur - 302001, Near Hotel Siddharth",07947065547
Himmat Sales Corporation,"Shop No- 3594,Bhairav Market, S N Middle School Street,5th Crossing,Nahargarh Road, Chandpole Bazar, Jaipur - 302001",+(91)-9829485286
Mariam Industries,"No9, Pereira  Street Sowcarpet, Park Town, Chennai - 600003, Hotel Sornam International",+(91)-44-23465534
Durga Rao Carpenter Wood Wo..,"Gandhi Nagar, Kakinada - 533004, Near Subbayya Gari Hotel",07947469062
Griha,"153, Rathore Nagar, Amrapali Marg, Vaishali Nagar, Jaipur - 302021",+(91)-141-2356500
Ponn Cook,"26/1, North Mount Oad, Tirunelveli Bazaar, Tirunelveli - 627006, Nainarkulam Road",07947267135
Zunairah International,"Lalnagri Sirsyyed Nagar, Sambhal Road, Moradabad HO, Moradabad - 244001, Near MNS School",+(91)-7500404444
Azzain Handicrafts,"Thatera Street, Mandi Chawk, Moradabad HO, Moradabad - 244001",+(91)-9759741443
G N Cool System,"Shop Number 13 Outside Chatiwind Gate, Vishkarma Nagar, Amritsar GPO, Amritsar - 143001, Near Baba Shahid Singh Gurudwara",07947248631
Stec Hotelwares,"Gala No 1, Hakoba Compound, 77, Dattaram Lad Marg, Kala Chowki, Mumbai - 400033, Bombay Cotton Mills Estate",+(91)-22-23709142
Blue Flame Indane Service,"Plot No 3, Kopar Khairane, Navi Mumbai - 400709, Near Bpcl Petrol Pump, Sector 13",+(91)-022-27548919
Vsilover Hotel Wares,"Old Gala.N.1,Parekh Nagar Indst. Estate, Kandivali West, Mumbai - 400067, Opp.Hotel Prakash",07947201390
Dhanraj Steel Emporium,"Shop No 3, Akhil Bharat Bhuwan, Tardeo Road, Tardeo, Mumbai - 400034, Near Belasis Bridge",+(91)-022-23819927
Sana Enterprises,"Shop No. 143, Chakla Street, Masjid Bunder, Mumbai - 400003, Near Masjid Bunder",07947228487
Enrich Plastic,"260,Nagdevi, Nagdevi Street, Masjid Bunder, Mumbai - 400003, Opposite Crawford Market",+(91)-022-49739742
Anand Steel Centre,"Shop No 10, Bhagawan Bhuvan, M V Road, Andheri East, Mumbai - 400069, Opposite Police Station",+(91)-022-28203832
Jalaram Traders,"32, Blue Rose Indl Estate, W E Highway, Borivali East, Mumbai - 400066, Nr Jaya Petrol Pump",+(91)-22-65222080
Mugatlal & Brothers,"51/ A, Rajbaug Estate, Pydhonie, Mumbai - 400003, Next to IDBI Bank and Vijay Vallabh Chowk",+(91)-22-23443496
Picasso Home Products,"Shop No. 15, First Floor, Parekh Mansion, Aarey Road, Goregaon West, Mumbai - 400062, Opposite Bank Of Maharashtra",+(91)-022-28720182
Bhalaria Metal Craft Pvt Lt..,"K1/2, Plot J, Todi Industrial Estate, Radha Swami Road, Bhayandar West, Thane - 401101, Near Narayana School",+(91)-022-28140913
Harsh Enterprises,"No M 2/A, Shree Raj Laxmi Hitech Textile Park, Sonale Village, Bhiwandi, Bhiwandi - 421302, Near HP Petrol Pump",+(91)-9322675554
Comet Kitchen Company,"Biulding No. B5, Shramjeevan Co Operative Society, Limited, Unit No. 8 & 9, Wadala Truck Terminal C., Sion, Wadala Truck Terminal, Mumbai - 400037",+(91)-22-24018111
Bergner Impex India Pvt Ltd..,"No 9, Italian Compound, Goregaon Mulund Link Road, Goregaon East, Mumbai - 400063, Itt Bhatti",+(91)-022-28712473
Vinod Stainless Pvt Ltd (Co..,"305, B Wing, 3rd Floor, Prathmesh Tower, Senapati Bapat Marg, Lower Parel, Mumbai - 400013, Raghuvenshi Mill Compound",+(91)-22-24986871
Anjali Kitchen WARE,"Road No 1 ,Anjali House ,Liberty Garden, Malad West, Mumbai - 400064, Opp Bank Of Maharashtra",+(91)-022-28807711
Kishco Cutlery Ltd,"D-118, 2nd Floor, Excel House, Govt Indl Est, Kandivali West, Mumbai - 400067, Charkop",+(91)-22-28683739
Shree Vallabh Metals,"Gala No 8, Shree Ganesh Industrial Estate, H P Gas Godown Lane, Bhayandar East, Thane - 401105",+(91)-022-28150304
Anjali Kitchenware Pvt Ltd,"169, 170, Bombay Talkies Compound, Malad West, Mumbai - 400064",+(91)-022-28807711
Vanshika Steel,"A Wing, 1st Floor, Shop No 106, Riddhi Siddhi Industrial Estate, Golani Naka Road, Vasai East, Palghar - 401208, Opposite Fiza Hotel",+(91)-9833553708
Arihant Plast,"K/57 Sonal Heavy Industrial Estate, Kachpada, Malad West, Mumbai - 400064",+(91)-22-32562118
Nirlon Kitchenware Private ..,"Plot No 32/33/34, Dewan & Sons Udyog Nagar, Palghar, Palghar - 401404, Bidco",07947190391
Kiran Enterprises,"Shop No 10/11, Andheri Municiple Market, S V Road, Andheri West, Mumbai - 400058, Near Bhatia Classes",+(91)-9699882821
Pilot Exports,"Plot No 157, Deshlahra House, Aarey Road, Goregaon West, Mumbai - 400062, Opposite Ambe Mata Mandir",+(91)-22-28759974
Bhawani Kitchenware Pvt. Lt..,"B-2, Hatkesh Udyog Nagar, Bhd 1st Choice Car Showroom Mira Bhayandar Road, Mira Road East, Thane- 40, Mira Road, Thane - 401107",+(91)-22-28104006
ThinKitchen By Seeba Lifest..,"101-104, Sheetal Enclave, Near Vibgyor School,Mind Space, Malad West, Mumbai - 400064",+(91)-22-29274949
Arvind Stores,"Shop No. 3 Matruchhaya Building, M. G. Road, Mulund West, Mumbai - 400080, Opposite Monginis The Cake Shop",+(91)-022-25677557
Come & Buy,"Shop No. 17 Goregaonkar Wadi, H G Road, Gamdevi, Mumbai - 400007, Near Kennedy Bridge",+(91)-22-23611199
Ramson Industries,"111 D, Government Industrial Estate, Kandivali West, Mumbai - 400067, Charkop",+(91)-22-28682378
Paar Kitchen Solutions Pvt ..,"Plot Number 7 Khokhani Industrial Estate, Sativali, Palghar - 401208, Opposite Gaodevi Talao, Near Vasai Flour Mill",+(91)-9821110363
Navkar Steel,"42, Kansara Chawl, Kalbadevi Road, Kalbadevi, Mumbai - 400002, Opposite Jankalyan Bank",+(91)-22-22427433
J.R. Rathod,"Shop No- 107 Chitale Vihar, Bhavani Shankar Road, Dadar West, Mumbai - 400028, Near Central Bank Of India",+(91)-022-24226159
Crockery Corner,"Shop No 15 & 16, Mira Mansion, Plot No. 29-B, Sion Circle Main Road, Sion, Mumbai - 400022, Opposite Punjab National Bank",+(91)-022-24091888
Millenium Exports,"B/1, Sangita Building, S V Road, Borivali West, Mumbai - 400092",+(91)-22-28058231
H K Industries,"14, 15, 16, Swastik Indl Est,  M-98, Vidyanagri Marg,, Kalina, Mumbai - 400098",+(91)-22-26526686
Lallubhai Amichand Ltd,"225/27 Dun Apartment, J Dadaji Road, Grant Road, Mumbai - 400007, Opposite Gamadia Colony, Near Bhatia Hospital, Tardeo",+(91)-22-23623389
Sagar Exports,"14 Piramal Industrial Estate, Goregaon West, Mumbai - 400062, Piramal Nagar, Off S V Road, Near Nana Nani Park",+(91)-22-28782681
Maxell Plast INDIA,"50/A, Laxmi Niwas, 2nd Panjarapole Lane, Cawasji Patel Tank, Mumbai - 400004, Near Madhav Baug, Sarvodaya Nagar",+(91)-22-22422442
Hindustan Kitchenwares,"Shop No 15, Jhaveri Building, 183/185, Bhuleshwar Road, Charni Road, Mumbai - 400004, Near Kumbhar Tukda",+(91)-22-22070777
Jewel Impex Pvt Ltd,"S/22, Arun Chambers, Tardeo, Mumbai - 400034, Near A C Market",+(91)-22-23526090
Reliance Plast,"101 Nirman Industrial Estate 1st Floor Oilmill Compound, Vasai East, Palghar - 401208, Near Blue Chip Estate",+(91)-250-2451139
Perfect Houseware PVT LTD,"M M Silk Mill Compound, Sonawala Cross Road No 2, Goregaon East, Mumbai - 400063, Opp Mk Industries",+(91)-22-26858788
Rivon Plastic Pvt Ltd,"319, Neo Corporate Plaza, Ramchandra Lane Extention, Malad West, Mumbai - 400064, Near Kachpada",+(91)-22-66963354
Crystal International,"Building No 2, Sanjay Mittal Estate, Unit No 2, Sir M Vasanji Road, Andheri East, Mumbai - 400059, Near International Airport",+(91)-22-28527375
Tirupati Kitchen Equipment,"Gala No. 9, Western Express Highway, Dahisar, Mumbai - 400068, Near Nitin Industrial Estate",+(91)-8652537737
Asian Industries,"C/O Neelima Enterprises, National Highway No.8,Vasai-Fata, Vasai East, Palghar - 401208, Opp Sayali Petrol Pump,Pelhar",+(91)-250-2450965
King Metal Works,"Plot No 7, Khokhani Industrial Estate, Vasai East, Palghar - 401208, Near Sai Baba Mandir, Sativali",+(91)-22-2480204
Supreme Industries,"10/11, Blue Chip 4, Sativali Road, Vasai East, Palghar - 401208, Waliv Phata",+(91)-22-3465167
Mahek Housewares Pvt Ltd,"Plot 12, Palghar - 401404, Near Palghar Court, Village  Aliyali",+(91)-2525-251972
Adarsh Aluminium Centre,"113, Ismail Curtey Road Mohd Ali Rd, Pydhonie, Mumbai - 400003, Near Jammali Mohalla",+(91)-22-22438110
Rena Kutz Kitchenwares Pvt ..,"111/C, Government Industrial Estate, Charkop, Mumbai - 400067",+(91)-22-28684560
Neha Industries,"66/1, Mantri House, Jakeria Road, Malad West, Mumbai - 400064, Somwar Bazar, Near Hanuman Temple",+(91)-22-28887342
Priyanka Steel,"Navghar Road, Bhayandar East, Thane - 401105, Near Gopimahal Hotel, D/4 Bhaidaya Nagar",+(91)-022-39317346
Reliable Corporation,"Survey No 285,, Mahim Road, Alyali,, Palghar, Palghar - 401404, Near Hi-Tech Industrial Estate",+(91)-22-323991
Sanjay Stainless Steel Work..,"G-66, Sarvodaya Nagar, 01st, Panjarapore Lane, Cawasji Patel Tank, Mumbai - 400004, Near Madhavbaug Post Office",+(91)-22-22425089
Komal Trading Corporation,"B12 Vaishali Industrial Estate No 2, Balkrishna Tawade Road Mhatre Wadi, Dahisar, Mumbai - 400068, Opp Dahisar Railway Station",+(91)-22-28926711
Shubham International,"5/10 Grants Bldg 2nd Flr, Arthur Bunder Rd, Colaba, Mumbai - 400005, Opp Basilico Restaurant Nr Radio Club",+(91)-022-32905944
General Traders,"105, Marol Coop Industrial Estate, M V Road, Marol Pipeline-andheri East, Mumbai - 400059",+(91)-22-28509400
Gokul INDIA Exim,"Gokul India Exim, 10/12 Corner . Samrat Industrial Area, Samrat Industrial Area, Rajkot - 360004, Gondal Road",07947270247
K P Enterprise,"2nd Floor, Galaxy Plaza,, Sanala Road, Umiya Circle,, Wankaner - 363621",07947176994
Ankur Industries,"G 1105/6,Lodhika GIDC, Metoda Gidc, Rajkot - 360021, Near Gokul Namkin",07947167280
Overt Impex,"Plot No - 39,, Sardar Industrial Area,, Kotharia, Rajkot - 360022, Near Sardar Patrawala, Kotharia Solvant",07947444503
Hindustan Kitchenware,"Umakant Udhyagnagar Street No-5,, Mavdi Plot, Rajkot - 360004, Near Ashok Garden,",07947316993
Actionware INDIA Pvt Ltd,"711/712/713 - RK PRIME, 150 Ring Road, 150 Feet Ring Road, Rajkot - 360005, Nana Mava Circle Near Silver Height,",07947080063
Prexo Industries,"Plot No. 14, Survey No.58 /1/1, Near Railway Station,, Ribda, Gondal - 360311, Opposite Akta Way Bridge",07947445649
Sunrise Industries,"Gokul Nagar -4 ,150 Feet Ring Road Sunrise Industries :360005, 150 Feet Ring Road, Rajkot - 360005, Behind Gokuldham",07947462815
Charmy Products,"Balaji Ind Estate, Near Murlidhar Weigh Bridger, Manda Dungar Main Road, Aji Industrial Estate, Rajkot - 360003, Near Aji Dam Chowkdi",+(91)-9328694574
Apex Homeneeds Pvt Ltd,"G 1875, Road No K-3, Kishan Gate Road, GIDC Lodhika,, Metoda GIDC, Rajkot - 360021, Near Shree Ram Hospital,",07947258238
Lakkad Industries,"B/40-41,Sumel Business Park -7, National Highway No -8, Rakhial, Ahmedabad - 380023, Soni Ni Chali Corss Road",07947436726
The One Kitchen Equipment,"Radhe Shyam Complex-1,, 150 Feet Ring Road, Rajkot - 360005, Near Om Nagar Chowk",07947238361
SAI Shraddha Hospitality,"Door No 1/1017, Sathy Road, Ganapathy, Coimbatore - 641006, Lakshmipuram",+(91)-0422-2524447
J.K. EXIM,"Gata No-110, Moja Mustafabad, Rampur Road, Moradabad City, Moradabad - 244001, Near Prem Wonderland, Next to Gurukul Institute",07947205336
Chamunda Industries,"Kevdawadi Street No. 11, Kevdawadi, Rajkot - 360002, Near Sorathiya Wadi Chowk 12 Kevda Wadi Corner",07947258216
Able Kitchenware,"Harbhole Industrial Area, Near Sardar Patra, Kotharia, Rajkot - 360022, Near Kothariya Solvant Phatak",+(91)-9537133010
Heerva Manufacture,"Plot No 20 Om Udhyog Nagar Kothariya Ring Road, Near Saibaba Circle, Kotharia Main Road, Rajkot - 360002",+(91)-9953153059
Plazma Energy,"Shop No. 110, Rameswar Chamber, First Floor, Mangla Road, Rajkot - 360002, Near 4 Manhar Ploat",+(91)-281-6560545
Aarsh Industries,"Gokul Nagar 2/3, Behind  Nirav Complex ,Above Pramukh Manufacture, Gokul Nagar, Rajkot - 360002, Gokul Nagar  Main Road",+(91)-9428156336
Balaji Kitchen Appliances,"Survey No.26, Plot No 6, Opp Tirupati Metal Cast, Kotharia Main Road, Rajkot - 360001, Lothda",+(91)-8320661032
Ankur Industries,"G 1105/6 , Lodhika Gidc, Metoda GIDC, Rajkot - 360021, Near Gokul Namkin",+(91)-2827-287252
Shree Mahaveer Steel Furnit..,"Makronia Chauraha Narsinghpur Road, Makronia, Sagar - 470004, Near By Hanuman Mandir",07947340590
Pigeon Industries Pvt Ltd,"No 1, Raja Annamalai Road, Purasawalkam, Chennai - 600084",08045773617
Himmat Sales Corporation,"Shop No- 3594,Bhairav Market, S N Middle School Street,5th Crossing,Nahargarh Road, Chandpole Bazar, Jaipur - 302001",+(91)-9829485286
Goel Hotelware,"Shop No - 4, Loha Mandi, Sansar Chand Road, Jaipur - 302001, Near Hotel Siddharth",07947065547
Durga Rao Carpenter Wood Wo..,"Gandhi Nagar, Kakinada - 533004, Near Subbayya Gari Hotel",07947469062
Mariam Industries,"No9, Pereira  Street Sowcarpet, Park Town, Chennai - 600003, Hotel Sornam International",+(91)-44-23465534
Griha,"153, Rathore Nagar, Amrapali Marg, Vaishali Nagar, Jaipur - 302021",+(91)-141-2356500
Ponn Cook,"26/1, North Mount Oad, Tirunelveli Bazaar, Tirunelveli - 627006, Nainarkulam Road",07947267135
Zunairah International,"Lalnagri Sirsyyed Nagar, Sambhal Road, Moradabad HO, Moradabad - 244001, Near MNS School",+(91)-7500404444
Azzain Handicrafts,"Thatera Street, Mandi Chawk, Moradabad HO, Moradabad - 244001",+(91)-9759741443
G N Cool System,"Shop Number 13 Outside Chatiwind Gate, Vishkarma Nagar, Amritsar GPO, Amritsar - 143001, Near Baba Shahid Singh Gurudwara",07947248631
Stec Hotelwares,"Gala No 1, Hakoba Compound, 77, Dattaram Lad Marg, Kala Chowki, Mumbai - 400033, Bombay Cotton Mills Estate",+(91)-22-23709142
Blue Flame Indane Service,"Plot No 3, Kopar Khairane, Navi Mumbai - 400709, Near Bpcl Petrol Pump, Sector 13",+(91)-022-27548919
Vsilover Hotel Wares,"Old Gala.N.1,Parekh Nagar Indst. Estate, Kandivali West, Mumbai - 400067, Opp.Hotel Prakash",07947201390
Dhanraj Steel Emporium,"Shop No 3, Akhil Bharat Bhuwan, Tardeo Road, Tardeo, Mumbai - 400034, Near Belasis Bridge",+(91)-022-23819927
Sana Enterprises,"Shop No. 143, Chakla Street, Masjid Bunder, Mumbai - 400003, Near Masjid Bunder",07947228487
Enrich Plastic,"260,Nagdevi, Nagdevi Street, Masjid Bunder, Mumbai - 400003, Opposite Crawford Market",+(91)-022-49739742
Anand Steel Centre,"Shop No 10, Bhagawan Bhuvan, M V Road, Andheri East, Mumbai - 400069, Opposite Police Station",+(91)-022-28203832
Jalaram Traders,"32, Blue Rose Indl Estate, W E Highway, Borivali East, Mumbai - 400066, Nr Jaya Petrol Pump",+(91)-22-65222080
Mugatlal & Brothers,"51/ A, Rajbaug Estate, Pydhonie, Mumbai - 400003, Next to IDBI Bank and Vijay Vallabh Chowk",+(91)-22-23443496
Picasso Home Products,"Shop No. 15, First Floor, Parekh Mansion, Aarey Road, Goregaon West, Mumbai - 400062, Opposite Bank Of Maharashtra",+(91)-022-28720182
Bhalaria Metal Craft Pvt Lt..,"K1/2, Plot J, Todi Industrial Estate, Radha Swami Road, Bhayandar West, Thane - 401101, Near Narayana School",+(91)-022-28140913
Harsh Enterprises,"No M 2/A, Shree Raj Laxmi Hitech Textile Park, Sonale Village, Bhiwandi, Bhiwandi - 421302, Near HP Petrol Pump",+(91)-9322675554
Comet Kitchen Company,"Biulding No. B5, Shramjeevan Co Operative Society, Limited, Unit No. 8 & 9, Wadala Truck Terminal C., Sion, Wadala Truck Terminal, Mumbai - 400037",+(91)-22-24018111
Bergner Impex India Pvt Ltd..,"No 9, Italian Compound, Goregaon Mulund Link Road, Goregaon East, Mumbai - 400063, Itt Bhatti",+(91)-022-28712473
Vinod Stainless Pvt Ltd (Co..,"305, B Wing, 3rd Floor, Prathmesh Tower, Senapati Bapat Marg, Lower Parel, Mumbai - 400013, Raghuvenshi Mill Compound",+(91)-22-24986871
Anjali Kitchen WARE,"Road No 1 ,Anjali House ,Liberty Garden, Malad West, Mumbai - 400064, Opp Bank Of Maharashtra",+(91)-022-28807711
Kishco Cutlery Ltd,"D-118, 2nd Floor, Excel House, Govt Indl Est, Kandivali West, Mumbai - 400067, Charkop",+(91)-22-28683739
Shree Vallabh Metals,"Gala No 8, Shree Ganesh Industrial Estate, H P Gas Godown Lane, Bhayandar East, Thane - 401105",+(91)-022-28150304
Anjali Kitchenware Pvt Ltd,"169, 170, Bombay Talkies Compound, Malad West, Mumbai - 400064",+(91)-022-28807711
Vanshika Steel,"A Wing, 1st Floor, Shop No 106, Riddhi Siddhi Industrial Estate, Golani Naka Road, Vasai East, Palghar - 401208, Opposite Fiza Hotel",+(91)-9833553708
Arihant Plast,"K/57 Sonal Heavy Industrial Estate, Kachpada, Malad West, Mumbai - 400064",+(91)-22-32562118
Nirlon Kitchenware Private ..,"Plot No 32/33/34, Dewan & Sons Udyog Nagar, Palghar, Palghar - 401404, Bidco",07947190391
Kiran Enterprises,"Shop No 10/11, Andheri Municiple Market, S V Road, Andheri West, Mumbai - 400058, Near Bhatia Classes",+(91)-9699882821
Pilot Exports,"Plot No 157, Deshlahra House, Aarey Road, Goregaon West, Mumbai - 400062, Opposite Ambe Mata Mandir",+(91)-22-28759974
Bhawani Kitchenware Pvt. Lt..,"B-2, Hatkesh Udyog Nagar, Bhd 1st Choice Car Showroom Mira Bhayandar Road, Mira Road East, Thane- 40, Mira Road, Thane - 401107",+(91)-22-28104006
ThinKitchen By Seeba Lifest..,"101-104, Sheetal Enclave, Near Vibgyor School,Mind Space, Malad West, Mumbai - 400064",+(91)-22-29274949
Arvind Stores,"Shop No. 3 Matruchhaya Building, M. G. Road, Mulund West, Mumbai - 400080, Opposite Monginis The Cake Shop",+(91)-022-25677557
Come & Buy,"Shop No. 17 Goregaonkar Wadi, H G Road, Gamdevi, Mumbai - 400007, Near Kennedy Bridge",+(91)-22-23611199
Ramson Industries,"111 D, Government Industrial Estate, Kandivali West, Mumbai - 400067, Charkop",+(91)-22-28682378
Paar Kitchen Solutions Pvt ..,"Plot Number 7 Khokhani Industrial Estate, Sativali, Palghar - 401208, Opposite Gaodevi Talao, Near Vasai Flour Mill",+(91)-9821110363
Navkar Steel,"42, Kansara Chawl, Kalbadevi Road, Kalbadevi, Mumbai - 400002, Opposite Jankalyan Bank",+(91)-22-22427433
J.R. Rathod,"Shop No- 107 Chitale Vihar, Bhavani Shankar Road, Dadar West, Mumbai - 400028, Near Central Bank Of India",+(91)-022-24226159
Crockery Corner,"Shop No 15 & 16, Mira Mansion, Plot No. 29-B, Sion Circle Main Road, Sion, Mumbai - 400022, Opposite Punjab National Bank",+(91)-022-24091888
Millenium Exports,"B/1, Sangita Building, S V Road, Borivali West, Mumbai - 400092",+(91)-22-28058231
H K Industries,"14, 15, 16, Swastik Indl Est,  M-98, Vidyanagri Marg,, Kalina, Mumbai - 400098",+(91)-22-26526686
Lallubhai Amichand Ltd,"225/27 Dun Apartment, J Dadaji Road, Grant Road, Mumbai - 400007, Opposite Gamadia Colony, Near Bhatia Hospital, Tardeo",+(91)-22-23623389
Sagar Exports,"14 Piramal Industrial Estate, Goregaon West, Mumbai - 400062, Piramal Nagar, Off S V Road, Near Nana Nani Park",+(91)-22-28782681
Maxell Plast INDIA,"50/A, Laxmi Niwas, 2nd Panjarapole Lane, Cawasji Patel Tank, Mumbai - 400004, Near Madhav Baug, Sarvodaya Nagar",+(91)-22-22422442
Hindustan Kitchenwares,"Shop No 15, Jhaveri Building, 183/185, Bhuleshwar Road, Charni Road, Mumbai - 400004, Near Kumbhar Tukda",+(91)-22-22070777
Jewel Impex Pvt Ltd,"S/22, Arun Chambers, Tardeo, Mumbai - 400034, Near A C Market",+(91)-22-23526090
Reliance Plast,"101 Nirman Industrial Estate 1st Floor Oilmill Compound, Vasai East, Palghar - 401208, Near Blue Chip Estate",+(91)-250-2451139
Perfect Houseware PVT LTD,"M M Silk Mill Compound, Sonawala Cross Road No 2, Goregaon East, Mumbai - 400063, Opp Mk Industries",+(91)-22-26858788
Rivon Plastic Pvt Ltd,"319, Neo Corporate Plaza, Ramchandra Lane Extention, Malad West, Mumbai - 400064, Near Kachpada",+(91)-22-66963354
Crystal International,"Building No 2, Sanjay Mittal Estate, Unit No 2, Sir M Vasanji Road, Andheri East, Mumbai - 400059, Near International Airport",+(91)-22-28527375
Tirupati Kitchen Equipment,"Gala No. 9, Western Express Highway, Dahisar, Mumbai - 400068, Near Nitin Industrial Estate",+(91)-8652537737
Asian Industries,"C/O Neelima Enterprises, National Highway No.8,Vasai-Fata, Vasai East, Palghar - 401208, Opp Sayali Petrol Pump,Pelhar",+(91)-250-2450965
King Metal Works,"Plot No 7, Khokhani Industrial Estate, Vasai East, Palghar - 401208, Near Sai Baba Mandir, Sativali",+(91)-22-2480204
Supreme Industries,"10/11, Blue Chip 4, Sativali Road, Vasai East, Palghar - 401208, Waliv Phata",+(91)-22-3465167
Mahek Housewares Pvt Ltd,"Plot 12, Palghar - 401404, Near Palghar Court, Village  Aliyali",+(91)-2525-251972
Adarsh Aluminium Centre,"113, Ismail Curtey Road Mohd Ali Rd, Pydhonie, Mumbai - 400003, Near Jammali Mohalla",+(91)-22-22438110
Rena Kutz Kitchenwares Pvt ..,"111/C, Government Industrial Estate, Charkop, Mumbai - 400067",+(91)-22-28684560
Neha Industries,"66/1, Mantri House, Jakeria Road, Malad West, Mumbai - 400064, Somwar Bazar, Near Hanuman Temple",+(91)-22-28887342
Priyanka Steel,"Navghar Road, Bhayandar East, Thane - 401105, Near Gopimahal Hotel, D/4 Bhaidaya Nagar",+(91)-022-39317346
Reliable Corporation,"Survey No 285,, Mahim Road, Alyali,, Palghar, Palghar - 401404, Near Hi-Tech Industrial Estate",+(91)-22-323991
Sanjay Stainless Steel Work..,"G-66, Sarvodaya Nagar, 01st, Panjarapore Lane, Cawasji Patel Tank, Mumbai - 400004, Near Madhavbaug Post Office",+(91)-22-22425089
Komal Trading Corporation,"B12 Vaishali Industrial Estate No 2, Balkrishna Tawade Road Mhatre Wadi, Dahisar, Mumbai - 400068, Opp Dahisar Railway Station",+(91)-22-28926711
Shubham International,"5/10 Grants Bldg 2nd Flr, Arthur Bunder Rd, Colaba, Mumbai - 400005, Opp Basilico Restaurant Nr Radio Club",+(91)-022-32905944
General Traders,"105, Marol Coop Industrial Estate, M V Road, Marol Pipeline-andheri East, Mumbai - 400059",+(91)-22-28509400
Lakkad Industries,"B/40-41,Sumel Business Park -7, National Highway No -8, Rakhial, Ahmedabad - 380023, Soni Ni Chali Corss Road",07947436726
The One Kitchen Equipment,"Radhe Shyam Complex-1,, 150 Feet Ring Road, Rajkot - 360005, Near Om Nagar Chowk",07947238361
SAI Shraddha Hospitality,"Door No 1/1017, Sathy Road, Ganapathy, Coimbatore - 641006, Lakshmipuram",+(91)-0422-2524447
J.K. EXIM,"Gata No-110, Moja Mustafabad, Rampur Road, Moradabad City, Moradabad - 244001, Near Prem Wonderland, Next to Gurukul Institute",07947205336
Chamunda Industries,"Kevdawadi Street No. 11, Kevdawadi, Rajkot - 360002, Near Sorathiya Wadi Chowk 12 Kevda Wadi Corner",07947258216
Able Kitchenware,"Harbhole Industrial Area, Near Sardar Patra, Kotharia, Rajkot - 360022, Near Kothariya Solvant Phatak",+(91)-9537133010
Plazma Energy,"Shop No. 110, Rameswar Chamber, First Floor, Mangla Road, Rajkot - 360002, Near 4 Manhar Ploat",+(91)-281-6560545
Heerva Manufacture,"Plot No 20 Om Udhyog Nagar Kothariya Ring Road, Near Saibaba Circle, Kotharia Main Road, Rajkot - 360002",+(91)-9953153059
Ankur Industries,"G 1105/6 , Lodhika Gidc, Metoda GIDC, Rajkot - 360021, Near Gokul Namkin",+(91)-2827-287252
Balaji Kitchen Appliances,"Survey No.26, Plot No 6, Opp Tirupati Metal Cast, Kotharia Main Road, Rajkot - 360001, Lothda",+(91)-8320661032
Aarsh Industries,"Gokul Nagar 2/3, Behind  Nirav Complex ,Above Pramukh Manufacture, Gokul Nagar, Rajkot - 360002, Gokul Nagar  Main Road",+(91)-9428156336
Shree Mahaveer Steel Furnit..,"Makronia Chauraha Narsinghpur Road, Makronia, Sagar - 470004, Near By Hanuman Mandir",07947340590
Pigeon Industries Pvt Ltd,"No 1, Raja Annamalai Road, Purasawalkam, Chennai - 600084",08045773617
Goel Hotelware,"Shop No - 4, Loha Mandi, Sansar Chand Road, Jaipur - 302001, Near Hotel Siddharth",07947065547
Himmat Sales Corporation,"Shop No- 3594,Bhairav Market, S N Middle School Street,5th Crossing,Nahargarh Road, Chandpole Bazar, Jaipur - 302001",+(91)-9829485286
Mariam Industries,"No9, Pereira  Street Sowcarpet, Park Town, Chennai - 600003, Hotel Sornam International",+(91)-44-23465534
Griha,"153, Rathore Nagar, Amrapali Marg, Vaishali Nagar, Jaipur - 302021",+(91)-141-2356500
Durga Rao Carpenter Wood Wo..,"Gandhi Nagar, Kakinada - 533004, Near Subbayya Gari Hotel",07947469062
Ponn Cook,"26/1, North Mount Oad, Tirunelveli Bazaar, Tirunelveli - 627006, Nainarkulam Road",07947267135
Zunairah International,"Lalnagri Sirsyyed Nagar, Sambhal Road, Moradabad HO, Moradabad - 244001, Near MNS School",+(91)-7500404444
Azzain Handicrafts,"Thatera Street, Mandi Chawk, Moradabad HO, Moradabad - 244001",+(91)-9759741443
G N Cool System,"Shop Number 13 Outside Chatiwind Gate, Vishkarma Nagar, Amritsar GPO, Amritsar - 143001, Near Baba Shahid Singh Gurudwara",07947248631
Stec Hotelwares,"Gala No 1, Hakoba Compound, 77, Dattaram Lad Marg, Kala Chowki, Mumbai - 400033, Bombay Cotton Mills Estate",+(91)-22-23709142
Blue Flame Indane Service,"Plot No 3, Kopar Khairane, Navi Mumbai - 400709, Near Bpcl Petrol Pump, Sector 13",+(91)-022-27548919
Vsilover Hotel Wares,"Old Gala.N.1,Parekh Nagar Indst. Estate, Kandivali West, Mumbai - 400067, Opp.Hotel Prakash",07947201390
Dhanraj Steel Emporium,"Shop No 3, Akhil Bharat Bhuwan, Tardeo Road, Tardeo, Mumbai - 400034, Near Belasis Bridge",+(91)-022-23819927
Sana Enterprises,"Shop No. 143, Chakla Street, Masjid Bunder, Mumbai - 400003, Near Masjid Bunder",07947228487
Enrich Plastic,"260,Nagdevi, Nagdevi Street, Masjid Bunder, Mumbai - 400003, Opposite Crawford Market",+(91)-022-49739742
Anand Steel Centre,"Shop No 10, Bhagawan Bhuvan, M V Road, Andheri East, Mumbai - 400069, Opposite Police Station",+(91)-022-28203832
Jalaram Traders,"32, Blue Rose Indl Estate, W E Highway, Borivali East, Mumbai - 400066, Nr Jaya Petrol Pump",+(91)-22-65222080
Mugatlal & Brothers,"51/ A, Rajbaug Estate, Pydhonie, Mumbai - 400003, Next to IDBI Bank and Vijay Vallabh Chowk",+(91)-22-23443496
Picasso Home Products,"Shop No. 15, First Floor, Parekh Mansion, Aarey Road, Goregaon West, Mumbai - 400062, Opposite Bank Of Maharashtra",+(91)-022-28720182
Bhalaria Metal Craft Pvt Lt..,"K1/2, Plot J, Todi Industrial Estate, Radha Swami Road, Bhayandar West, Thane - 401101, Near Narayana School",+(91)-022-28140913
Harsh Enterprises,"No M 2/A, Shree Raj Laxmi Hitech Textile Park, Sonale Village, Bhiwandi, Bhiwandi - 421302, Near HP Petrol Pump",+(91)-9322675554
Comet Kitchen Company,"Biulding No. B5, Shramjeevan Co Operative Society, Limited, Unit No. 8 & 9, Wadala Truck Terminal C., Sion, Wadala Truck Terminal, Mumbai - 400037",+(91)-22-24018111
Bergner Impex India Pvt Ltd..,"No 9, Italian Compound, Goregaon Mulund Link Road, Goregaon East, Mumbai - 400063, Itt Bhatti",+(91)-022-28712473
Vinod Stainless Pvt Ltd (Co..,"305, B Wing, 3rd Floor, Prathmesh Tower, Senapati Bapat Marg, Lower Parel, Mumbai - 400013, Raghuvenshi Mill Compound",+(91)-22-24986871
Anjali Kitchen WARE,"Road No 1 ,Anjali House ,Liberty Garden, Malad West, Mumbai - 400064, Opp Bank Of Maharashtra",+(91)-022-28807711
Kishco Cutlery Ltd,"D-118, 2nd Floor, Excel House, Govt Indl Est, Kandivali West, Mumbai - 400067, Charkop",+(91)-22-28683739
Shree Vallabh Metals,"Gala No 8, Shree Ganesh Industrial Estate, H P Gas Godown Lane, Bhayandar East, Thane - 401105",+(91)-022-28150304
Anjali Kitchenware Pvt Ltd,"169, 170, Bombay Talkies Compound, Malad West, Mumbai - 400064",+(91)-022-28807711
Vanshika Steel,"A Wing, 1st Floor, Shop No 106, Riddhi Siddhi Industrial Estate, Golani Naka Road, Vasai East, Palghar - 401208, Opposite Fiza Hotel",+(91)-9833553708
Arihant Plast,"K/57 Sonal Heavy Industrial Estate, Kachpada, Malad West, Mumbai - 400064",+(91)-22-32562118
Nirlon Kitchenware Private ..,"Plot No 32/33/34, Dewan & Sons Udyog Nagar, Palghar, Palghar - 401404, Bidco",07947190391
Kiran Enterprises,"Shop No 10/11, Andheri Municiple Market, S V Road, Andheri West, Mumbai - 400058, Near Bhatia Classes",+(91)-9699882821
Pilot Exports,"Plot No 157, Deshlahra House, Aarey Road, Goregaon West, Mumbai - 400062, Opposite Ambe Mata Mandir",+(91)-22-28759974
Bhawani Kitchenware Pvt. Lt..,"B-2, Hatkesh Udyog Nagar, Bhd 1st Choice Car Showroom Mira Bhayandar Road, Mira Road East, Thane- 40, Mira Road, Thane - 401107",+(91)-22-28104006
ThinKitchen By Seeba Lifest..,"101-104, Sheetal Enclave, Near Vibgyor School,Mind Space, Malad West, Mumbai - 400064",+(91)-22-29274949
Arvind Stores,"Shop No. 3 Matruchhaya Building, M. G. Road, Mulund West, Mumbai - 400080, Opposite Monginis The Cake Shop",+(91)-022-25677557
Come & Buy,"Shop No. 17 Goregaonkar Wadi, H G Road, Gamdevi, Mumbai - 400007, Near Kennedy Bridge",+(91)-22-23611199
Ramson Industries,"111 D, Government Industrial Estate, Kandivali West, Mumbai - 400067, Charkop",+(91)-22-28682378
Paar Kitchen Solutions Pvt ..,"Plot Number 7 Khokhani Industrial Estate, Sativali, Palghar - 401208, Opposite Gaodevi Talao, Near Vasai Flour Mill",+(91)-9821110363
Navkar Steel,"42, Kansara Chawl, Kalbadevi Road, Kalbadevi, Mumbai - 400002, Opposite Jankalyan Bank",+(91)-22-22427433
J.R. Rathod,"Shop No- 107 Chitale Vihar, Bhavani Shankar Road, Dadar West, Mumbai - 400028, Near Central Bank Of India",+(91)-022-24226159
Crockery Corner,"Shop No 15 & 16, Mira Mansion, Plot No. 29-B, Sion Circle Main Road, Sion, Mumbai - 400022, Opposite Punjab National Bank",+(91)-022-24091888
Millenium Exports,"B/1, Sangita Building, S V Road, Borivali West, Mumbai - 400092",+(91)-22-28058231
H K Industries,"14, 15, 16, Swastik Indl Est,  M-98, Vidyanagri Marg,, Kalina, Mumbai - 400098",+(91)-22-26526686
Lallubhai Amichand Ltd,"225/27 Dun Apartment, J Dadaji Road, Grant Road, Mumbai - 400007, Opposite Gamadia Colony, Near Bhatia Hospital, Tardeo",+(91)-22-23623389
Sagar Exports,"14 Piramal Industrial Estate, Goregaon West, Mumbai - 400062, Piramal Nagar, Off S V Road, Near Nana Nani Park",+(91)-22-28782681
Maxell Plast INDIA,"50/A, Laxmi Niwas, 2nd Panjarapole Lane, Cawasji Patel Tank, Mumbai - 400004, Near Madhav Baug, Sarvodaya Nagar",+(91)-22-22422442
Hindustan Kitchenwares,"Shop No 15, Jhaveri Building, 183/185, Bhuleshwar Road, Charni Road, Mumbai - 400004, Near Kumbhar Tukda",+(91)-22-22070777
Jewel Impex Pvt Ltd,"S/22, Arun Chambers, Tardeo, Mumbai - 400034, Near A C Market",+(91)-22-23526090
Reliance Plast,"101 Nirman Industrial Estate 1st Floor Oilmill Compound, Vasai East, Palghar - 401208, Near Blue Chip Estate",+(91)-250-2451139
Perfect Houseware PVT LTD,"M M Silk Mill Compound, Sonawala Cross Road No 2, Goregaon East, Mumbai - 400063, Opp Mk Industries",+(91)-22-26858788
Rivon Plastic Pvt Ltd,"319, Neo Corporate Plaza, Ramchandra Lane Extention, Malad West, Mumbai - 400064, Near Kachpada",+(91)-22-66963354
Crystal International,"Building No 2, Sanjay Mittal Estate, Unit No 2, Sir M Vasanji Road, Andheri East, Mumbai - 400059, Near International Airport",+(91)-22-28527375
Tirupati Kitchen Equipment,"Gala No. 9, Western Express Highway, Dahisar, Mumbai - 400068, Near Nitin Industrial Estate",+(91)-8652537737
Asian Industries,"C/O Neelima Enterprises, National Highway No.8,Vasai-Fata, Vasai East, Palghar - 401208, Opp Sayali Petrol Pump,Pelhar",+(91)-250-2450965
King Metal Works,"Plot No 7, Khokhani Industrial Estate, Vasai East, Palghar - 401208, Near Sai Baba Mandir, Sativali",+(91)-22-2480204
Supreme Industries,"10/11, Blue Chip 4, Sativali Road, Vasai East, Palghar - 401208, Waliv Phata",+(91)-22-3465167
Mahek Housewares Pvt Ltd,"Plot 12, Palghar - 401404, Near Palghar Court, Village  Aliyali",+(91)-2525-251972
Adarsh Aluminium Centre,"113, Ismail Curtey Road Mohd Ali Rd, Pydhonie, Mumbai - 400003, Near Jammali Mohalla",+(91)-22-22438110
Rena Kutz Kitchenwares Pvt ..,"111/C, Government Industrial Estate, Charkop, Mumbai - 400067",+(91)-22-28684560
Neha Industries,"66/1, Mantri House, Jakeria Road, Malad West, Mumbai - 400064, Somwar Bazar, Near Hanuman Temple",+(91)-22-28887342
Priyanka Steel,"Navghar Road, Bhayandar East, Thane - 401105, Near Gopimahal Hotel, D/4 Bhaidaya Nagar",+(91)-022-39317346
Reliable Corporation,"Survey No 285,, Mahim Road, Alyali,, Palghar, Palghar - 401404, Near Hi-Tech Industrial Estate",+(91)-22-323991
Sanjay Stainless Steel Work..,"G-66, Sarvodaya Nagar, 01st, Panjarapore Lane, Cawasji Patel Tank, Mumbai - 400004, Near Madhavbaug Post Office",+(91)-22-22425089
Komal Trading Corporation,"B12 Vaishali Industrial Estate No 2, Balkrishna Tawade Road Mhatre Wadi, Dahisar, Mumbai - 400068, Opp Dahisar Railway Station",+(91)-22-28926711
Shubham International,"5/10 Grants Bldg 2nd Flr, Arthur Bunder Rd, Colaba, Mumbai - 400005, Opp Basilico Restaurant Nr Radio Club",+(91)-022-32905944
General Traders,"105, Marol Coop Industrial Estate, M V Road, Marol Pipeline-andheri East, Mumbai - 400059",+(91)-22-28509400
Plazma Energy,"Shop No. 110, Rameswar Chamber, First Floor, Mangla Road, Rajkot - 360002, Near 4 Manhar Ploat",+(91)-281-6560545
Shree Mahaveer Steel Furnit..,"Makronia Chauraha Narsinghpur Road, Makronia, Sagar - 470004, Near By Hanuman Mandir",07947340590
Goel Hotelware,"Shop No - 4, Loha Mandi, Sansar Chand Road, Jaipur - 302001, Near Hotel Siddharth",07947065547
Pigeon Industries Pvt Ltd,"No 1, Raja Annamalai Road, Purasawalkam, Chennai - 600084",08045773617
Durga Rao Carpenter Wood Wo..,"Gandhi Nagar, Kakinada - 533004, Near Subbayya Gari Hotel",07947469062
Himmat Sales Corporation,"Shop No- 3594,Bhairav Market, S N Middle School Street,5th Crossing,Nahargarh Road, Chandpole Bazar, Jaipur - 302001",+(91)-9829485286
Mariam Industries,"No9, Pereira  Street Sowcarpet, Park Town, Chennai - 600003, Hotel Sornam International",+(91)-44-23465534
Griha,"153, Rathore Nagar, Amrapali Marg, Vaishali Nagar, Jaipur - 302021",+(91)-141-2356500
Zunairah International,"Lalnagri Sirsyyed Nagar, Sambhal Road, Moradabad HO, Moradabad - 244001, Near MNS School",+(91)-7500404444
Ponn Cook,"26/1, North Mount Oad, Tirunelveli Bazaar, Tirunelveli - 627006, Nainarkulam Road",07947267135
Azzain Handicrafts,"Thatera Street, Mandi Chawk, Moradabad HO, Moradabad - 244001",+(91)-9759741443
G N Cool System,"Shop Number 13 Outside Chatiwind Gate, Vishkarma Nagar, Amritsar GPO, Amritsar - 143001, Near Baba Shahid Singh Gurudwara",07947248631
Stec Hotelwares,"Gala No 1, Hakoba Compound, 77, Dattaram Lad Marg, Kala Chowki, Mumbai - 400033, Bombay Cotton Mills Estate",+(91)-22-23709142
Blue Flame Indane Service,"Plot No 3, Kopar Khairane, Navi Mumbai - 400709, Near Bpcl Petrol Pump, Sector 13",+(91)-022-27548919
Vsilover Hotel Wares,"Old Gala.N.1,Parekh Nagar Indst. Estate, Kandivali West, Mumbai - 400067, Opp.Hotel Prakash",07947201390
Dhanraj Steel Emporium,"Shop No 3, Akhil Bharat Bhuwan, Tardeo Road, Tardeo, Mumbai - 400034, Near Belasis Bridge",+(91)-022-23819927
Sana Enterprises,"Shop No. 143, Chakla Street, Masjid Bunder, Mumbai - 400003, Near Masjid Bunder",07947228487
Enrich Plastic,"260,Nagdevi, Nagdevi Street, Masjid Bunder, Mumbai - 400003, Opposite Crawford Market",+(91)-022-49739742
Anand Steel Centre,"Shop No 10, Bhagawan Bhuvan, M V Road, Andheri East, Mumbai - 400069, Opposite Police Station",+(91)-022-28203832
Jalaram Traders,"32, Blue Rose Indl Estate, W E Highway, Borivali East, Mumbai - 400066, Nr Jaya Petrol Pump",+(91)-22-65222080
Mugatlal & Brothers,"51/ A, Rajbaug Estate, Pydhonie, Mumbai - 400003, Next to IDBI Bank and Vijay Vallabh Chowk",+(91)-22-23443496
Picasso Home Products,"Shop No. 15, First Floor, Parekh Mansion, Aarey Road, Goregaon West, Mumbai - 400062, Opposite Bank Of Maharashtra",+(91)-022-28720182
Bhalaria Metal Craft Pvt Lt..,"K1/2, Plot J, Todi Industrial Estate, Radha Swami Road, Bhayandar West, Thane - 401101, Near Narayana School",+(91)-022-28140913
Harsh Enterprises,"No M 2/A, Shree Raj Laxmi Hitech Textile Park, Sonale Village, Bhiwandi, Bhiwandi - 421302, Near HP Petrol Pump",+(91)-9322675554
Comet Kitchen Company,"Biulding No. B5, Shramjeevan Co Operative Society, Limited, Unit No. 8 & 9, Wadala Truck Terminal C., Sion, Wadala Truck Terminal, Mumbai - 400037",+(91)-22-24018111
Bergner Impex India Pvt Ltd..,"No 9, Italian Compound, Goregaon Mulund Link Road, Goregaon East, Mumbai - 400063, Itt Bhatti",+(91)-022-28712473
Vinod Stainless Pvt Ltd (Co..,"305, B Wing, 3rd Floor, Prathmesh Tower, Senapati Bapat Marg, Lower Parel, Mumbai - 400013, Raghuvenshi Mill Compound",+(91)-22-24986871
Anjali Kitchen WARE,"Road No 1 ,Anjali House ,Liberty Garden, Malad West, Mumbai - 400064, Opp Bank Of Maharashtra",+(91)-022-28807711
Kishco Cutlery Ltd,"D-118, 2nd Floor, Excel House, Govt Indl Est, Kandivali West, Mumbai - 400067, Charkop",+(91)-22-28683739
Shree Vallabh Metals,"Gala No 8, Shree Ganesh Industrial Estate, H P Gas Godown Lane, Bhayandar East, Thane - 401105",+(91)-022-28150304
Anjali Kitchenware Pvt Ltd,"169, 170, Bombay Talkies Compound, Malad West, Mumbai - 400064",+(91)-022-28807711
Vanshika Steel,"A Wing, 1st Floor, Shop No 106, Riddhi Siddhi Industrial Estate, Golani Naka Road, Vasai East, Palghar - 401208, Opposite Fiza Hotel",+(91)-9833553708
Arihant Plast,"K/57 Sonal Heavy Industrial Estate, Kachpada, Malad West, Mumbai - 400064",+(91)-22-32562118
Nirlon Kitchenware Private ..,"Plot No 32/33/34, Dewan & Sons Udyog Nagar, Palghar, Palghar - 401404, Bidco",07947190391
Kiran Enterprises,"Shop No 10/11, Andheri Municiple Market, S V Road, Andheri West, Mumbai - 400058, Near Bhatia Classes",+(91)-9699882821
Pilot Exports,"Plot No 157, Deshlahra House, Aarey Road, Goregaon West, Mumbai - 400062, Opposite Ambe Mata Mandir",+(91)-22-28759974
Bhawani Kitchenware Pvt. Lt..,"B-2, Hatkesh Udyog Nagar, Bhd 1st Choice Car Showroom Mira Bhayandar Road, Mira Road East, Thane- 40, Mira Road, Thane - 401107",+(91)-22-28104006
ThinKitchen By Seeba Lifest..,"101-104, Sheetal Enclave, Near Vibgyor School,Mind Space, Malad West, Mumbai - 400064",+(91)-22-29274949
Arvind Stores,"Shop No. 3 Matruchhaya Building, M. G. Road, Mulund West, Mumbai - 400080, Opposite Monginis The Cake Shop",+(91)-022-25677557
Come & Buy,"Shop No. 17 Goregaonkar Wadi, H G Road, Gamdevi, Mumbai - 400007, Near Kennedy Bridge",+(91)-22-23611199
Ramson Industries,"111 D, Government Industrial Estate, Kandivali West, Mumbai - 400067, Charkop",+(91)-22-28682378
Paar Kitchen Solutions Pvt ..,"Plot Number 7 Khokhani Industrial Estate, Sativali, Palghar - 401208, Opposite Gaodevi Talao, Near Vasai Flour Mill",+(91)-9821110363
Navkar Steel,"42, Kansara Chawl, Kalbadevi Road, Kalbadevi, Mumbai - 400002, Opposite Jankalyan Bank",+(91)-22-22427433
J.R. Rathod,"Shop No- 107 Chitale Vihar, Bhavani Shankar Road, Dadar West, Mumbai - 400028, Near Central Bank Of India",+(91)-022-24226159
Crockery Corner,"Shop No 15 & 16, Mira Mansion, Plot No. 29-B, Sion Circle Main Road, Sion, Mumbai - 400022, Opposite Punjab National Bank",+(91)-022-24091888
Millenium Exports,"B/1, Sangita Building, S V Road, Borivali West, Mumbai - 400092",+(91)-22-28058231
H K Industries,"14, 15, 16, Swastik Indl Est,  M-98, Vidyanagri Marg,, Kalina, Mumbai - 400098",+(91)-22-26526686
Lallubhai Amichand Ltd,"225/27 Dun Apartment, J Dadaji Road, Grant Road, Mumbai - 400007, Opposite Gamadia Colony, Near Bhatia Hospital, Tardeo",+(91)-22-23623389
Sagar Exports,"14 Piramal Industrial Estate, Goregaon West, Mumbai - 400062, Piramal Nagar, Off S V Road, Near Nana Nani Park",+(91)-22-28782681
Maxell Plast INDIA,"50/A, Laxmi Niwas, 2nd Panjarapole Lane, Cawasji Patel Tank, Mumbai - 400004, Near Madhav Baug, Sarvodaya Nagar",+(91)-22-22422442
Hindustan Kitchenwares,"Shop No 15, Jhaveri Building, 183/185, Bhuleshwar Road, Charni Road, Mumbai - 400004, Near Kumbhar Tukda",+(91)-22-22070777
Jewel Impex Pvt Ltd,"S/22, Arun Chambers, Tardeo, Mumbai - 400034, Near A C Market",+(91)-22-23526090
Reliance Plast,"101 Nirman Industrial Estate 1st Floor Oilmill Compound, Vasai East, Palghar - 401208, Near Blue Chip Estate",+(91)-250-2451139
Perfect Houseware PVT LTD,"M M Silk Mill Compound, Sonawala Cross Road No 2, Goregaon East, Mumbai - 400063, Opp Mk Industries",+(91)-22-26858788
Rivon Plastic Pvt Ltd,"319, Neo Corporate Plaza, Ramchandra Lane Extention, Malad West, Mumbai - 400064, Near Kachpada",+(91)-22-66963354
Crystal International,"Building No 2, Sanjay Mittal Estate, Unit No 2, Sir M Vasanji Road, Andheri East, Mumbai - 400059, Near International Airport",+(91)-22-28527375
Tirupati Kitchen Equipment,"Gala No. 9, Western Express Highway, Dahisar, Mumbai - 400068, Near Nitin Industrial Estate",+(91)-8652537737
Asian Industries,"C/O Neelima Enterprises, National Highway No.8,Vasai-Fata, Vasai East, Palghar - 401208, Opp Sayali Petrol Pump,Pelhar",+(91)-250-2450965
King Metal Works,"Plot No 7, Khokhani Industrial Estate, Vasai East, Palghar - 401208, Near Sai Baba Mandir, Sativali",+(91)-22-2480204
Supreme Industries,"10/11, Blue Chip 4, Sativali Road, Vasai East, Palghar - 401208, Waliv Phata",+(91)-22-3465167
Mahek Housewares Pvt Ltd,"Plot 12, Palghar - 401404, Near Palghar Court, Village  Aliyali",+(91)-2525-251972
Adarsh Aluminium Centre,"113, Ismail Curtey Road Mohd Ali Rd, Pydhonie, Mumbai - 400003, Near Jammali Mohalla",+(91)-22-22438110
Rena Kutz Kitchenwares Pvt ..,"111/C, Government Industrial Estate, Charkop, Mumbai - 400067",+(91)-22-28684560
Neha Industries,"66/1, Mantri House, Jakeria Road, Malad West, Mumbai - 400064, Somwar Bazar, Near Hanuman Temple",+(91)-22-28887342
Priyanka Steel,"Navghar Road, Bhayandar East, Thane - 401105, Near Gopimahal Hotel, D/4 Bhaidaya Nagar",+(91)-022-39317346
Reliable Corporation,"Survey No 285,, Mahim Road, Alyali,, Palghar, Palghar - 401404, Near Hi-Tech Industrial Estate",+(91)-22-323991
Sanjay Stainless Steel Work..,"G-66, Sarvodaya Nagar, 01st, Panjarapore Lane, Cawasji Patel Tank, Mumbai - 400004, Near Madhavbaug Post Office",+(91)-22-22425089
Komal Trading Corporation,"B12 Vaishali Industrial Estate No 2, Balkrishna Tawade Road Mhatre Wadi, Dahisar, Mumbai - 400068, Opp Dahisar Railway Station",+(91)-22-28926711
Shubham International,"5/10 Grants Bldg 2nd Flr, Arthur Bunder Rd, Colaba, Mumbai - 400005, Opp Basilico Restaurant Nr Radio Club",+(91)-022-32905944
General Traders,"105, Marol Coop Industrial Estate, M V Road, Marol Pipeline-andheri East, Mumbai - 400059",+(91)-22-28509400
Zunairah International,"Lalnagri Sirsyyed Nagar, Sambhal Road, Moradabad HO, Moradabad - 244001, Near MNS School",+(91)-7500404444
G N Cool System,"Shop Number 13 Outside Chatiwind Gate, Vishkarma Nagar, Amritsar GPO, Amritsar - 143001, Near Baba Shahid Singh Gurudwara",07947248631
Stec Hotelwares,"Gala No 1, Hakoba Compound, 77, Dattaram Lad Marg, Kala Chowki, Mumbai - 400033, Bombay Cotton Mills Estate",+(91)-22-23709142
Blue Flame Indane Service,"Plot No 3, Kopar Khairane, Navi Mumbai - 400709, Near Bpcl Petrol Pump, Sector 13",+(91)-022-27548919
Vsilover Hotel Wares,"Old Gala.N.1,Parekh Nagar Indst. Estate, Kandivali West, Mumbai - 400067, Opp.Hotel Prakash",07947201390
Dhanraj Steel Emporium,"Shop No 3, Akhil Bharat Bhuwan, Tardeo Road, Tardeo, Mumbai - 400034, Near Belasis Bridge",+(91)-022-23819927
Sana Enterprises,"Shop No. 143, Chakla Street, Masjid Bunder, Mumbai - 400003, Near Masjid Bunder",07947228487
Enrich Plastic,"260,Nagdevi, Nagdevi Street, Masjid Bunder, Mumbai - 400003, Opposite Crawford Market",+(91)-022-49739742
Anand Steel Centre,"Shop No 10, Bhagawan Bhuvan, M V Road, Andheri East, Mumbai - 400069, Opposite Police Station",+(91)-022-28203832
Jalaram Traders,"32, Blue Rose Indl Estate, W E Highway, Borivali East, Mumbai - 400066, Nr Jaya Petrol Pump",+(91)-22-65222080
Mugatlal & Brothers,"51/ A, Rajbaug Estate, Pydhonie, Mumbai - 400003, Next to IDBI Bank and Vijay Vallabh Chowk",+(91)-22-23443496
Picasso Home Products,"Shop No. 15, First Floor, Parekh Mansion, Aarey Road, Goregaon West, Mumbai - 400062, Opposite Bank Of Maharashtra",+(91)-022-28720182
Bhalaria Metal Craft Pvt Lt..,"K1/2, Plot J, Todi Industrial Estate, Radha Swami Road, Bhayandar West, Thane - 401101, Near Narayana School",+(91)-022-28140913
Harsh Enterprises,"No M 2/A, Shree Raj Laxmi Hitech Textile Park, Sonale Village, Bhiwandi, Bhiwandi - 421302, Near HP Petrol Pump",+(91)-9322675554
Comet Kitchen Company,"Biulding No. B5, Shramjeevan Co Operative Society, Limited, Unit No. 8 & 9, Wadala Truck Terminal C., Sion, Wadala Truck Terminal, Mumbai - 400037",+(91)-22-24018111
Bergner Impex India Pvt Ltd..,"No 9, Italian Compound, Goregaon Mulund Link Road, Goregaon East, Mumbai - 400063, Itt Bhatti",+(91)-022-28712473
Vinod Stainless Pvt Ltd (Co..,"305, B Wing, 3rd Floor, Prathmesh Tower, Senapati Bapat Marg, Lower Parel, Mumbai - 400013, Raghuvenshi Mill Compound",+(91)-22-24986871
Anjali Kitchen WARE,"Road No 1 ,Anjali House ,Liberty Garden, Malad West, Mumbai - 400064, Opp Bank Of Maharashtra",+(91)-022-28807711
Kishco Cutlery Ltd,"D-118, 2nd Floor, Excel House, Govt Indl Est, Kandivali West, Mumbai - 400067, Charkop",+(91)-22-28683739
Shree Vallabh Metals,"Gala No 8, Shree Ganesh Industrial Estate, H P Gas Godown Lane, Bhayandar East, Thane - 401105",+(91)-022-28150304
Anjali Kitchenware Pvt Ltd,"169, 170, Bombay Talkies Compound, Malad West, Mumbai - 400064",+(91)-022-28807711
Vanshika Steel,"A Wing, 1st Floor, Shop No 106, Riddhi Siddhi Industrial Estate, Golani Naka Road, Vasai East, Palghar - 401208, Opposite Fiza Hotel",+(91)-9833553708
Arihant Plast,"K/57 Sonal Heavy Industrial Estate, Kachpada, Malad West, Mumbai - 400064",+(91)-22-32562118
Nirlon Kitchenware Private ..,"Plot No 32/33/34, Dewan & Sons Udyog Nagar, Palghar, Palghar - 401404, Bidco",07947190391
Kiran Enterprises,"Shop No 10/11, Andheri Municiple Market, S V Road, Andheri West, Mumbai - 400058, Near Bhatia Classes",+(91)-9699882821
Pilot Exports,"Plot No 157, Deshlahra House, Aarey Road, Goregaon West, Mumbai - 400062, Opposite Ambe Mata Mandir",+(91)-22-28759974
Bhawani Kitchenware Pvt. Lt..,"B-2, Hatkesh Udyog Nagar, Bhd 1st Choice Car Showroom Mira Bhayandar Road, Mira Road East, Thane- 40, Mira Road, Thane - 401107",+(91)-22-28104006
ThinKitchen By Seeba Lifest..,"101-104, Sheetal Enclave, Near Vibgyor School,Mind Space, Malad West, Mumbai - 400064",+(91)-22-29274949
Arvind Stores,"Shop No. 3 Matruchhaya Building, M. G. Road, Mulund West, Mumbai - 400080, Opposite Monginis The Cake Shop",+(91)-022-25677557
Come & Buy,"Shop No. 17 Goregaonkar Wadi, H G Road, Gamdevi, Mumbai - 400007, Near Kennedy Bridge",+(91)-22-23611199
Ramson Industries,"111 D, Government Industrial Estate, Kandivali West, Mumbai - 400067, Charkop",+(91)-22-28682378
Paar Kitchen Solutions Pvt ..,"Plot Number 7 Khokhani Industrial Estate, Sativali, Palghar - 401208, Opposite Gaodevi Talao, Near Vasai Flour Mill",+(91)-9821110363
Navkar Steel,"42, Kansara Chawl, Kalbadevi Road, Kalbadevi, Mumbai - 400002, Opposite Jankalyan Bank",+(91)-22-22427433
J.R. Rathod,"Shop No- 107 Chitale Vihar, Bhavani Shankar Road, Dadar West, Mumbai - 400028, Near Central Bank Of India",+(91)-022-24226159
Crockery Corner,"Shop No 15 & 16, Mira Mansion, Plot No. 29-B, Sion Circle Main Road, Sion, Mumbai - 400022, Opposite Punjab National Bank",+(91)-022-24091888
Millenium Exports,"B/1, Sangita Building, S V Road, Borivali West, Mumbai - 400092",+(91)-22-28058231
H K Industries,"14, 15, 16, Swastik Indl Est,  M-98, Vidyanagri Marg,, Kalina, Mumbai - 400098",+(91)-22-26526686
Lallubhai Amichand Ltd,"225/27 Dun Apartment, J Dadaji Road, Grant Road, Mumbai - 400007, Opposite Gamadia Colony, Near Bhatia Hospital, Tardeo",+(91)-22-23623389
Sagar Exports,"14 Piramal Industrial Estate, Goregaon West, Mumbai - 400062, Piramal Nagar, Off S V Road, Near Nana Nani Park",+(91)-22-28782681
Maxell Plast INDIA,"50/A, Laxmi Niwas, 2nd Panjarapole Lane, Cawasji Patel Tank, Mumbai - 400004, Near Madhav Baug, Sarvodaya Nagar",+(91)-22-22422442
Hindustan Kitchenwares,"Shop No 15, Jhaveri Building, 183/185, Bhuleshwar Road, Charni Road, Mumbai - 400004, Near Kumbhar Tukda",+(91)-22-22070777
Jewel Impex Pvt Ltd,"S/22, Arun Chambers, Tardeo, Mumbai - 400034, Near A C Market",+(91)-22-23526090
Reliance Plast,"101 Nirman Industrial Estate 1st Floor Oilmill Compound, Vasai East, Palghar - 401208, Near Blue Chip Estate",+(91)-250-2451139
Perfect Houseware PVT LTD,"M M Silk Mill Compound, Sonawala Cross Road No 2, Goregaon East, Mumbai - 400063, Opp Mk Industries",+(91)-22-26858788
Rivon Plastic Pvt Ltd,"319, Neo Corporate Plaza, Ramchandra Lane Extention, Malad West, Mumbai - 400064, Near Kachpada",+(91)-22-66963354
Crystal International,"Building No 2, Sanjay Mittal Estate, Unit No 2, Sir M Vasanji Road, Andheri East, Mumbai - 400059, Near International Airport",+(91)-22-28527375
Tirupati Kitchen Equipment,"Gala No. 9, Western Express Highway, Dahisar, Mumbai - 400068, Near Nitin Industrial Estate",+(91)-8652537737
Asian Industries,"C/O Neelima Enterprises, National Highway No.8,Vasai-Fata, Vasai East, Palghar - 401208, Opp Sayali Petrol Pump,Pelhar",+(91)-250-2450965
King Metal Works,"Plot No 7, Khokhani Industrial Estate, Vasai East, Palghar - 401208, Near Sai Baba Mandir, Sativali",+(91)-22-2480204
Supreme Industries,"10/11, Blue Chip 4, Sativali Road, Vasai East, Palghar - 401208, Waliv Phata",+(91)-22-3465167
Mahek Housewares Pvt Ltd,"Plot 12, Palghar - 401404, Near Palghar Court, Village  Aliyali",+(91)-2525-251972
Adarsh Aluminium Centre,"113, Ismail Curtey Road Mohd Ali Rd, Pydhonie, Mumbai - 400003, Near Jammali Mohalla",+(91)-22-22438110
Rena Kutz Kitchenwares Pvt ..,"111/C, Government Industrial Estate, Charkop, Mumbai - 400067",+(91)-22-28684560
Neha Industries,"66/1, Mantri House, Jakeria Road, Malad West, Mumbai - 400064, Somwar Bazar, Near Hanuman Temple",+(91)-22-28887342
Priyanka Steel,"Navghar Road, Bhayandar East, Thane - 401105, Near Gopimahal Hotel, D/4 Bhaidaya Nagar",+(91)-022-39317346
Reliable Corporation,"Survey No 285,, Mahim Road, Alyali,, Palghar, Palghar - 401404, Near Hi-Tech Industrial Estate",+(91)-22-323991
Sanjay Stainless Steel Work..,"G-66, Sarvodaya Nagar, 01st, Panjarapore Lane, Cawasji Patel Tank, Mumbai - 400004, Near Madhavbaug Post Office",+(91)-22-22425089
Komal Trading Corporation,"B12 Vaishali Industrial Estate No 2, Balkrishna Tawade Road Mhatre Wadi, Dahisar, Mumbai - 400068, Opp Dahisar Railway Station",+(91)-22-28926711
Shubham International,"5/10 Grants Bldg 2nd Flr, Arthur Bunder Rd, Colaba, Mumbai - 400005, Opp Basilico Restaurant Nr Radio Club",+(91)-022-32905944
General Traders,"105, Marol Coop Industrial Estate, M V Road, Marol Pipeline-andheri East, Mumbai - 400059",+(91)-22-28509400
Mugatlal & Brothers,"51/ A, Rajbaug Estate, Pydhonie, Mumbai - 400003, Next to IDBI Bank and Vijay Vallabh Chowk",+(91)-22-23443496
Picasso Home Products,"Shop No. 15, First Floor, Parekh Mansion, Aarey Road, Goregaon West, Mumbai - 400062, Opposite Bank Of Maharashtra",+(91)-022-28720182
Bhalaria Metal Craft Pvt Lt..,"K1/2, Plot J, Todi Industrial Estate, Radha Swami Road, Bhayandar West, Thane - 401101, Near Narayana School",+(91)-022-28140913
Harsh Enterprises,"No M 2/A, Shree Raj Laxmi Hitech Textile Park, Sonale Village, Bhiwandi, Bhiwandi - 421302, Near HP Petrol Pump",+(91)-9322675554
Comet Kitchen Company,"Biulding No. B5, Shramjeevan Co Operative Society, Limited, Unit No. 8 & 9, Wadala Truck Terminal C., Sion, Wadala Truck Terminal, Mumbai - 400037",+(91)-22-24018111
Bergner Impex India Pvt Ltd..,"No 9, Italian Compound, Goregaon Mulund Link Road, Goregaon East, Mumbai - 400063, Itt Bhatti",+(91)-022-28712473
Vinod Stainless Pvt Ltd (Co..,"305, B Wing, 3rd Floor, Prathmesh Tower, Senapati Bapat Marg, Lower Parel, Mumbai - 400013, Raghuvenshi Mill Compound",+(91)-22-24986871
Anjali Kitchen WARE,"Road No 1 ,Anjali House ,Liberty Garden, Malad West, Mumbai - 400064, Opp Bank Of Maharashtra",+(91)-022-28807711
Kishco Cutlery Ltd,"D-118, 2nd Floor, Excel House, Govt Indl Est, Kandivali West, Mumbai - 400067, Charkop",+(91)-22-28683739
Shree Vallabh Metals,"Gala No 8, Shree Ganesh Industrial Estate, H P Gas Godown Lane, Bhayandar East, Thane - 401105",+(91)-022-28150304
Anjali Kitchenware Pvt Ltd,"169, 170, Bombay Talkies Compound, Malad West, Mumbai - 400064",+(91)-022-28807711
Vanshika Steel,"A Wing, 1st Floor, Shop No 106, Riddhi Siddhi Industrial Estate, Golani Naka Road, Vasai East, Palghar - 401208, Opposite Fiza Hotel",+(91)-9833553708
Arihant Plast,"K/57 Sonal Heavy Industrial Estate, Kachpada, Malad West, Mumbai - 400064",+(91)-22-32562118
Nirlon Kitchenware Private ..,"Plot No 32/33/34, Dewan & Sons Udyog Nagar, Palghar, Palghar - 401404, Bidco",07947190391
Kiran Enterprises,"Shop No 10/11, Andheri Municiple Market, S V Road, Andheri West, Mumbai - 400058, Near Bhatia Classes",+(91)-9699882821
Pilot Exports,"Plot No 157, Deshlahra House, Aarey Road, Goregaon West, Mumbai - 400062, Opposite Ambe Mata Mandir",+(91)-22-28759974
Bhawani Kitchenware Pvt. Lt..,"B-2, Hatkesh Udyog Nagar, Bhd 1st Choice Car Showroom Mira Bhayandar Road, Mira Road East, Thane- 40, Mira Road, Thane - 401107",+(91)-22-28104006
ThinKitchen By Seeba Lifest..,"101-104, Sheetal Enclave, Near Vibgyor School,Mind Space, Malad West, Mumbai - 400064",+(91)-22-29274949
Arvind Stores,"Shop No. 3 Matruchhaya Building, M. G. Road, Mulund West, Mumbai - 400080, Opposite Monginis The Cake Shop",+(91)-022-25677557
Come & Buy,"Shop No. 17 Goregaonkar Wadi, H G Road, Gamdevi, Mumbai - 400007, Near Kennedy Bridge",+(91)-22-23611199
Ramson Industries,"111 D, Government Industrial Estate, Kandivali West, Mumbai - 400067, Charkop",+(91)-22-28682378
Paar Kitchen Solutions Pvt ..,"Plot Number 7 Khokhani Industrial Estate, Sativali, Palghar - 401208, Opposite Gaodevi Talao, Near Vasai Flour Mill",+(91)-9821110363
Navkar Steel,"42, Kansara Chawl, Kalbadevi Road, Kalbadevi, Mumbai - 400002, Opposite Jankalyan Bank",+(91)-22-22427433
J.R. Rathod,"Shop No- 107 Chitale Vihar, Bhavani Shankar Road, Dadar West, Mumbai - 400028, Near Central Bank Of India",+(91)-022-24226159
Crockery Corner,"Shop No 15 & 16, Mira Mansion, Plot No. 29-B, Sion Circle Main Road, Sion, Mumbai - 400022, Opposite Punjab National Bank",+(91)-022-24091888
Millenium Exports,"B/1, Sangita Building, S V Road, Borivali West, Mumbai - 400092",+(91)-22-28058231
H K Industries,"14, 15, 16, Swastik Indl Est,  M-98, Vidyanagri Marg,, Kalina, Mumbai - 400098",+(91)-22-26526686
Lallubhai Amichand Ltd,"225/27 Dun Apartment, J Dadaji Road, Grant Road, Mumbai - 400007, Opposite Gamadia Colony, Near Bhatia Hospital, Tardeo",+(91)-22-23623389
Sagar Exports,"14 Piramal Industrial Estate, Goregaon West, Mumbai - 400062, Piramal Nagar, Off S V Road, Near Nana Nani Park",+(91)-22-28782681
Maxell Plast INDIA,"50/A, Laxmi Niwas, 2nd Panjarapole Lane, Cawasji Patel Tank, Mumbai - 400004, Near Madhav Baug, Sarvodaya Nagar",+(91)-22-22422442
Hindustan Kitchenwares,"Shop No 15, Jhaveri Building, 183/185, Bhuleshwar Road, Charni Road, Mumbai - 400004, Near Kumbhar Tukda",+(91)-22-22070777
Jewel Impex Pvt Ltd,"S/22, Arun Chambers, Tardeo, Mumbai - 400034, Near A C Market",+(91)-22-23526090
Reliance Plast,"101 Nirman Industrial Estate 1st Floor Oilmill Compound, Vasai East, Palghar - 401208, Near Blue Chip Estate",+(91)-250-2451139
Perfect Houseware PVT LTD,"M M Silk Mill Compound, Sonawala Cross Road No 2, Goregaon East, Mumbai - 400063, Opp Mk Industries",+(91)-22-26858788
Rivon Plastic Pvt Ltd,"319, Neo Corporate Plaza, Ramchandra Lane Extention, Malad West, Mumbai - 400064, Near Kachpada",+(91)-22-66963354
Crystal International,"Building No 2, Sanjay Mittal Estate, Unit No 2, Sir M Vasanji Road, Andheri East, Mumbai - 400059, Near International Airport",+(91)-22-28527375
Tirupati Kitchen Equipment,"Gala No. 9, Western Express Highway, Dahisar, Mumbai - 400068, Near Nitin Industrial Estate",+(91)-8652537737
Asian Industries,"C/O Neelima Enterprises, National Highway No.8,Vasai-Fata, Vasai East, Palghar - 401208, Opp Sayali Petrol Pump,Pelhar",+(91)-250-2450965
King Metal Works,"Plot No 7, Khokhani Industrial Estate, Vasai East, Palghar - 401208, Near Sai Baba Mandir, Sativali",+(91)-22-2480204
Supreme Industries,"10/11, Blue Chip 4, Sativali Road, Vasai East, Palghar - 401208, Waliv Phata",+(91)-22-3465167
Mahek Housewares Pvt Ltd,"Plot 12, Palghar - 401404, Near Palghar Court, Village  Aliyali",+(91)-2525-251972
Adarsh Aluminium Centre,"113, Ismail Curtey Road Mohd Ali Rd, Pydhonie, Mumbai - 400003, Near Jammali Mohalla",+(91)-22-22438110
Rena Kutz Kitchenwares Pvt ..,"111/C, Government Industrial Estate, Charkop, Mumbai - 400067",+(91)-22-28684560
Neha Industries,"66/1, Mantri House, Jakeria Road, Malad West, Mumbai - 400064, Somwar Bazar, Near Hanuman Temple",+(91)-22-28887342
Priyanka Steel,"Navghar Road, Bhayandar East, Thane - 401105, Near Gopimahal Hotel, D/4 Bhaidaya Nagar",+(91)-022-39317346
Reliable Corporation,"Survey No 285,, Mahim Road, Alyali,, Palghar, Palghar - 401404, Near Hi-Tech Industrial Estate",+(91)-22-323991
Sanjay Stainless Steel Work..,"G-66, Sarvodaya Nagar, 01st, Panjarapore Lane, Cawasji Patel Tank, Mumbai - 400004, Near Madhavbaug Post Office",+(91)-22-22425089
Komal Trading Corporation,"B12 Vaishali Industrial Estate No 2, Balkrishna Tawade Road Mhatre Wadi, Dahisar, Mumbai - 400068, Opp Dahisar Railway Station",+(91)-22-28926711
Shubham International,"5/10 Grants Bldg 2nd Flr, Arthur Bunder Rd, Colaba, Mumbai - 400005, Opp Basilico Restaurant Nr Radio Club",+(91)-022-32905944
General Traders,"105, Marol Coop Industrial Estate, M V Road, Marol Pipeline-andheri East, Mumbai - 400059",+(91)-22-28509400
Anjali Kitchenware Pvt Ltd,"169, 170, Bombay Talkies Compound, Malad West, Mumbai - 400064",+(91)-022-28807711
Vanshika Steel,"A Wing, 1st Floor, Shop No 106, Riddhi Siddhi Industrial Estate, Golani Naka Road, Vasai East, Palghar - 401208, Opposite Fiza Hotel",+(91)-9833553708
Arihant Plast,"K/57 Sonal Heavy Industrial Estate, Kachpada, Malad West, Mumbai - 400064",+(91)-22-32562118
Nirlon Kitchenware Private ..,"Plot No 32/33/34, Dewan & Sons Udyog Nagar, Palghar, Palghar - 401404, Bidco",07947190391
Kiran Enterprises,"Shop No 10/11, Andheri Municiple Market, S V Road, Andheri West, Mumbai - 400058, Near Bhatia Classes",+(91)-9699882821
Pilot Exports,"Plot No 157, Deshlahra House, Aarey Road, Goregaon West, Mumbai - 400062, Opposite Ambe Mata Mandir",+(91)-22-28759974
Bhawani Kitchenware Pvt. Lt..,"B-2, Hatkesh Udyog Nagar, Bhd 1st Choice Car Showroom Mira Bhayandar Road, Mira Road East, Thane- 40, Mira Road, Thane - 401107",+(91)-22-28104006
ThinKitchen By Seeba Lifest..,"101-104, Sheetal Enclave, Near Vibgyor School,Mind Space, Malad West, Mumbai - 400064",+(91)-22-29274949
Arvind Stores,"Shop No. 3 Matruchhaya Building, M. G. Road, Mulund West, Mumbai - 400080, Opposite Monginis The Cake Shop",+(91)-022-25677557
Come & Buy,"Shop No. 17 Goregaonkar Wadi, H G Road, Gamdevi, Mumbai - 400007, Near Kennedy Bridge",+(91)-22-23611199
Ramson Industries,"111 D, Government Industrial Estate, Kandivali West, Mumbai - 400067, Charkop",+(91)-22-28682378
Paar Kitchen Solutions Pvt ..,"Plot Number 7 Khokhani Industrial Estate, Sativali, Palghar - 401208, Opposite Gaodevi Talao, Near Vasai Flour Mill",+(91)-9821110363
Navkar Steel,"42, Kansara Chawl, Kalbadevi Road, Kalbadevi, Mumbai - 400002, Opposite Jankalyan Bank",+(91)-22-22427433
J.R. Rathod,"Shop No- 107 Chitale Vihar, Bhavani Shankar Road, Dadar West, Mumbai - 400028, Near Central Bank Of India",+(91)-022-24226159
Crockery Corner,"Shop No 15 & 16, Mira Mansion, Plot No. 29-B, Sion Circle Main Road, Sion, Mumbai - 400022, Opposite Punjab National Bank",+(91)-022-24091888
Millenium Exports,"B/1, Sangita Building, S V Road, Borivali West, Mumbai - 400092",+(91)-22-28058231
H K Industries,"14, 15, 16, Swastik Indl Est,  M-98, Vidyanagri Marg,, Kalina, Mumbai - 400098",+(91)-22-26526686
Lallubhai Amichand Ltd,"225/27 Dun Apartment, J Dadaji Road, Grant Road, Mumbai - 400007, Opposite Gamadia Colony, Near Bhatia Hospital, Tardeo",+(91)-22-23623389
Sagar Exports,"14 Piramal Industrial Estate, Goregaon West, Mumbai - 400062, Piramal Nagar, Off S V Road, Near Nana Nani Park",+(91)-22-28782681
Maxell Plast INDIA,"50/A, Laxmi Niwas, 2nd Panjarapole Lane, Cawasji Patel Tank, Mumbai - 400004, Near Madhav Baug, Sarvodaya Nagar",+(91)-22-22422442
Hindustan Kitchenwares,"Shop No 15, Jhaveri Building, 183/185, Bhuleshwar Road, Charni Road, Mumbai - 400004, Near Kumbhar Tukda",+(91)-22-22070777
Jewel Impex Pvt Ltd,"S/22, Arun Chambers, Tardeo, Mumbai - 400034, Near A C Market",+(91)-22-23526090
Reliance Plast,"101 Nirman Industrial Estate 1st Floor Oilmill Compound, Vasai East, Palghar - 401208, Near Blue Chip Estate",+(91)-250-2451139
Perfect Houseware PVT LTD,"M M Silk Mill Compound, Sonawala Cross Road No 2, Goregaon East, Mumbai - 400063, Opp Mk Industries",+(91)-22-26858788
Rivon Plastic Pvt Ltd,"319, Neo Corporate Plaza, Ramchandra Lane Extention, Malad West, Mumbai - 400064, Near Kachpada",+(91)-22-66963354
Crystal International,"Building No 2, Sanjay Mittal Estate, Unit No 2, Sir M Vasanji Road, Andheri East, Mumbai - 400059, Near International Airport",+(91)-22-28527375
Tirupati Kitchen Equipment,"Gala No. 9, Western Express Highway, Dahisar, Mumbai - 400068, Near Nitin Industrial Estate",+(91)-8652537737
Asian Industries,"C/O Neelima Enterprises, National Highway No.8,Vasai-Fata, Vasai East, Palghar - 401208, Opp Sayali Petrol Pump,Pelhar",+(91)-250-2450965
King Metal Works,"Plot No 7, Khokhani Industrial Estate, Vasai East, Palghar - 401208, Near Sai Baba Mandir, Sativali",+(91)-22-2480204
Supreme Industries,"10/11, Blue Chip 4, Sativali Road, Vasai East, Palghar - 401208, Waliv Phata",+(91)-22-3465167
Mahek Housewares Pvt Ltd,"Plot 12, Palghar - 401404, Near Palghar Court, Village  Aliyali",+(91)-2525-251972
Adarsh Aluminium Centre,"113, Ismail Curtey Road Mohd Ali Rd, Pydhonie, Mumbai - 400003, Near Jammali Mohalla",+(91)-22-22438110
Rena Kutz Kitchenwares Pvt ..,"111/C, Government Industrial Estate, Charkop, Mumbai - 400067",+(91)-22-28684560
Neha Industries,"66/1, Mantri House, Jakeria Road, Malad West, Mumbai - 400064, Somwar Bazar, Near Hanuman Temple",+(91)-22-28887342
Priyanka Steel,"Navghar Road, Bhayandar East, Thane - 401105, Near Gopimahal Hotel, D/4 Bhaidaya Nagar",+(91)-022-39317346
Reliable Corporation,"Survey No 285,, Mahim Road, Alyali,, Palghar, Palghar - 401404, Near Hi-Tech Industrial Estate",+(91)-22-323991
Sanjay Stainless Steel Work..,"G-66, Sarvodaya Nagar, 01st, Panjarapore Lane, Cawasji Patel Tank, Mumbai - 400004, Near Madhavbaug Post Office",+(91)-22-22425089
Komal Trading Corporation,"B12 Vaishali Industrial Estate No 2, Balkrishna Tawade Road Mhatre Wadi, Dahisar, Mumbai - 400068, Opp Dahisar Railway Station",+(91)-22-28926711
Shubham International,"5/10 Grants Bldg 2nd Flr, Arthur Bunder Rd, Colaba, Mumbai - 400005, Opp Basilico Restaurant Nr Radio Club",+(91)-022-32905944
General Traders,"105, Marol Coop Industrial Estate, M V Road, Marol Pipeline-andheri East, Mumbai - 400059",+(91)-22-28509400
Ramson Industries,"111 D, Government Industrial Estate, Kandivali West, Mumbai - 400067, Charkop",+(91)-22-28682378
Paar Kitchen Solutions Pvt ..,"Plot Number 7 Khokhani Industrial Estate, Sativali, Palghar - 401208, Opposite Gaodevi Talao, Near Vasai Flour Mill",+(91)-9821110363
Navkar Steel,"42, Kansara Chawl, Kalbadevi Road, Kalbadevi, Mumbai - 400002, Opposite Jankalyan Bank",+(91)-22-22427433
J.R. Rathod,"Shop No- 107 Chitale Vihar, Bhavani Shankar Road, Dadar West, Mumbai - 400028, Near Central Bank Of India",+(91)-022-24226159
Crockery Corner,"Shop No 15 & 16, Mira Mansion, Plot No. 29-B, Sion Circle Main Road, Sion, Mumbai - 400022, Opposite Punjab National Bank",+(91)-022-24091888
Millenium Exports,"B/1, Sangita Building, S V Road, Borivali West, Mumbai - 400092",+(91)-22-28058231
H K Industries,"14, 15, 16, Swastik Indl Est,  M-98, Vidyanagri Marg,, Kalina, Mumbai - 400098",+(91)-22-26526686
Lallubhai Amichand Ltd,"225/27 Dun Apartment, J Dadaji Road, Grant Road, Mumbai - 400007, Opposite Gamadia Colony, Near Bhatia Hospital, Tardeo",+(91)-22-23623389
Sagar Exports,"14 Piramal Industrial Estate, Goregaon West, Mumbai - 400062, Piramal Nagar, Off S V Road, Near Nana Nani Park",+(91)-22-28782681
Maxell Plast INDIA,"50/A, Laxmi Niwas, 2nd Panjarapole Lane, Cawasji Patel Tank, Mumbai - 400004, Near Madhav Baug, Sarvodaya Nagar",+(91)-22-22422442
Hindustan Kitchenwares,"Shop No 15, Jhaveri Building, 183/185, Bhuleshwar Road, Charni Road, Mumbai - 400004, Near Kumbhar Tukda",+(91)-22-22070777
Jewel Impex Pvt Ltd,"S/22, Arun Chambers, Tardeo, Mumbai - 400034, Near A C Market",+(91)-22-23526090
Reliance Plast,"101 Nirman Industrial Estate 1st Floor Oilmill Compound, Vasai East, Palghar - 401208, Near Blue Chip Estate",+(91)-250-2451139
Perfect Houseware PVT LTD,"M M Silk Mill Compound, Sonawala Cross Road No 2, Goregaon East, Mumbai - 400063, Opp Mk Industries",+(91)-22-26858788
Rivon Plastic Pvt Ltd,"319, Neo Corporate Plaza, Ramchandra Lane Extention, Malad West, Mumbai - 400064, Near Kachpada",+(91)-22-66963354
Crystal International,"Building No 2, Sanjay Mittal Estate, Unit No 2, Sir M Vasanji Road, Andheri East, Mumbai - 400059, Near International Airport",+(91)-22-28527375
Tirupati Kitchen Equipment,"Gala No. 9, Western Express Highway, Dahisar, Mumbai - 400068, Near Nitin Industrial Estate",+(91)-8652537737
Asian Industries,"C/O Neelima Enterprises, National Highway No.8,Vasai-Fata, Vasai East, Palghar - 401208, Opp Sayali Petrol Pump,Pelhar",+(91)-250-2450965
King Metal Works,"Plot No 7, Khokhani Industrial Estate, Vasai East, Palghar - 401208, Near Sai Baba Mandir, Sativali",+(91)-22-2480204
Supreme Industries,"10/11, Blue Chip 4, Sativali Road, Vasai East, Palghar - 401208, Waliv Phata",+(91)-22-3465167
Mahek Housewares Pvt Ltd,"Plot 12, Palghar - 401404, Near Palghar Court, Village  Aliyali",+(91)-2525-251972
Adarsh Aluminium Centre,"113, Ismail Curtey Road Mohd Ali Rd, Pydhonie, Mumbai - 400003, Near Jammali Mohalla",+(91)-22-22438110
Rena Kutz Kitchenwares Pvt ..,"111/C, Government Industrial Estate, Charkop, Mumbai - 400067",+(91)-22-28684560
Neha Industries,"66/1, Mantri House, Jakeria Road, Malad West, Mumbai - 400064, Somwar Bazar, Near Hanuman Temple",+(91)-22-28887342
Priyanka Steel,"Navghar Road, Bhayandar East, Thane - 401105, Near Gopimahal Hotel, D/4 Bhaidaya Nagar",+(91)-022-39317346
Reliable Corporation,"Survey No 285,, Mahim Road, Alyali,, Palghar, Palghar - 401404, Near Hi-Tech Industrial Estate",+(91)-22-323991
Sanjay Stainless Steel Work..,"G-66, Sarvodaya Nagar, 01st, Panjarapore Lane, Cawasji Patel Tank, Mumbai - 400004, Near Madhavbaug Post Office",+(91)-22-22425089
Komal Trading Corporation,"B12 Vaishali Industrial Estate No 2, Balkrishna Tawade Road Mhatre Wadi, Dahisar, Mumbai - 400068, Opp Dahisar Railway Station",+(91)-22-28926711
Shubham International,"5/10 Grants Bldg 2nd Flr, Arthur Bunder Rd, Colaba, Mumbai - 400005, Opp Basilico Restaurant Nr Radio Club",+(91)-022-32905944
General Traders,"105, Marol Coop Industrial Estate, M V Road, Marol Pipeline-andheri East, Mumbai - 400059",+(91)-22-28509400
Hindustan Kitchenwares,"Shop No 15, Jhaveri Building, 183/185, Bhuleshwar Road, Charni Road, Mumbai - 400004, Near Kumbhar Tukda",+(91)-22-22070777
Jewel Impex Pvt Ltd,"S/22, Arun Chambers, Tardeo, Mumbai - 400034, Near A C Market",+(91)-22-23526090
Reliance Plast,"101 Nirman Industrial Estate 1st Floor Oilmill Compound, Vasai East, Palghar - 401208, Near Blue Chip Estate",+(91)-250-2451139
Perfect Houseware PVT LTD,"M M Silk Mill Compound, Sonawala Cross Road No 2, Goregaon East, Mumbai - 400063, Opp Mk Industries",+(91)-22-26858788
Rivon Plastic Pvt Ltd,"319, Neo Corporate Plaza, Ramchandra Lane Extention, Malad West, Mumbai - 400064, Near Kachpada",+(91)-22-66963354
Crystal International,"Building No 2, Sanjay Mittal Estate, Unit No 2, Sir M Vasanji Road, Andheri East, Mumbai - 400059, Near International Airport",+(91)-22-28527375
Tirupati Kitchen Equipment,"Gala No. 9, Western Express Highway, Dahisar, Mumbai - 400068, Near Nitin Industrial Estate",+(91)-8652537737
Asian Industries,"C/O Neelima Enterprises, National Highway No.8,Vasai-Fata, Vasai East, Palghar - 401208, Opp Sayali Petrol Pump,Pelhar",+(91)-250-2450965
King Metal Works,"Plot No 7, Khokhani Industrial Estate, Vasai East, Palghar - 401208, Near Sai Baba Mandir, Sativali",+(91)-22-2480204
Supreme Industries,"10/11, Blue Chip 4, Sativali Road, Vasai East, Palghar - 401208, Waliv Phata",+(91)-22-3465167
Mahek Housewares Pvt Ltd,"Plot 12, Palghar - 401404, Near Palghar Court, Village  Aliyali",+(91)-2525-251972
Adarsh Aluminium Centre,"113, Ismail Curtey Road Mohd Ali Rd, Pydhonie, Mumbai - 400003, Near Jammali Mohalla",+(91)-22-22438110
Rena Kutz Kitchenwares Pvt ..,"111/C, Government Industrial Estate, Charkop, Mumbai - 400067",+(91)-22-28684560
Neha Industries,"66/1, Mantri House, Jakeria Road, Malad West, Mumbai - 400064, Somwar Bazar, Near Hanuman Temple",+(91)-22-28887342
Priyanka Steel,"Navghar Road, Bhayandar East, Thane - 401105, Near Gopimahal Hotel, D/4 Bhaidaya Nagar",+(91)-022-39317346
Reliable Corporation,"Survey No 285,, Mahim Road, Alyali,, Palghar, Palghar - 401404, Near Hi-Tech Industrial Estate",+(91)-22-323991
Sanjay Stainless Steel Work..,"G-66, Sarvodaya Nagar, 01st, Panjarapore Lane, Cawasji Patel Tank, Mumbai - 400004, Near Madhavbaug Post Office",+(91)-22-22425089
Komal Trading Corporation,"B12 Vaishali Industrial Estate No 2, Balkrishna Tawade Road Mhatre Wadi, Dahisar, Mumbai - 400068, Opp Dahisar Railway Station",+(91)-22-28926711
Shubham International,"5/10 Grants Bldg 2nd Flr, Arthur Bunder Rd, Colaba, Mumbai - 400005, Opp Basilico Restaurant Nr Radio Club",+(91)-022-32905944
General Traders,"105, Marol Coop Industrial Estate, M V Road, Marol Pipeline-andheri East, Mumbai - 400059",+(91)-22-28509400
Mahek Housewares Pvt Ltd,"Plot 12, Palghar - 401404, Near Palghar Court, Village  Aliyali",+(91)-2525-251972
Adarsh Aluminium Centre,"113, Ismail Curtey Road Mohd Ali Rd, Pydhonie, Mumbai - 400003, Near Jammali Mohalla",+(91)-22-22438110
Rena Kutz Kitchenwares Pvt ..,"111/C, Government Industrial Estate, Charkop, Mumbai - 400067",+(91)-22-28684560
Neha Industries,"66/1, Mantri House, Jakeria Road, Malad West, Mumbai - 400064, Somwar Bazar, Near Hanuman Temple",+(91)-22-28887342
Priyanka Steel,"Navghar Road, Bhayandar East, Thane - 401105, Near Gopimahal Hotel, D/4 Bhaidaya Nagar",+(91)-022-39317346
Reliable Corporation,"Survey No 285,, Mahim Road, Alyali,, Palghar, Palghar - 401404, Near Hi-Tech Industrial Estate",+(91)-22-323991
Sanjay Stainless Steel Work..,"G-66, Sarvodaya Nagar, 01st, Panjarapore Lane, Cawasji Patel Tank, Mumbai - 400004, Near Madhavbaug Post Office",+(91)-22-22425089
Komal Trading Corporation,"B12 Vaishali Industrial Estate No 2, Balkrishna Tawade Road Mhatre Wadi, Dahisar, Mumbai - 400068, Opp Dahisar Railway Station",+(91)-22-28926711
Shubham International,"5/10 Grants Bldg 2nd Flr, Arthur Bunder Rd, Colaba, Mumbai - 400005, Opp Basilico Restaurant Nr Radio Club",+(91)-022-32905944
General Traders,"105, Marol Coop Industrial Estate, M V Road, Marol Pipeline-andheri East, Mumbai - 400059",+(91)-22-28509400
Unitech Industries,"Plot No 54, Survey No 75, Waliv Phata, Off Satvali Road, Vasai East, Palghar - 401208, Near Ipol,",+(91)-9867331331
Rajesh Metal Industries Pvt..,"12/18, Vithalbhai Patel Road, Charni Road, Mumbai - 400004",
Noah Overseas PVT LTD,"702, Silver Arch A, Indra Darshan Layout, Off Link Road, Andheri West, Mumbai - 400053",+(91)-22-65204657
Shubh Polyplast,"205, Mukesh Appartment,  Pulghar, Vasai 401202, . Thane, Vasai West, Palghar - 401202, Above Priya Hotel Station Road West",+(91)-9890432993
Crockery Mumbai,"No.30, 2nd Panjrapole Lane,, Cawasji Patel Tank, Mumbai - 400004, Near Bank Of Baroda, Gulalwadi",+(91)-022-22425857
Shah Vastimal Dalichand  Br..,"10_a, Tatya Gharpure Path, Girgaon, Mumbai - 400004, Opp Pai Hospital",+(91)-22-23827629
Ramesh Appliances,"Shop No. 04, Bazarpeth Road, Kalyan West, Thane - 421301, Near Shankar Rao Chowk, Opposite Central Bank, Subhash Maidan",+(91)-9833651345
Jogani Kitchen Craft,"Gala No. 4, Munisuvrat Industrial Estate,, Sativali Road, Vasai East, Palghar - 401208, Next to Professional Couriers",+(91)-7021940042
Dhanlaxmi Metal Works,"Shop No 299, Nilesh Metali, Near Forest Depot,, Manor Road, Palghar, Palghar - 401404, Near At Netali Post, Gowade",+(91)-9860891800
Borosil Ltd,"1101,11th Floor, Plot No C 38/39,Crescenzo, Bandra Kurla Complex-bandra East, Mumbai - 400051, Opposite MCA Club, G Block",+(91)-022-67406300
R K Steel Center,"Shop 2, Nazare Vilas, Indumati Sakarikar Path, Colaba, Mumbai - 400005, Near Jain Temple",+(91)-22-22832956
Global Equipment,"Office No 37 1st Floor Vijay Building, Andheri Kurla Road, Sakinaka, Mumbai - 400072, Near Okay Silkmills",+(91)-22-28512642
Classic Housewares Pvt Ltd,"101,Laxmi Apartment, Kandivali East, Mumbai - 400101, Near Ibps,Thakur Complex",+(91)-022-28020945
Chirag Industries,"Gala No C1/ C2, Navghar Road, Bhayandar East, Thane - 401105, Gopi Mahal Hotel",+(91)-9320329050
Gandhi Exports,"Building No 5503, Gandhi Estate, National Highway No 8, Vasai East, Palghar - 401208, Near Burma Shell Petrol Pump, Opposite Golden Tulip Hotel",+(91)-9833292092
Anjali Products,"4 Vinay Industrial Estate, Devrukhakar Road, Malad West, Mumbai - 400064, Chinch Bunder Road",+(91)-22-65739947
Paras Plastics,"19 Kamla Bhawan,Sharma Indl Est, Walbhat Road, Goregaon East, Mumbai - 400063",+(91)-22-28734152
Royal Emporio,"Plot No 40, Gokhale Road, Malad East, Mumbai - 400097",+(91)-8898461983
Anchor Metal Corporation,"Mumbai - 400004, Baleshwar Mandir",+(91)-9920200822
Esteel Mart,"4/300, arunodaya, bhimani street, Matunga East, Mumbai - 400019, opp napoo gardens",+(91)-9867270770
Gandhi Exports,"110, Kandori Building, 215 Panjrapole Road Corner, Charni Road, Mumbai - 400004",+(91)-22-22428547
Basar Stainless Pvt Ltd,"201, Standard House, 83, Maharshi Karve Road, Marine Lines, Mumbai - 400020",+(91)-022-61409900
MOFNA Industries,"Mohan Complex, Fort, Mumbai - 400001, Opposite SBI BANK",+(91)-9999623654
Shreeji Glass Ware,"Shop No 12 Rahul Acord, Kasturi Park, Bhayandar East, Thane - 401105, Near Mother Merry English School",+(91)-022-65275603
Neelam Appliances Pvt Ltd (..,"G-75, 1st Panjarapole Lane, Cawasji Patel Tank, Mumbai - 400004, Sarvoday Nagar",+(91)-22-22420227
Micro Exports,"F 5/6, Mira Bhayandar Road, Mira Road, Thane - 401107, Near Hatkesh Udyog Nagar",+(91)-022-28100685
Shree Mahadev Steel Art,"Shop No.- 9 , Jolly Centre Building, Tilak Road, Santacruz West, Mumbai - 400054, Near S.V. Road",
Surbhi Industry,"212 Shivsagar Industrial Estate, Kotkar Marg, Goregaon East, Mumbai - 400063",+(91)-22-28737774
Rishabh Metal,"Harish 2 Industry Estate Gala No 21, Golani Naka, Vasai East, Palghar - 401208, Behind Kanti Hardware",07947213534
Famous Dharwala,"Shop No 4,M N D'Souza Compound, Kherani Road, Sakinaka, Mumbai - 400072, Opp S J Studio",+(91)-9987271793
Famous Dharwala,"Shop No. 4 M N D'Souza Compound, Khairani Road, Andheri East, Mumbai - 400072, Near Hari Masjid",+(91)-8755294098
Vison Exim,"20/B, Ground Floor, Apollo Industrial Estate, Andheri East, Mumbai - 400093, Off Mahakali Caves Road",+(91)-022-40583012
Ankit Appliances,"Udyog Dhan,Vikas Metal Compound, Lbs Marg, Vikhroli West, Mumbai - 400089",+(91)-22-25120548
V B Industries,"Gogatewadi Atul Engineering Compound, Goregaon East, Mumbai - 400063",+(91)-9820336629
Trupti Enterprise,"111 Anandraj Industrial Estate, Off L B S Road, Bhandup West, Mumbai - 400078",+(91)-022-25660283
Simplex Kitchen Ware,"Gala No. 42, Sewri, Mumbai - 400015, Plot No. 102, Indra Nagar, Opposite Amar Tea",+(91)-9820829321
General Mechanical Works,"391 Kotkar Building, Sane Guruji Marg, Mahalaxmi, Mumbai - 400011, Behind Nair Hospital",+(91)-022-23092399
Shree Kangaroo Enterprise,"Shop No. 06, Markar Building No 7, 1st Panjrapole Road, Girgaon, Mumbai - 400004, C P Tank",+(91)-9820440511
Bhavik Appliance,"G/71,Sarvodaya Nagar, 1st Panjrapole, Charni Road, Mumbai - 400004, Near C P Tank Road",+(91)-22-22422020
Gandhi Kothari And Co.,"18 Godiji Chawl, Mumbadevi Road, Pydhonie, Mumbai - 400003",+(91)-22-22427423
Murphy Metal Industries,"B/24, Panjrapole Road, Cawasji Patel Tank, Mumbai - 400004, Sarvodaya Nagar",+(91)-22-22422993
Shree Padmavati Trading Cor..,"Building No 54, Parekh Ghar , 1 St Floor , Room No 2, 1 St Bhoiwada , Bhuleshwar Road, Kalbadevi, Mumbai - 400002, Near Surti Hotel",+(91)-9819379747
Cookvel Appliances Pvt Ltd,"9 Jain Chawl, Jain Mandir Road, Borivali East, Mumbai - 400066, Near Jain Mandir Daulat Nagar",+(91)-22-23462807
Fedora Impex Co,"102 Dr Atmaram Mirchant Rd, Kalbadevi, Mumbai - 400002, Anant Road",+(91)-22-22088949
Mitesh Metal Industries,"A/7 Gavl Society, Vasai East, Palghar - 401208, Gorai Pada",+(91)-250-6579798
Dhanlaxmi Inds,"A-1, Goddev Rd, Bhayandar East, Thane - 401105, SAI Udyog Ngr, Opp Syndicate Bank",+(91)-22-28190684
Maharaja Distributors,"101, Sarvoday Nagar, B.P. Cross Road No. 3, Bhayandar East, Thane - 401105, Bhaji Market",+(91)-22-30917173
Khushi Enterprises,"Plot No 2 & 9,Kusumgar Indl Estate, Cabin Cross Road, Bhayandar East, Thane - 401105, Goddev Naka",+(91)-9324503503
Kamdhenu Industries,"Gala No 1 Shreepal Industrial Estate, Naughar Road, Bhayandar East, Thane - 401105, Near Shilpa Hotel",+(91)-9322220566
Satish Steels,"Plot No 37, Sector No 1, Gaurai Pada, Vasai East, Palghar - 401208, Vasai Taluka",+(91)-250-3251900
Vardhman Kitchenware Pvt Lt..,"Ghodbunder Road, Manpada-Thane West, Thane - 400607, Near Decotex Furnishing",+(91)-022-25893594
Jalaram Appliances,"10 Deven Industrial Estate, I B Patel Road, Goregaon East, Mumbai - 400063, Opp Bank Of India",+(91)-22-26852980
Pralika Overseas Pvt Ltd,"Office No 201, Neo Corporate Plaza, Ramchandra Lane, Malad West, Mumbai - 400064",+(91)-22-28811625
Sameer Enterprises Kandivil..,"A/2, Vivekmandir Society, S V Road, Kandivali West, Mumbai - 400067, Majithia Nagar, Near Milap Cinema",+(91)-022-28058326
Savvy Brands,"Shreeji Arcade, 120, Mahatma Gandhi Road, Borivali East, Mumbai - 400066",+(91)-8058710851
Shree Datta Metal Industrie..,"33/35 Damodar Bhuvan, 1st Parsiwada V P Rd, Charni Road, Mumbai - 400004",
Pragati Metal Works Pvt Ltd,"Gut No 982/5, 983/5, Old Satpati Road, Palghar, Palghar - 401404, Shirgoan Village",+(91)-22-645701
Exel Equipments,"Unit No 3, Pipson D'souza Compound, Kherani Road, Sakinaka, Mumbai - 400072, Behind Madina Hotel",+(91)-22-28523418
Shree Kanchan Steel,"Shop No.3, SS2, Secor 6, Kopar Khairane, Navi Mumbai - 400709, Near Anna Saheb Patil Garden,Station Road",+(91)-9324062616
Glocal Source,"Gala No. 10, Mira Industrial Estate, Off Phatak Road, Bhayandar East, Thane - 401105, Near Hp Gas Godown",+(91)-9820250643
Shreeji International,"I/1, Bhayandar East, Thane - 401105, Behind Church, Vikas Udyog Nagar, Off God DEV Road",+(91)-22-28145588
Shankheshwar Enterprises,"9, Nakul Gaikar Compund, Jail Road, Kalyan West, Thane - 421301, Adharwadi",+(91)-9833839290
Nirali Group Of Companies,"210, Kalyandas Udyog Bhavan, S H Tandel Marg, Prabhadevi, Mumbai - 400025, Near Century Bazar",+(91)-22-24315500
Usha Industries,"Gala No 4, Mulji Nanji Ajugia Compound, Mamletdar Wadi-malad West, Mumbai - 400064, Opposite Kadia Wadi, Near Jain Mandir, 3rd Mamlatdar Wadi",+(91)-8104148462
Macro Industries,"99 New Unique Est 2nd Flr, Dr R P Rd, Mulund West, Mumbai - 400080",+(91)-22-25646254
Casco Company,"B 7/8 Om SAI Indl Est, Mira Bhyander Rd, Bhayandar East, Thane - 401105",+(91)-22-28049017
Vishal Dies Works,"Mona Industrial Estate, Unit No 8, Vasai East, Palghar - 401208, Navghar",+(91)-250-6682025
Ninad Pottery,"Bungalow No 12 A, Stavely Road, Camp, Pune - 411001, Near Bombay Garage",+(91)-9225633029
Rohiba Enterprises I Flour ..,"09, Gajanan Galaxy Apartment, In Front Of Indira Gandhi Statue, Narayan Bapu Nagar,Jail Road, Nashik Road, Jail Road, Nashik - 422101, Indira Gandhi Statue",+(91)-9168943322
Aniket Metals Pvt Ltd,"23/5 Neyr Shri Gaav Gidc, Gidc, Valsad - 396155",+(91)-9898622199
Supreme Steel Works,"B/602 Mansarovar Suchidham, Film City Road, Malad East, Mumbai - 400097, Next To Dindoshi Bus Stop",+(91)-9324547712
Glare Appliances Pvt Ltd,"Plot No 1/C, Survey No 188/P, National Highway No 27 , Gondal Road, Shapar, Rajkot - 360024",+(91)-2827-252512
Kishan Metal,"2, Amarnagar  Street No 1, Mavdi Plot, Rajkot - 360004, Near Bahuchar Vidyalaya, Behind Umakant Pandit Udhyognagar",07947257798
Deodap,"F/7, Old Marketing Yard, Marketing Yard, Rajkot - 360003, Near Khetlaapa Hotel",+(91)-9966664760
Balaji Industries,"Kailash Industrial Area, Street No 3, Swati Park Main Road, Ring Road, Rajkot - 360002, Near Lilavati Party Plot",+(91)-281-6452755
Garuda Overseas,"13 Mangal Murti Complex, Opp City Gold, Ashram Road, Ahmedabad - 380009, Ashram Road",+(91)-079-26574869
Shree Ram Kitchen Appliance..,"Survey No 207, Plot No 7, Veravad Main Road, Shapar, Rajkot - 360024",+(91)-2827-252378
Poonam Fibre Industries,"K.c.l Building ,Shop Number -5, Amin Marg, 150 Feet Ring Road, Rajkot - 360005, Near ,150ft Ring Road",+(91)-281-2586999
Raju Kitchenware Products,"Dev Krupa Industries, 1, Gokul Nagar, Gokuldham Main Road,, Gondal Road, Rajkot - 360004, Opposite Maruti Estate,",+(91)-9537728006
Royal Kitchenware,"A 2/7, Aji Gidc, Road A, Aji Industrial Estate, Rajkot - 360003, Near Pearl Exports, Near Dawn Engineering",+(91)-281-2385771
JYOTI LIGHTER & KITCHENWARE,"2 Patel Nagar, 80 Feet Road, Rajkot - 360002, Near Sorathiya Vadi Circle",+(91)-9426644770
Jyoti Gas Lighter,"2 Patel Nagar, 80 Feet Road, Rajkot - 360002, Near Sorathiya Vadi Circle",+(91)-9426644770
Action Ware India Pvt Ltd,"316, Sagar Arcade, Gondal Road, Swaminarayan Gurukul, Rajkot - 360002, Opposite Union Bank Of India",+(91)-281-48832863
Max Kitchenware,"Plot No. 15, Survey No 87,  Suvidha Industrial Area, National Highway No B-27, Shapar, Rajkot - 360024, Behind Atul Auto, Near Jagtat(Agingo) Hotel, Near Ribda Chokadi",07947160927
J K Products,"Shed No A-2/1, Aji Vasahat No 1, Gidc Road, Aji Industrial Estate, Rajkot - 360003, Near Gidc Water Tank",+(91)-281-2384587
Jay Kay Products,"Nandanvan 2, Gondal Road, Rajkot - 360004, Behind Gokuldham",+(91)-9879519196
Glare Appliances Pvt Ltd,"213, Ajanta Commercial Complex, Gondal Road, Rajkot - 360002, Opposite Bombay Hotel",+(91)-281-2462221
Ganesh Metal Industries,"10, Samrat Industrial Area, Gondal Road, Rajkot - 360004, Behind S T  Workshop, Opposite Satyanarayan Way Bridge",+(91)-281-2368982
Ritu Products,"Shed No A/2/1, Aji Vasahat, Aji Industrial Estate, Rajkot - 360003, Nea Gidc Water Tank, Near Aji Post Office",+(91)-281-2384587
Shivam Industries,"Plot No B 4 Meldi Estate, Gota Road, Ahmedabad - 382481, Nr Umiya Submersible Pump Opp Pyramid Industry",+(91)-79-241718
Bharat Industries,"Jill Garden Chowk, Canal Road, Rajkot Ho, Rajkot - 360001",+(91)-281-2223144
Tulsi Metal Pvt Ltd,"Survey No 275, Plot No 3, Galaxy Industrial Area, Shapar, Rajkot - 360024, Behind Gravitri Cast Pvt Ltd",+(91)-02827-253435
Khatri Steels,"C-1/7, GIDC, Ambicanagar Road, Odhav GIDC, Ahmedabad - 382415, B/H National Water Tank, Opp Appa Hotel",+(91)-79-22872447
Rainbow Kitchenware,"Ratna Estate, Street Number 12, Gokuldham, Rajkot - 360004",+(91)-281-2377952
Decent Appliances,"6, Ramnagar, 80 Feet Road, Rajkot Ho, Rajkot - 360001, Aji Vasahat",+(91)-281-2385090
Mirambica Enterprise,"Mavdi By Pass, B/H. Patel Complex, Mavdi, Mavdi Plot, Rajkot - 360004",+(91)-9227602099
Maruti Interior Product Pvt..,"13, Survey No 236, Shapar, Rajkot - 360024, Behind Vikas Stove, Jay Krishan Industrial Estate",+(91)-281-253895
Shree Hari Marketing,"4, Samrat Industrial Area, Gondal Road, Rajkot - 360002, Behind Mansata Industries, Near Ban Lab",+(91)-281-2386747
Khodiyar Brass Casting,"Shop No 4, Ramnagar, 80 Feet Road, Aji Industrial Estate, Rajkot - 360003, Behind K Rasiklal & Co",+(91)-281-2389227
Ultra Metal,"92, Shree Hari Society, Ring Road, Rajkot Ho, Rajkot - 360001, Near Radha Palace Hotel, Mira Udhyog Nagar",+(91)-281-2384062
Mehta Flint,"Near Tamboli Market, Nadipa Street 2, Grain Market, Jamnagar - 361001, Bhadlawala Della",+(91)-0288-2670512
Santosh Gupta Steel Store,"Door No 9-110, Sri Sai Baba Temple Road, Dilsukhnagar, Hyderabad - 500060, Near Karur Vysya Bank",+(91)-040-66464299
Tripura Metal Industries,"Plot No 15-196, Feelkhana, Hyderabad - 500012, Near Rajadani Hotel",+(91)-9398790277
Sagar Matha Stone Arts,"8-3-833/160, Plot No 160, Phase 2, Kamlapuri Colony, Sri Nagar Colony, Hyderabad - 500073",+(91)-8897543590
Neha Enterprises,"15-8-514,B-Block, Shop No: 9, Upper Ground Amar Estate, Feelkhana, Hyderabad - 500012",+(91)-40-66369765
Gauge16 Hotelwares Llp,"558, 9th Cross, Bengaluru, Karnataka, Bengaluru, Jp Nagar, Bangalore - 560078",+(91)-9845999229
Happy Home,"Gantalamma Chettu ,, Patnam Bazar, Guntur - 522003, Gantalamma Chettu Street Chowtra Center",07947348918
Preethi Kitchen Appliances ..,"No 334 Futura Tech Park Q 4 Block B 4th Floor, Rajiv Gandhil Salai, Old Mahabalipuram Road, Sholinganallur, Chennai - 600119, Near Paypal Building",+(91)-44-24501044
Magizh Copper,"No:38, Thirukkural Main Road, Sri Sakti Nagar, Annanur, Chennai - 600062, Near Annanur Railway Station",+(91)-9940062662
Jai Jai Ramakrishna Hari,"No 5, Luckmodoss Street, Park Town, Chennai - 600003",+(91)-44-23465300
New Valarmathi Marketing,"No 1/249,, South Park  Street,Venkatapuram, Ambattur, Chennai - 600053, Near By Murugan Temple",+(91)-44-26574509
Sastha Kitchen Equipments,"No 143, Nava India Road, Peelamedu, Coimbatore - 641004, Opp to ST Courier Head Office,",+(91)-9842297516
Mankalai Koodam,"P.h.road, Trunk Road, Poonamallee, Chennai - 600056, Near Arignar Anna School",+(91)-9962331301
Parvathi Stores,"No 66/11, Mth Road, Ambattur, Chennai - 600053, Near Vinayakar Kovil, Varadharajapuram",+(91)-044-26241942
Shekina Metal Works,"No 4/1089, 5th Street 60 Feet Road, Sithalapakkam, Chennai - 600126, Sankarapuram Near Pillaiyar Kovil",+(91)-44-65551350
Rasi Metals,"No 204, Mint Street, Park Town, Chennai - 600003, Opposite C C Bank",+(91)-44-25353406
Tamilnadu Steel India,"No 210, Mint Street, Park Town, Chennai - 600003, Near Kanthaswamy Kovil",+(91)-44-23463358
Avias INDIA,"No. 145, Sydenhams Road, Periyamet, Chennai - 600003, Jawaharlal Nehru Stadium-Choolai",+(91)-44-48684427
Rishab Hotel And Restaurant..,"F-148, Double Story Quarter, Idgah Road, Idgah Road, Delhi - 110006, Near Kabir Mandir",+(91)-11-23617074
Ok Industries,"B-73, Naraina Industrial Phase 2, Delhi - 110028",+(91)-9717466999
Jagdamba Cutlery Ltd (Regis..,"Shri & Sam, Plot No 120 121, HSIDC Kundli, Kundli - 131028, HSIIDC, Phase V, Kundli, Industrial Area, Sector 53",+(91)-9899717949
Sri Bramha Industries,"Ers Complex, Trichy Tanjore Main Road, Ariyamangalam, Trichy - 620010, Opposite SIT",+(91)-9842471326
Arjan Impex PVT LTD,"Ag-100, Sanjay Gandhi Transport Nagar, Delhi - 110042, Nr Bye Pass G T Karnal Rd, Nr IBP Petrol Pump",+(91)-11-49594400
Balaji Bartan Bhandar,"4573, Reghar Pura, Karol Bagh, New Delhi, Arya Samaj Rd, Karol Bagh, Delhi - 110005",+(91)-11-45000134
Anandhas Kitchenware,"No 180/440, Wast Masi Street, Keerathurai, Madurai - 625001, Near Pothys",+(91)-452-2347124
A One Stainless Steel,"395, Pathan Pura Gali, Shahdara, Delhi - 110032, Near Baburam School",+(91)-11-22308525
Snb Enterprises Pvt Ltd,"Village Nathupur, Kundli, Sonepat - 131001",+(91)-9999291119
Saluja Kitchenware,"C-3, Wazirpur, Main Road, Wazirpur Industrial Area, Delhi - 110052, Near Wazirpur Petrol Pump",+(91)-011-27374704
Shree Shakti Enterprises Pv..,"Plot No. 72, Kundli HO, Kundli - 131028, Phase 4, Hsiidc,Sector-57",+(91)-0130-2219960
Priyanka India Pvt Ltd,"B 109, Mayapuri Industrial Area, Delhi - 110064, Phase 1 Police Station",+(91)-11-47429900
Ganga Steels,"B 73, Wazirpur Industrial Area, Delhi - 110052, Near State Bank",+(91)-011-42475215
Philco Industries,"No.A-6/2, Mayapuri Industrial Area Phase 2, Delhi - 110064, Opposite to New Era Public School",+(91)-11-28115050
Plastcare,"12-A, Krishna Nagar, Delhi - 110051, Old Anarkali",+(91)-011-22466109
Maruti Steel Udyog,"B-70/2,Basement, Wazirpur Industrial Area, Delhi - 110052, Opp Aggarwal Dharam Kanta",+(91)-11-27372333
Malik Traders,"4779, Diputy Ganj, Sadar Bazar, Delhi, Main Road, Sadar Bazar, Delhi - 110006",+(91)-11-23613031
Arihant Traders,"Shop Number- 604, Sadar Bazar, Delhi - 110006, Opposite Central Bank",+(91)-011-23611567
Deepak Metal Industries,"C-520,Dsidc, Narela, Delhi - 110040, Near Haryana Border",+(91)-11-23516263
Av Industries,"Shop Number- 14, Suraj Vihar, Hapur HO, Hapur - 245101, Near Chobla Tehsil, Gurudwara",+(91)-9810001467
Shiv Darshan  sansthan,"Banglo Plat No 10, Pandav Nagar, Delhi - 110092, Opp Mother Dairy Near Ramleela Park",+(91)-011-47093937
Welbilt India,"Plot Number-117, 3rd Floor, Gurgaon Sector 45, Gurgaon - 122003, Near Rama Tower Hotel",+(91)-124-4763700
Echelon Products Pvt Ltd,"Plot Number-400, Firni Road, Main Bawana Road, Bawana, Delhi - 110039, Near Shivan Farm House, Lal Dora Extention, Pooth Khurd",+(91)-11-27762540
Royal Appliances,"603/9, G T Rd, Shahdara, Delhi - 110032",
Gulati Engineers,"963/1, Vishkarma Road, Jagadhari Road, Ambala - 134003, Near Manji Sahab Gurudwara",+(91)-9896377705
Aggarwal Steel Company,"Plot No 342 and 323, Industrial Area Phase  Ii, Chandigarh - 160002, Near Dev Darshan",+(91)-0172-2652107
Shri Bharath metals,"No 85 1st Floor, Swamy Sannathy Street, Tirunelveli Town, Tirunelveli - 627006, Near to Nellaiappar Temple",+(91)-462-2337267
Essel Kitchenware Ltd,"4, 5th Floor, HM Palace, Fairley Place, Kolkata Gpo, Kolkata - 700001, Near Fairly Ghat",+(91)-033-40509000
Hamilton Housewares,"Aiidc Industrial Growth Centre Chaygaon Satabari Phase1 Plot No.19b, Kamrup - 781123",+(91)-9706042199
