New Image Hair Studio,"Gayatri Nagar Society, Padal, Kheda - 388235, Opposite Bank Of Baroda, Timban Mevada",+(91)-9712098613
Kool Cut Hair Saloon,"Pij Road, Patel Society, Kheda - 387002, Near Railway Station",+(91)-9601774771
Salon Point,"16, Harikunj Society,, Dakor Road, Kapadwanj, Kheda - 387620, Near Parekh College",+(91)-8128232533
Ok Hair Saloon,"Badasa Pole, Dumral Bazar, Dumral Bazar, Kakarkhad Bari, Dumral Bazar, Junaraopura, Nadiad, Dumral Bazar, Kheda - 387002",+(91)-9998346646
Perfect Hair Salon,"Perfect Hair Salon, Sujela Complex, Near Mukeshwar Mahadev, Birpur Kheda, Kheda - 388260, Virpur, Mahisagar",+(91)-8000988338
Neel Hair Saloon,"Nadiad Bypass Road, Radhvanaj, Kheda - 387570",+(91)-8347147572
Shivam Hair Saloon,"Gitanjali Chokdi, Nadiad, Patel Society, Kheda - 387002, Near Pizza Express",+(91)-9909124796
Khodiyar Hair Cutting,"Mahisa, Kheda - 387340",+(91)-9712599482
Ok Hair Dressers,"Pruthvi Park Society, Nadiad, Patel Society, Kheda - 387002",+(91)-9723345446
Prince Hair Art,"Atpost Virpur, Mahisagar, Virpur, Birpur Kheda, Kheda - 388260, Beside Bus Stand",+(91)-8980862507
New Kesh Kala Hair Salon,"109 Shyam Vila Complex, Yogi Nagar, Dabhan, Kheda - 387002",+(91)-8401271111
Khushali Hair Saloon,"Pij Road, Patel Society, Kheda - 387002, Opposite Ramdev Pir Mandir",+(91)-9173825550
New Prince Hair Saloon,"Sona Rupa Complex, Nadiad, Vaishali Cinema Road, Kheda - 387002",+(91)-9924391259
Kohinoor Hair Art,"Gj Sh 59, Mahudha, Mahudha Kheda, Kheda - 387335",+(91)-8268264442
Limbach Hair Style,"6;7.Virol Gate Auda Shopping Center, Mahemdabad, Mehmedabad Kheda, Kheda - 387130, Near Nagar Palika",+(91)-7096212609
Monopoly Hair Art Point,"Radhu, Radhu Kheda, Kheda - 387560",+(91)-8980434243
Komal Hair Dresser,"Moti Zer, Kheda - 387650",+(91)-9308360922
Janata Salon,"Salun, Kheda - 387360",+(91)-7041708410
Prince Hair Studio,"Sevaliya Road, Sevaliya, Kheda - 388245",+(91)-8460865625
Bhumi Hair Art,"Kapadwanj, KHEDA - 387620, Near Natraj Cinema",+(91)-9725748854
New Kesh Kala Hair Salon,"109 Shyam Vila Complex, Yogi Nagar, Dabhan, Kheda - 387002",+(91)-8401271111
Khushali Hair Saloon,"Pij Road, Patel Society, Kheda - 387002, Opposite Ramdev Pir Mandir",+(91)-9173825550
New Prince Hair Saloon,"Sona Rupa Complex, Nadiad, Vaishali Cinema Road, Kheda - 387002",+(91)-9924391259
Kohinoor Hair Art,"Gj Sh 59, Mahudha, Mahudha Kheda, Kheda - 387335",+(91)-8268264442
Limbach Hair Style,"6;7.Virol Gate Auda Shopping Center, Mahemdabad, Mehmedabad Kheda, Kheda - 387130, Near Nagar Palika",+(91)-7096212609
Monopoly Hair Art Point,"Radhu, Radhu Kheda, Kheda - 387560",+(91)-8980434243
Komal Hair Dresser,"Moti Zer, Kheda - 387650",+(91)-9308360922
Janata Salon,"Salun, Kheda - 387360",+(91)-7041708410
Prince Hair Studio,"Sevaliya Road, Sevaliya, Kheda - 388245",+(91)-8460865625
Bhumi Hair Art,"Kapadwanj, KHEDA - 387620, Near Natraj Cinema",+(91)-9725748854
