Kajri Beauty Care,"1st, Floor Dhanraj Complex, Bamroli Road, Godhra, Godhra - 389001, Opposite Rayanwadi",07947322765
Next Stage Beauty Parlour &..,"Iti Road, Godhra, Godhra - 389001, Near City Bank",07947081113
Mahi Zone,"F/16, Raj Complex, Godhra, Godhra - 389001, Opposite B V Gandhi Petrol Pump",07947322769
Shrungar Makeup Studio,"29, Nityanand, Bhuravav Road, Godhra, Godhra - 389001, Behind S T Nagar",07947322794
Plumz Studio,"First Floor, Swikruti Complex, Road, Godhra Town, Godhra - 389001, Near Bhuravav Cross",07947465977
Scissors & Cuts,"Shop No 46/47, Ami Arcade, Garden Road, Godhra, Panchmahal - 389001, Opposite New Bus Stand Road",+(91)-8401700070
Wow Unisex Salon Academy,"Shop No 2/14/15  1st Floor Gruhprasad Complex, Chitra LIC Road, Godhra, Godhra - 389001, Near Chitra Cinema, Above Punjab National Bank",+(91)-02672-250877
Saundarya Beauty Care & Mak..,"Parvati Nagar,, Yogeshwar Road, Godhra, Godhra - 389001, Bhuravav",+(91)-9726283153
Panchi Bridal Studio,"Baroda Road, Godhra, Godhra - 389001, Nr Church Opp Old Mehta School",+(91)-8511284869
Roots Hair And Beauty,"Chitra Cinema Road, Godhra, Panchmahal - 389001, Near Gayatri Hosiery",+(91)-7016559988
Ho Hair Style Salon,"Mangal Murti Complex, Bus Stop Road, Godhra, Panchmahal - 389001, Near Mr.Puff Bakery",+(91)-9979068272
Jiyas Beauty Plus,"Below Khushi Classes, Gheti Faliya, Halol, Panchmahal - 389350, Pavagadh Road",+(91)-9714533232
Prime Beauty Studio & Class..,"F-7 Ranchod Ji Complex, Vardhari Road, Lunawada, Panchmahal - 389230, Near Luneshwar Cross Road",+(91)-9428413806
Angel The Family Salon,"5 1st Floor, Signature Complex, Civil Hospital Road, Godhra, Panchmahal - 389001, Opposite Church",+(91)-9974297975
Her Beauty Clinic & Spa,"2nd & 3rd Floor, Womens World Complex, Panchmahal , Main Bazar, Near Police Station, Opposite Mandir Faliya",+(91)-9737051514
Mr. Cut,"S. T. Nagar Road, Godhra, Panchmahal - 389001, Near Sinduri Mata Temple",+(91)-9824902649
Maaz Beauty Salon,"Khadi Fadiya, Aman Society, Godhra, Panchmahal - 389001, Near.  Ahmed Raza Masjid",+(91)-9106223707
Anjali Beauty Studio,"Anjney Complex,, Near Sevak Printers, Lunawada, Panchmahal - 389230, Behind Post Office",+(91)-9510423280
Ho Hair Style Salon,"Mangal Murti Complex, Bus Stop Road, Godhra, Panchmahal - 389001, Near Mr.Puff Bakery",+(91)-9979068272
Jiyas Beauty Plus,"Below Khushi Classes, Gheti Faliya, Halol, Panchmahal - 389350, Pavagadh Road",+(91)-9714533232
Prime Beauty Studio & Class..,"F-7 Ranchod Ji Complex, Vardhari Road, Lunawada, Panchmahal - 389230, Near Luneshwar Cross Road",+(91)-9428413806
Angel The Family Salon,"5 1st Floor, Signature Complex, Civil Hospital Road, Godhra, Panchmahal - 389001, Opposite Church",+(91)-9974297975
Her Beauty Clinic & Spa,"2nd & 3rd Floor, Womens World Complex, Panchmahal , Main Bazar, Near Police Station, Opposite Mandir Faliya",+(91)-9737051514
Mr. Cut,"S. T. Nagar Road, Godhra, Panchmahal - 389001, Near Sinduri Mata Temple",+(91)-9824902649
Maaz Beauty Salon,"Khadi Fadiya, Aman Society, Godhra, Panchmahal - 389001, Near.  Ahmed Raza Masjid",+(91)-9106223707
Anjali Beauty Studio,"Anjney Complex,, Near Sevak Printers, Lunawada, Panchmahal - 389230, Behind Post Office",+(91)-9510423280
