Next Stage Beauty Parlour &..,"Iti Road, Godhra, Godhra - 389001, Near City Bank",07947081113
Shrungar Makeup Studio,"29, Nityanand, Bhuravav Road, Godhra, Godhra - 389001, Behind S T Nagar",07947322794
Mahi Zone,"F/16, Raj Complex, Godhra, Godhra - 389001, Opposite B V Gandhi Petrol Pump",07947322769
Plumz Studio,"First Floor, Swikruti Complex, Road, Godhra Town, Godhra - 389001, Near Bhuravav Cross",07947465977
Stylo Hair & beauty saloon,"Muncipal Complex, M.G. Road, Godhra, Panchmahal - 389001, Near Nava Bazar",+(91)-9228217999
Hair Fashion,"Godhara Road, Alha Bank Anasa  Squre Bus  Sation Road, Halol, Panchmahal - 389350",+(91)-2676-225020
Iskcon Salon & Academy,"1st Floor, Mahalaxmi Chamber, Bus Stop Road, Godhra, Panchmahal - 389001, Near Mr. Puff",+(91)-02672-351515
Amrapali Beauty Parlour,"100, Mahaveer Nagar, Bamroli Road, Godhra, Panchmahal - 389001, Near Setu Health Club,",+(91)-9925864477
Scissors & Cuts,"Shop No 46/47, Ami Arcade, Garden Road, Godhra, Panchmahal - 389001, Opposite New Bus Stand Road",+(91)-8401700070
Nits Hair & Beauty Studio,"Swaminarayan Complex, Godhra, Panchmahal - 389001, Opposite Bamroli Rd",+(91)-8866373408
Prince hair Art,"Gupteshwar Road'kanyashala Passe, Vejalpur, Panchmahal - 389340",+(91)-9727347470
Wow Unisex Salon Academy,"Shop No 2/14/15  1st Floor Gruhprasad Complex, Chitra LIC Road, Godhra, Godhra - 389001, Near Chitra Cinema, Above Punjab National Bank",+(91)-02672-250877
Saundarya Beauty Care & Mak..,"Parvati Nagar,, Yogeshwar Road, Godhra, Godhra - 389001, Bhuravav",+(91)-9726283153
Panchi Bridal Studio,"Baroda Road, Godhra, Godhra - 389001, Nr Church Opp Old Mehta School",+(91)-8511284869
Urvashee Beauty and Hair Sa..,"85, Bamroli Road, Gita Nagar, Godhra, Panchmahal - 389001",+(91)-9879129291
Roots Hair And Beauty,"Chitra Cinema Road, Godhra, Panchmahal - 389001, Near Gayatri Hosiery",+(91)-7016559988
Ho Hair Style Salon,"Mangal Murti Complex, Bus Stop Road, Godhra, Panchmahal - 389001, Near Mr.Puff Bakery",+(91)-9979068272
Raj Vaibhav Beauty Salon,"Kanjari Road, Halol, Panchmahal - 389350, Near Kalarav School",+(91)-9825660799
Sai Hair Art,"7, Narayan Shopping Centre, Godhra Road, Halol, Panchmahal - 389350, Opp.V.M Shah School",+(91)-2676-296193
Good Luck Hair Studio,"Ankleshwar, Mahadev Road, Godhra, Panchmahal - 389001, Bhoi Wada",+(91)-7600275660
Vasu Hair Cutting Saloon,"Ankur Society, Godhradamavav Road, Mahaveer Nagar, Godhra, Panchmahal - 389001",+(91)-9974256831
Kaya Makeover,"1st Floor, Bhuravav Cross Road, Godhra, Godhra - 389001, Near Power House",+(91)-9558205362
Ami Hair Salon,"Railway R. P. F Office Road, Godhra, Godhra, Godhra - 389001, Near Relway Station Road",+(91)-6354838236
Saundarya Hair & Beauty Pro..,"Opp.Gayatri Hoziery,, Chitra Cinema Road,, Godhra, Panchmahal - 389001, Near LIC Marg,",+(91)-8160390259
Jeet Look Point,"B/25 Nagar Palika Compex Vardhari, Road, Lunawada, Panchmahal - 389230, Lunawada",+(91)-9725420068
Naaz Gents Parlour,"Keshav Complex, Chokdi Char Rasta, Lunawada, Panchmahal - 389230, Near Bus Stand",+(91)-9081115659
Gayatri Hair Cutting Salon,"Satharya Bazar, Soniwad, Godhra, Panchmahal - 389001",+(91)-9979328280
Aone Hair Art,"Jantral, Kalol, Navapura Main Road, Panchmahal - 389330",+(91)-9662605002
Prime Beauty Studio & Class..,"F-7 Ranchod Ji Complex, Vardhari Road, Lunawada, Panchmahal - 389230, Near Luneshwar Cross Road",+(91)-9428413806
Sks Hair Craft,"Kadiyawad Road, Godhra - 389001, Near Mithiborwala Hospital",+(91)-7878764040
Mayur Saloon,"Nani Sarsan, Panchmahal - 389265",+(91)-9714505193
Choise cut hair studio,"g/2, prem prakash tower, Ankleshwar mahadev road, Godhra, Panchmahal - 389001, new jay bharat bakery",+(91)-8758848404
Prics Hair Beauty Salon,"Nagarpalika Shopping Center, Gayatri Society, Varadhri Road, Lunawada, Panchmahal - 389230, Lunawada",+(91)-7046311568
Angel The Family Salon,"5 1st Floor, Signature Complex, Civil Hospital Road, Godhra, Panchmahal - 389001, Opposite Church",+(91)-9974297975
Her Beauty Clinic & Spa,"2nd & 3rd Floor, Womens World Complex, Panchmahal , Main Bazar, Near Police Station, Opposite Mandir Faliya",+(91)-9737051514
Process Hair & Beauty Studi..,"Mangaldip Complex, Bhuravav Chaar Rasta, Godhra, Godhra - 389001, Near Yogeshwar Road",+(91)-9265106004
Mr. Cut,"S. T. Nagar Road, Godhra, Panchmahal - 389001, Near Sinduri Mata Temple",+(91)-9824902649
Roots Hair & Beauty Profess..,"Soniwada, Shera, Godhra, Panchmahal - 389001",+(91)-8200259992
M K Hair Art,"Chandni Chok, Kuba Masjid Road, Godhra, Panchmahal - 389001, Near Navrachana Primary School",+(91)-9099757868
Maaz Beauty Salon,"Khadi Fadiya, Aman Society, Godhra, Panchmahal - 389001, Near.  Ahmed Raza Masjid",+(91)-9106223707
Vengaurd Hair And Beauty Sa..,"JAIN DERASAR MANDIR KE PASS, Derasar Road, Godhra, Panchmahal - 389001, Near. Alvani Hospital",+(91)-8347542807
Superfine Hair Salon,"Nadiyawaas, Khadi Street, Godhra, Panchmahal - 389001, Opposite Railway Station",+(91)-9974321649
Trushil Hair Salon,"Surya Nagar, Gokul Nagar, Halol, Panchmahal - 389350",+(91)-9904080201
Deluxe hair saloon,"pavagadh road, Halol, Panchmahal - 389350, opp. Bus stand",+(91)-9909833070
Paris Hair Salon,"Divada Colony Bus Stop, Gj Sh 2a, Diwada, Panchmahal - 389250",+(91)-9737861540
Grey Studio,"Swikruti Complex First Floor, Bhuravav Cross Road, Godhra, Panchmahal - 389001, Near Atithi Hotel",+(91)-7226875999
Ma Meldi Hair Cutting,"Arad, Panchmahal - 389350, Near Arad Bus Stand",+(91)-9998161252
Face Look,"Shop No 30, Parvati Nagar, Yogeshwar Road, Godhra, Panchmahal - 389001, Opposite Amul Parlour",+(91)-9429055785
Prince hair Art,"Gupteshwar Road'kanyashala Passe, Vejalpur, Panchmahal - 389340",+(91)-9727347470
Wow Unisex Salon Academy,"Shop No 2/14/15  1st Floor Gruhprasad Complex, Chitra LIC Road, Godhra, Godhra - 389001, Near Chitra Cinema, Above Punjab National Bank",+(91)-02672-250877
Saundarya Beauty Care & Mak..,"Parvati Nagar,, Yogeshwar Road, Godhra, Godhra - 389001, Bhuravav",+(91)-9726283153
Panchi Bridal Studio,"Baroda Road, Godhra, Godhra - 389001, Nr Church Opp Old Mehta School",+(91)-8511284869
Urvashee Beauty and Hair Sa..,"85, Bamroli Road, Gita Nagar, Godhra, Panchmahal - 389001",+(91)-9879129291
Roots Hair And Beauty,"Chitra Cinema Road, Godhra, Panchmahal - 389001, Near Gayatri Hosiery",+(91)-7016559988
Ho Hair Style Salon,"Mangal Murti Complex, Bus Stop Road, Godhra, Panchmahal - 389001, Near Mr.Puff Bakery",+(91)-9979068272
Raj Vaibhav Beauty Salon,"Kanjari Road, Halol, Panchmahal - 389350, Near Kalarav School",+(91)-9825660799
Sai Hair Art,"7, Narayan Shopping Centre, Godhra Road, Halol, Panchmahal - 389350, Opp.V.M Shah School",+(91)-2676-296193
Good Luck Hair Studio,"Ankleshwar, Mahadev Road, Godhra, Panchmahal - 389001, Bhoi Wada",+(91)-7600275660
Vasu Hair Cutting Saloon,"Ankur Society, Godhradamavav Road, Mahaveer Nagar, Godhra, Panchmahal - 389001",+(91)-9974256831
Kaya Makeover,"1st Floor, Bhuravav Cross Road, Godhra, Godhra - 389001, Near Power House",+(91)-9558205362
Ami Hair Salon,"Railway R. P. F Office Road, Godhra, Godhra, Godhra - 389001, Near Relway Station Road",+(91)-6354838236
Saundarya Hair & Beauty Pro..,"Opp.Gayatri Hoziery,, Chitra Cinema Road,, Godhra, Panchmahal - 389001, Near LIC Marg,",+(91)-8160390259
Jeet Look Point,"B/25 Nagar Palika Compex Vardhari, Road, Lunawada, Panchmahal - 389230, Lunawada",+(91)-9725420068
Naaz Gents Parlour,"Keshav Complex, Chokdi Char Rasta, Lunawada, Panchmahal - 389230, Near Bus Stand",+(91)-9081115659
Gayatri Hair Cutting Salon,"Satharya Bazar, Soniwad, Godhra, Panchmahal - 389001",+(91)-9979328280
Aone Hair Art,"Jantral, Kalol, Navapura Main Road, Panchmahal - 389330",+(91)-9662605002
Prime Beauty Studio & Class..,"F-7 Ranchod Ji Complex, Vardhari Road, Lunawada, Panchmahal - 389230, Near Luneshwar Cross Road",+(91)-9428413806
Sks Hair Craft,"Kadiyawad Road, Godhra - 389001, Near Mithiborwala Hospital",+(91)-7878764040
Mayur Saloon,"Nani Sarsan, Panchmahal - 389265",+(91)-9714505193
Choise cut hair studio,"g/2, prem prakash tower, Ankleshwar mahadev road, Godhra, Panchmahal - 389001, new jay bharat bakery",+(91)-8758848404
Prics Hair Beauty Salon,"Nagarpalika Shopping Center, Gayatri Society, Varadhri Road, Lunawada, Panchmahal - 389230, Lunawada",+(91)-7046311568
Angel The Family Salon,"5 1st Floor, Signature Complex, Civil Hospital Road, Godhra, Panchmahal - 389001, Opposite Church",+(91)-9974297975
Her Beauty Clinic & Spa,"2nd & 3rd Floor, Womens World Complex, Panchmahal , Main Bazar, Near Police Station, Opposite Mandir Faliya",+(91)-9737051514
Process Hair & Beauty Studi..,"Mangaldip Complex, Bhuravav Chaar Rasta, Godhra, Godhra - 389001, Near Yogeshwar Road",+(91)-9265106004
Mr. Cut,"S. T. Nagar Road, Godhra, Panchmahal - 389001, Near Sinduri Mata Temple",+(91)-9824902649
Roots Hair & Beauty Profess..,"Soniwada, Shera, Godhra, Panchmahal - 389001",+(91)-8200259992
M K Hair Art,"Chandni Chok, Kuba Masjid Road, Godhra, Panchmahal - 389001, Near Navrachana Primary School",+(91)-9099757868
Maaz Beauty Salon,"Khadi Fadiya, Aman Society, Godhra, Panchmahal - 389001, Near.  Ahmed Raza Masjid",+(91)-9106223707
Vengaurd Hair And Beauty Sa..,"JAIN DERASAR MANDIR KE PASS, Derasar Road, Godhra, Panchmahal - 389001, Near. Alvani Hospital",+(91)-8347542807
Superfine Hair Salon,"Nadiyawaas, Khadi Street, Godhra, Panchmahal - 389001, Opposite Railway Station",+(91)-9974321649
Trushil Hair Salon,"Surya Nagar, Gokul Nagar, Halol, Panchmahal - 389350",+(91)-9904080201
Deluxe hair saloon,"pavagadh road, Halol, Panchmahal - 389350, opp. Bus stand",+(91)-9909833070
Paris Hair Salon,"Divada Colony Bus Stop, Gj Sh 2a, Diwada, Panchmahal - 389250",+(91)-9737861540
Grey Studio,"Swikruti Complex First Floor, Bhuravav Cross Road, Godhra, Panchmahal - 389001, Near Atithi Hotel",+(91)-7226875999
Ma Meldi Hair Cutting,"Arad, Panchmahal - 389350, Near Arad Bus Stand",+(91)-9998161252
Face Look,"Shop No 30, Parvati Nagar, Yogeshwar Road, Godhra, Panchmahal - 389001, Opposite Amul Parlour",+(91)-9429055785
Vasu Hair Cutting Saloon,"Ankur Society, Godhradamavav Road, Mahaveer Nagar, Godhra, Panchmahal - 389001",+(91)-9974256831
Kaya Makeover,"1st Floor, Bhuravav Cross Road, Godhra, Godhra - 389001, Near Power House",+(91)-9558205362
Ami Hair Salon,"Railway R. P. F Office Road, Godhra, Godhra, Godhra - 389001, Near Relway Station Road",+(91)-6354838236
Saundarya Hair & Beauty Pro..,"Opp.Gayatri Hoziery,, Chitra Cinema Road,, Godhra, Panchmahal - 389001, Near LIC Marg,",+(91)-8160390259
Jeet Look Point,"B/25 Nagar Palika Compex Vardhari, Road, Lunawada, Panchmahal - 389230, Lunawada",+(91)-9725420068
Naaz Gents Parlour,"Keshav Complex, Chokdi Char Rasta, Lunawada, Panchmahal - 389230, Near Bus Stand",+(91)-9081115659
Gayatri Hair Cutting Salon,"Satharya Bazar, Soniwad, Godhra, Panchmahal - 389001",+(91)-9979328280
Aone Hair Art,"Jantral, Kalol, Navapura Main Road, Panchmahal - 389330",+(91)-9662605002
Prime Beauty Studio & Class..,"F-7 Ranchod Ji Complex, Vardhari Road, Lunawada, Panchmahal - 389230, Near Luneshwar Cross Road",+(91)-9428413806
Sks Hair Craft,"Kadiyawad Road, Godhra - 389001, Near Mithiborwala Hospital",+(91)-7878764040
Mayur Saloon,"Nani Sarsan, Panchmahal - 389265",+(91)-9714505193
Choise cut hair studio,"g/2, prem prakash tower, Ankleshwar mahadev road, Godhra, Panchmahal - 389001, new jay bharat bakery",+(91)-8758848404
Prics Hair Beauty Salon,"Nagarpalika Shopping Center, Gayatri Society, Varadhri Road, Lunawada, Panchmahal - 389230, Lunawada",+(91)-7046311568
Angel The Family Salon,"5 1st Floor, Signature Complex, Civil Hospital Road, Godhra, Panchmahal - 389001, Opposite Church",+(91)-9974297975
Her Beauty Clinic & Spa,"2nd & 3rd Floor, Womens World Complex, Panchmahal , Main Bazar, Near Police Station, Opposite Mandir Faliya",+(91)-9737051514
Process Hair & Beauty Studi..,"Mangaldip Complex, Bhuravav Chaar Rasta, Godhra, Godhra - 389001, Near Yogeshwar Road",+(91)-9265106004
Mr. Cut,"S. T. Nagar Road, Godhra, Panchmahal - 389001, Near Sinduri Mata Temple",+(91)-9824902649
Roots Hair & Beauty Profess..,"Soniwada, Shera, Godhra, Panchmahal - 389001",+(91)-8200259992
M K Hair Art,"Chandni Chok, Kuba Masjid Road, Godhra, Panchmahal - 389001, Near Navrachana Primary School",+(91)-9099757868
Maaz Beauty Salon,"Khadi Fadiya, Aman Society, Godhra, Panchmahal - 389001, Near.  Ahmed Raza Masjid",+(91)-9106223707
Vengaurd Hair And Beauty Sa..,"JAIN DERASAR MANDIR KE PASS, Derasar Road, Godhra, Panchmahal - 389001, Near. Alvani Hospital",+(91)-8347542807
Superfine Hair Salon,"Nadiyawaas, Khadi Street, Godhra, Panchmahal - 389001, Opposite Railway Station",+(91)-9974321649
Trushil Hair Salon,"Surya Nagar, Gokul Nagar, Halol, Panchmahal - 389350",+(91)-9904080201
Deluxe hair saloon,"pavagadh road, Halol, Panchmahal - 389350, opp. Bus stand",+(91)-9909833070
Paris Hair Salon,"Divada Colony Bus Stop, Gj Sh 2a, Diwada, Panchmahal - 389250",+(91)-9737861540
Grey Studio,"Swikruti Complex First Floor, Bhuravav Cross Road, Godhra, Panchmahal - 389001, Near Atithi Hotel",+(91)-7226875999
Ma Meldi Hair Cutting,"Arad, Panchmahal - 389350, Near Arad Bus Stand",+(91)-9998161252
Face Look,"Shop No 30, Parvati Nagar, Yogeshwar Road, Godhra, Panchmahal - 389001, Opposite Amul Parlour",+(91)-9429055785
Mayur Saloon,"Nani Sarsan, Panchmahal - 389265",+(91)-9714505193
Choise cut hair studio,"g/2, prem prakash tower, Ankleshwar mahadev road, Godhra, Panchmahal - 389001, new jay bharat bakery",+(91)-8758848404
Prics Hair Beauty Salon,"Nagarpalika Shopping Center, Gayatri Society, Varadhri Road, Lunawada, Panchmahal - 389230, Lunawada",+(91)-7046311568
Angel The Family Salon,"5 1st Floor, Signature Complex, Civil Hospital Road, Godhra, Panchmahal - 389001, Opposite Church",+(91)-9974297975
Her Beauty Clinic & Spa,"2nd & 3rd Floor, Womens World Complex, Panchmahal , Main Bazar, Near Police Station, Opposite Mandir Faliya",+(91)-9737051514
Process Hair & Beauty Studi..,"Mangaldip Complex, Bhuravav Chaar Rasta, Godhra, Godhra - 389001, Near Yogeshwar Road",+(91)-9265106004
Mr. Cut,"S. T. Nagar Road, Godhra, Panchmahal - 389001, Near Sinduri Mata Temple",+(91)-9824902649
Roots Hair & Beauty Profess..,"Soniwada, Shera, Godhra, Panchmahal - 389001",+(91)-8200259992
M K Hair Art,"Chandni Chok, Kuba Masjid Road, Godhra, Panchmahal - 389001, Near Navrachana Primary School",+(91)-9099757868
Maaz Beauty Salon,"Khadi Fadiya, Aman Society, Godhra, Panchmahal - 389001, Near.  Ahmed Raza Masjid",+(91)-9106223707
Vengaurd Hair And Beauty Sa..,"JAIN DERASAR MANDIR KE PASS, Derasar Road, Godhra, Panchmahal - 389001, Near. Alvani Hospital",+(91)-8347542807
Superfine Hair Salon,"Nadiyawaas, Khadi Street, Godhra, Panchmahal - 389001, Opposite Railway Station",+(91)-9974321649
Trushil Hair Salon,"Surya Nagar, Gokul Nagar, Halol, Panchmahal - 389350",+(91)-9904080201
Deluxe hair saloon,"pavagadh road, Halol, Panchmahal - 389350, opp. Bus stand",+(91)-9909833070
Paris Hair Salon,"Divada Colony Bus Stop, Gj Sh 2a, Diwada, Panchmahal - 389250",+(91)-9737861540
Grey Studio,"Swikruti Complex First Floor, Bhuravav Cross Road, Godhra, Panchmahal - 389001, Near Atithi Hotel",+(91)-7226875999
Ma Meldi Hair Cutting,"Arad, Panchmahal - 389350, Near Arad Bus Stand",+(91)-9998161252
Face Look,"Shop No 30, Parvati Nagar, Yogeshwar Road, Godhra, Panchmahal - 389001, Opposite Amul Parlour",+(91)-9429055785
Vengaurd Hair And Beauty Sa..,"JAIN DERASAR MANDIR KE PASS, Derasar Road, Godhra, Panchmahal - 389001, Near. Alvani Hospital",+(91)-8347542807
Superfine Hair Salon,"Nadiyawaas, Khadi Street, Godhra, Panchmahal - 389001, Opposite Railway Station",+(91)-9974321649
Trushil Hair Salon,"Surya Nagar, Gokul Nagar, Halol, Panchmahal - 389350",+(91)-9904080201
Deluxe hair saloon,"pavagadh road, Halol, Panchmahal - 389350, opp. Bus stand",+(91)-9909833070
Paris Hair Salon,"Divada Colony Bus Stop, Gj Sh 2a, Diwada, Panchmahal - 389250",+(91)-9737861540
Grey Studio,"Swikruti Complex First Floor, Bhuravav Cross Road, Godhra, Panchmahal - 389001, Near Atithi Hotel",+(91)-7226875999
Ma Meldi Hair Cutting,"Arad, Panchmahal - 389350, Near Arad Bus Stand",+(91)-9998161252
Face Look,"Shop No 30, Parvati Nagar, Yogeshwar Road, Godhra, Panchmahal - 389001, Opposite Amul Parlour",+(91)-9429055785
