Plumz Studio,"First Floor, Swikruti Complex, Road, Godhra Town, Godhra - 389001, Near Bhuravav Cross",07947465977
Stylo Hair & beauty saloon,"Muncipal Complex, M.G. Road, Godhra, Panchmahal - 389001, Near Nava Bazar",+(91)-9228217999
Hair Fashion,"Godhara Road, Alha Bank Anasa  Squre Bus  Sation Road, Halol, Panchmahal - 389350",+(91)-2676-225020
Iskcon Salon & Academy,"1st Floor, Mahalaxmi Chamber, Bus Stop Road, Godhra, Panchmahal - 389001, Near Mr. Puff",+(91)-02672-351515
Mr.AKs Hair & Beauty Studio,"Geetamrit Complex, Bamroli Road, Godhra, Godhra - 389001, Near State Bank Of India",+(91)-7070706111
Scissors & Cuts,"Shop No 46/47, Ami Arcade, Garden Road, Godhra, Panchmahal - 389001, Opposite New Bus Stand Road",+(91)-8401700070
Wow Unisex Salon Academy,"Shop No 2/14/15  1st Floor Gruhprasad Complex, Chitra LIC Road, Godhra, Godhra - 389001, Near Chitra Cinema, Above Punjab National Bank",+(91)-02672-250877
Panchi Bridal Studio,"Baroda Road, Godhra, Godhra - 389001, Nr Church Opp Old Mehta School",+(91)-8511284869
Roots Hair And Beauty,"Chitra Cinema Road, Godhra, Panchmahal - 389001, Near Gayatri Hosiery",+(91)-7016559988
Ho Hair Style Salon,"Mangal Murti Complex, Bus Stop Road, Godhra, Panchmahal - 389001, Near Mr.Puff Bakery",+(91)-9979068272
Saundarya Hair & Beauty Pro..,"Opp.Gayatri Hoziery,, Chitra Cinema Road,, Godhra, Panchmahal - 389001, Near LIC Marg,",+(91)-8160390259
Angel The Family Salon,"5 1st Floor, Signature Complex, Civil Hospital Road, Godhra, Panchmahal - 389001, Opposite Church",+(91)-9974297975
Mr. Cut,"S. T. Nagar Road, Godhra, Panchmahal - 389001, Near Sinduri Mata Temple",+(91)-9824902649
Roots Hair & Beauty Profess..,"Soniwada, Shera, Godhra, Panchmahal - 389001",+(91)-8200259992
Maaz Beauty Salon,"Khadi Fadiya, Aman Society, Godhra, Panchmahal - 389001, Near.  Ahmed Raza Masjid",+(91)-9106223707
Saundarya Hair & Beauty Pro..,"Opp.Gayatri Hoziery,, Chitra Cinema Road,, Godhra, Panchmahal - 389001, Near LIC Marg,",+(91)-8160390259
Angel The Family Salon,"5 1st Floor, Signature Complex, Civil Hospital Road, Godhra, Panchmahal - 389001, Opposite Church",+(91)-9974297975
Mr. Cut,"S. T. Nagar Road, Godhra, Panchmahal - 389001, Near Sinduri Mata Temple",+(91)-9824902649
Roots Hair & Beauty Profess..,"Soniwada, Shera, Godhra, Panchmahal - 389001",+(91)-8200259992
Maaz Beauty Salon,"Khadi Fadiya, Aman Society, Godhra, Panchmahal - 389001, Near.  Ahmed Raza Masjid",+(91)-9106223707
