Hair Xpress And Beauty Salo..,"Shop No 2 Arya Building Guruprasad Colony, Cummins Collage Road  Lane No 01, Karve Nagar-hingne Budrukh, Pune - 411052, Rudra Hotel Near Soda Shop Navsahydri",+(91)-9921246669
Refleqtion Unisex Salon,"First Floor, Shree Complex, Balewadi-baner, Pune - 411045, Opposite Ravindra Nath Tagore School",+(91)-9172635546
Toni & Guy Essensuals,"TONI&GUY The Hub, 1st Floor, Office No 10, Lane No: 6, Koregaon Park, Pune - 411001, Besides Kaya Skin Clinic, Opposite to Pizza Hut",+(91)-020-48605600
Ki and Ka Unisex Salon,"Majestic Building, Dhayari, Pune - 411041, Near Nalanda School",+(91)-9665920326
R K Saloon,"Survey No 8, Kharadi Road, Kharadi, Pune - 411014, Near Yashwant Nagar",+(91)-7030027947
Shri Ganesh Mens Parlour,"Kharadi Road, Chandan Nagar, Chandan Nagar-Kharadi, Pune - 411014, Yashwant Nagar",+(91)-9421614947
Just Hair And Hair Studio,"Shop No 01 Dore Complex, Phursungi Road, Bhekrai Nagar-Fursungi, Pune - 412308, Opposite IBM University, Kumar Properties",+(91)-8669079472
Sagar Mens Parlour,"Pune Nashik Road, Pune - 411027",+(91)-9921574549
Welcome Mens Parlour,"Anand Society, Shankar Seth Road, Gultekdi, Pune - 411037, Behind-  Meera Society",+(91)-8805643279
Mauli Hair Dresses,"Thergaon, Pune - 411033, Near Vighnaharta Colony, Near Silver 9 Hotel,Sainath Nagar",+(91)-7721824002
Ideal Head Access,"Shop No.93, Janwadi Road, Janwadi, Pune - 411016, Near Mafco Company Veer Baji Prabhu Vidyalauy",+(91)-9850270517
Ideal Head Access,"Shop No.93, Janwadi Road, Janwadi, Pune - 411016, Near Mafco Company Veer Baji Prabhu Vidyalauy",+(91)-9850270517
Hair Xpress And Beauty Salo..,"Shop No 2 Arya Building Guruprasad Colony, Cummins Collage Road  Lane No 01, Karve Nagar-hingne Budrukh, Pune - 411052, Rudra Hotel Near Soda Shop Navsahydri",+(91)-9921246669
Refleqtion Unisex Salon,"First Floor, Shree Complex, Balewadi-baner, Pune - 411045, Opposite Ravindra Nath Tagore School",+(91)-9172635546
Toni & Guy Essensuals,"TONI&GUY The Hub, 1st Floor, Office No 10, Lane No: 6, Koregaon Park, Pune - 411001, Besides Kaya Skin Clinic, Opposite to Pizza Hut",+(91)-020-48605600
Ki and Ka Unisex Salon,"Majestic Building, Dhayari, Pune - 411041, Near Nalanda School",+(91)-9665920326
R K Saloon,"Survey No 8, Kharadi Road, Kharadi, Pune - 411014, Near Yashwant Nagar",+(91)-7030027947
Shri Ganesh Mens Parlour,"Kharadi Road, Chandan Nagar, Chandan Nagar-Kharadi, Pune - 411014, Yashwant Nagar",+(91)-9421614947
Just Hair And Hair Studio,"Shop No 01 Dore Complex, Phursungi Road, Bhekrai Nagar-Fursungi, Pune - 412308, Opposite IBM University, Kumar Properties",+(91)-8669079472
Sagar Mens Parlour,"Pune Nashik Road, Pune - 411027",+(91)-9921574549
Welcome Mens Parlour,"Anand Society, Shankar Seth Road, Gultekdi, Pune - 411037, Behind-  Meera Society",+(91)-8805643279
Mauli Hair Dresses,"Thergaon, Pune - 411033, Near Vighnaharta Colony, Near Silver 9 Hotel,Sainath Nagar",+(91)-7721824002
Ideal Head Access,"Shop No.93, Janwadi Road, Janwadi, Pune - 411016, Near Mafco Company Veer Baji Prabhu Vidyalauy",+(91)-9850270517
Ideal Head Access,"Shop No.93, Janwadi Road, Janwadi, Pune - 411016, Near Mafco Company Veer Baji Prabhu Vidyalauy",+(91)-9850270517
