Topten Hair Saloon,"Shop No. 12, Swagat Business Hub, Ichhapore, Surat - 394510, Near Surat District Bank, Near Chamunda Hotel",07947081380
Us Saloon (Unisex Saloon),"A-73, Rander Bus Stop, Rander, Surat - 395005, Opposite Rander Health Center",07947063519
Move Onn The Salon,"SNS Sparkle, Jani Farsan Lane, Citylight Road, Surat - 395007, Next to VG Jewellers, Opposite Ritu Kumar",07947255811
The Salon Hair Beauty And M..,"12-13-14, Megh Mayur Plaza, Parle Point Road, Parle Point, Surat - 395007, Opposite Jani Farshan",07947336265
Kaizo Unisex Salon,"Shop No. 213, 2nd Floor, Canopus Mall, Regent High Street, Ghoddod Road, Surat - 395007, Opposite Kakadiya Complex",07947255515
Tulip Herbal Salon Spa Stud..,"Shop No. 307, Samarth Sopping Center, Parle Point Road, Parle Point, Surat - 395007, Above Dhiraj Sons",07947255426
Besties Salon Spa And Acade..,"Bungalow No 154 Ground Floor, Gold Gym Street, Ghoddod Road, Surat - 395007, Opposite Kakadiya Complex",07947255213
New Gateway Family Salon & ..,"51/52, Mahendra Park Society, Aai Mata Road, Parvat Patiya,, Aai Mata Chowk, Surat - 395010, Opposite Gangaur Restaurant, Near TGB Bakery",07947255729
Signature Unisex Salon,"Shop No. U-11, Shubh Laxmi Complex, City Light Main Road, Citylight Road, Surat - 395007, Opposite Bank Of Baroda, Above Agra Sweet",07947271256
Sparsh Spa & Salon,"A 36 L 13 14 15  Anmol Complex, Parle Point Road, Parle Point, Surat - 395007, Near Sargam Shopping Center",07947255303
Milins Salon,"224-227, Mahek Icon, Sumul Dairy Road, Sumul Dairy Road, Surat - 395003, Near I C Gandhi High School",+(91)-9377013213
7 Unisex Salon,"4, Surya Darshan Appartment, Anand Mahal Road, Adajan Road, Surat - 395009, Opposite Bhulka Bhavan Market",07947254933
Ajara Unisex Salon,"Shop No. 106, 1st Floor, Riddhi Shopping Centre, Lp Savani Road, Adajan Dn, Surat - 395009, Above Sbi Bank",07947255278
Yolo The Salon,"Ground Floor 6, White Orchid LP Savani Road, Adajan Dn, Surat - 395009",+(91)-7567372777
The Retrieve,"S4, S5, S6, S7,S8 ,3rd Floor, Regent Arcade, Ghod Dod Road, Ghoddod Road, Surat - 395007, Near Kalamandir Jewellers",07947076919
New Hair Master,"L-13/14/15,  Anmol Complex, Somnath Mahadev Road, Parle Point, Surat - 395007, Beside Sargam Shopping Centre",07947337938
Bhavins Beauty Salon,"Shop No 1, Upper Level Amizara Shopping Complex, Athwalines, Surat - 395001, Near Surat Tennis Club",07947254745
F.L.Y UNISEX SALOON,"A-104/105, B-101/102/103/105, AAGAM VIVIANA, Vesu, Surat - 395007",07947449811
S D Family Spa And Salon,"Shop No 101,102, 1st Floor, Ishwar Palace, Varachha Main Road, Varachha Road, Surat - 395006, Beside Dairy Don",07947288703
Ajara Unisex Salon,"Shop No 106, 1St Floor , Riddhi Shopping Complex, L P Savani Road, Adajan Dn, Surat - 395009, Above Sbi Bank",07947255234
Carnival Ladies Beauty Parl..,"Shop No 114 Aagam Viviana Opposite Florance Building, Vesu, Surat - 395007",07947449555
Crystal Family Spa Salon an..,"22 to 25 Third Floor Shital Shopping Square, Bhatar Road, Surat - 395007, Near Turning Point Old Lb Cinema",07947320087
Revive Spa,"Shop No. 301-302, Sanskruti A/C Market, 150 Feet Main Road, Puna Patiya, Surat - 395010, Opposite Essar Petrol Pump",+(91)-9924409958
Hers & Sirs Unisex Salon,"49, Hariom Nagar, Near Iscon Circle, Surat Olpad Road, Jahangirpura, Surat - 395005, Beside Esaar Petrol Pump",07947389128
Miracle Hair Studio,"S-3,3rd Floor, Regent Mall, Ghoddod Road, Surat - 395007",07947469118
Azuara Family Salon Wellnes..,"309, Canopus Mall, Ghoddod Road, Surat - 395007, Near Parle Point Circle",+(91)-6359045151
ROYAL KING SALON,"G36 J9 High Street, G36 J9 High Streetcanal Road, Vesu, Surat - 395007, Opposite Cellestial Dreams",+(91)-8160223211
Magic Touch Salon And Tatto..,"103,Madhav Atria, Gaurav Path Road, Pal Bhatha, Surat - 394510, Green City Road,Baghban Circle",+(91)-9033351515
Kokkiis Hair Beauty & Skin ..,"Shop No. M-4, Bhagwati Ashish Complex, Citylight Road, Surat - 395007, Near Ashok Pan House",+(91)-8238172313
Affiniti Salon,"Parle Point Road, Parle Point, Surat - 395007, Near Coffee Culture, Opposite Sargam Shopping Center",+(91)-261-2228757
The Professional Beauty Poi..,"Shop No-9, 1st Floor, Shree Vinayak Complex, Sudama Chowk, Mota Varachha, Surat - 394101, Beside Krishna Township",+(91)-8905511313
Enine Salon,"UG-101/102, Palladium, Vip Road, Vesu, Surat - 395007, Near Shyam Mandir, Opposite VIP Plaza",+(91)-9586177722
Sky Line Salon & Academy,"Shop No-F 23,24,25, Abhilasha Heights, Aai Mata Circle, Parvat Patia, Surat - 395010, Aai Mata Chowk, Near Kiran Motors",+(91)-9924338083
Premvati Salon,"Shop No.B-177/178 First Floor , Royal Plaza, Simada Gam BRTS Road, Varachha Road, Surat - 395006, Opposite Suvidha Row House",+(91)-9393933980
ABOUT Hair Make Up Skin Uni..,"G-31, Raj Victoria, Next to The Lane Of TGB Restaurant, Adajan Dn, Surat - 395009, Opposite Raj Arcade, Pal",+(91)-7567770007
Are We Hair Yet,"U/G -3 , White House Upper Ground, Vip Road, Vesu, Surat - 395007, Opposite VIP High Street",+(91)-9898701542
Sachins Unisex Salon,"Shop No.10/11/12/13, First Floor Sky View Residency, Aai Mata Road, Dumbhal, Surat - 395002, Opp. DR World  Bank",+(91)-9724872495
7 Seas Beauty Studio,"Dazzle Arcade, Huney Park Road, Adajan Dn, Surat - 395009, Opposite Axis Bank",+(91)-8866705014
Looks Beauty Parlour (Only ..,"228,2nd Floor,Silver Stone Arcade, Near D-Mart,Causway, Singanpore, Surat - 395004, Above Navin Electronics",+(91)-6354788875
Om Aroma & Spa,"Ghod Dod Main Road, Ghoddod Road, Surat - 395007, Near Kakadia Complex",+(91)-9909367117
Kristy Hair Salon,"Shop No 11/12, Royal Residency, Anand Mahal Road, Adajan Dn, Surat - 395009, Near Mahalaxmi Mandir",+(91)-261-2748555
K Acme Hair & Beauty Salon,"Upper GF 8-9 Divya Kanti Appartment, Opposite HDFC Bank, Parle Point, Surat - 395007, Parle Point Road",+(91)-9909788911
Rajvis Salon & Makeup Studi..,"Shop Number U-24/25, Ascon City Complex, Citylight Road, Surat - 395007, Opposite Maheshwari Bhavan",+(91)-8460508405
Cher Hair And Beauty Lounge,"Silver Crest, Ghod Dod Main Road, Ghoddod Road, Surat - 395007, Opp Kakadia Complex",+(91)-261-6590000
Teenus Beauty World,"Flat No. 5, Building Number 2,Jantanagar Appartment, Gayatri Society, Lambe Hanuman Road, Varachha Road, Surat - 395006, Near Rachna Circle",+(91)-9825640800
Preety Salon,"Near. Western Arena, Pal ,, Green City Road, Adajan Dn, Surat - 395009, Opposite. Western Shikharji Complex",+(91)-9428122650
9 Hills Saloon  Spa,"Shop No.HG 3 1st Floor Sns Square, Vesu, Surat - 395007, Near Reliance Market",+(91)-9904706999
Tuulsi Hair & Beauty,"Shop No. 41, Mahaveer Nagar, Sardar Valabhabhai Patel Circel, Parvat Patia, Surat - 395010, Opposite Sharda School, Module Town Road",+(91)-9879548048
The Hair Factory,"Shital Complex, Citylight Road, City Light Town, Surat - 395007, Besides SBI Bank, Opposite Navpad Residency",+(91)-9726300437
Flora Hair & Beauty Salon,"M-24/25, 2nd Floor, Shiv Kartik Enclave Tower A, Vip Road, Vesu, Surat - 395007, Behind Nandini 1, Opposite Aagam Orchid, Opposite Nandani 2",+(91)-9998210106
Vata Herble Hair Tritment S..,"Shop No.2 ,1st Floor,Sun Residecy, New Kosad Road, Amroli, Surat - 394107, Opposite.Charbhuja",+(91)-7567421515
Baba Sai Hair Salon,"Shop No.101,Platinum Plaza, V T Nagar Road, Sarthana, Surat - 395006, Near Sarthana Jakatnaka",+(91)-7878917392
Revive Spa,"Shop No.301-302,Sanskruti A/C Market, 150 Feet Main Road, Puna Patiya, Surat - 395010",+(91)-9727166163
AB Salon Unisex,"4,First Floor Asha Nagar, L H Road, Varachha Road, Surat - 395006, Opposite Afil Tower",+(91)-9825278227
D Mart Retail Show Room,"Causeway Road, Singanpore, Surat - 395004, Near Riverpark Society",+(91)-261-2516001
K 2 Beauty Baar Ngo,"14 to 20 , Tirupati Plaza, Chauta Bazaar, Surat - 395003, Nr Mota Mandir",+(91)-8530714214
Enrich Salon Wood Square,"Wood Square, Shop No. G6, Ground, Pal Gam, Lp Savani Road, Surat - 395009",+(91)-261-2663000
Reflexions Salon And Spa,"M 2-3, Manav Mandir, Parle Point, Surat - 395007, Above Metro Shoes",+(91)-0261-2255898
Enrich Salon,"Shop No L 5/6, Anjanshalaka Apartments, Athwalines, Surat - 395001, Opposite Jain Mandir, Lal Bunglow",+(91)-8108443000
Headmasters,"K N House, Citylight Road, Surat - 395007, Opposite Science Cenre",+(91)-261-4242424
VLCC Health Care Ltd,"1st Floor, 105, Millionaire Business Park, L P Savani Road, Adajan Road, Surat - 395009, Above Mcdonalds, Opposite TGB Restaurant",+(91)-9825653917
Wasims Salon Hair  Beauty,"Shop No. 3, 2nd Floor, Shikhar Complex, Dumas Main Road, Dumas Road, Surat - 395007, Opposite Anmol Complex",+(91)-9824331575
F Unisex Salon,"C/o. AMBIKA ENTERPRISE 1ST FLOOR, PRABHU DARSHAN,, ATHWALINES, Athwa, Surat - 395007, BESIDE POOJA ABHISHEK APPARTMENT OPPOSITE LALBANGLOW NEAR PARLE POINT",+(91)-9712901290
Hair & Beauty Salon,"103, Millionaire Business Park, L P Savani Road, Adajan Dn, Surat - 395009, Near TGB Restaurant, Above McDonald's",+(91)-9824981819
Hakims Aalim Hair & Beauty ..,"201, Rajhansh Ornate Mall, Piplod Road, Parle Point, Surat - 395007, Opposite Sargam Shopping Centre, Next Jani Farsan",+(91)-261-6733033
The Purple Spa & Hair Pampe..,"1st Floor, Shri Kunj Residency, Ved Dabholi Road, Ved Road, Surat - 395004, Above Samsung Showroom, Near Cancer Hospital",+(91)-261-6550808
The Purple Spa And Hair Pam..,"2nd Floor, Imperial Square Mall, Pal Road, Adajan Dn, Surat - 395009, Above Star Bazar",+(91)-8866805996
Jawed Habib Hair & Beauty S..,"Shop No 314, Classic Complex, Ghoddod Road, Surat - 395007, Near Parle Point",+(91)-0261-2254599
Unisex Saffron Hair & Beaut..,"Hazira Rd, Hazira, Ichchhapor, Ichhapore, Surat - 394510",+(91)-9974749398
A Salon,"1st Floor, Abhinandan Market, M G Road, Bardoli, Surat - 394601, Opposite Binita Park",+(91)-9825998510
Creative Unisex Salon,"Shop No 14, Under Ground, Eco Futurz, Althan Bharthana Road, Althan, Surat - 395017, Near Shyam Mandir",+(91)-7096227774
La Belle Vie Salon,"Shop Number M 18 to 22,Ascon City, Citylight Road, Surat - 395007, Opposite Maheshwari Bhavan, Near H P Petrol Pump",+(91)-261-2222220
Rahuls Salon,"Shop Number 12,13,14,15, Anmol Complex, Parle Point, Surat - 395007, Near Sargam Shopping Center",+(91)-9825306772
Riyaz Unisex Salon,"Shop Number M 35, Sargam Shopping Centre, Parle Point Road, Parle Point, Surat - 395007, Near Umra Jakat Naka",+(91)-9726703555
Lilaacs Unisex Salon,"G- 1- 2, NAV Mangalam,, Citylight Road, Surat - 395007, Near Agara Sweet, Below Reliance Fresh",+(91)-261-4812020
Baroda Hair Dresser,"Shop No.L-3, Ashiyana Appartment, Near Ashok Pan, Citylight Road, Surat - 395007, Citylight Road",+(91)-261-2227675
F Unisex Salon,"1st Floor, Sai Shraddha Complex, Varachha Road, Surat - 395006, Near Baroda Prestige",+(91)-9712901291
Glamour Express Unisex Salo..,"G-1, Ganga Palace, Main Road, Ghoddod Road, Surat - 395007, Near Kotak Mahindra Bank, Oppsoite Kalyan Jewellers",+(91)-0261-2663003
Hershes Family Salon,"6, Radhey Nagar Society, Parle Point, Surat - 395007, Opposite Sargam Shopping Center",+(91)-261-2222913
O2 Spa Salon Pvt Ltd (Vr Ma..,"Virtuous Retail Mall, Dumas Road, Magdalla, Surat - 395007, Near Rundh Village",+(91)-9247020202
F Unisex Salon,"1st Floor, Nilkamal Society, Anand Mahal Road, Adajan Dn, Surat - 395009, Near Sahaj Super Store",+(91)-261-2737352
Nitins Cuts N Colors,"Swapnil Apartment, Subhash Nagar Road, Ghoddod Road, Surat - 395007, Opposite Ram Chowk",+(91)-261-2235892
Supafly - Salon. Spa. Brida..,"7, Luxuria Business Hub, Piplod Dumas Road, Dumas Road, Surat - 395007, Near VR Mall",+(91)-0261-2972777
NEEL Bridal Makeover,"102 Vijay Palace, Bombay Market to Punagam Road, Punagam, Surat - 394210, Near Archana School",+(91)-9825487206
Purple Salon & Wellness,"A2 House, Opp. Surya Kiran Appartment, Ghoddod Road, Surat - 395007, Tanishq Lane",+(91)-9574840002
Appeal,"M 31 2nd Floor Someshwar Square, Vesu, Surat - 395007, Opposite Someshwar Bunglows",+(91)-261-2215355
Appeal,"M/31, 2nd Floor, Someshwar Square, Vesu, Surat - 395007, Opposite Someshwar Bunglows",+(91)-0261-2215355
Neel Bridal Make Up Studio,"Parvat Patiya, Bombay Market Road, Bombay Market, Surat - 395010, Vijay Nagar Society",+(91)-9825487206
Glamour Chinese Beauty Parl..,"2 -7, Royal Apprtment, Ghoddod Road, Surat - 395007, Near Kakadiya Complex",+(91)-261-2254735
Tanishq Beauty Salon,"2, Madhubha Park, Adajan Hazira Road, Adajan Dn, Surat - 395009, Opposite Star Bazar, Near Adajan Fire Station",+(91)-9913000282
Golden Glitz,"402, Ratnadeep Apt, B/H S.M.C Office, Adarsh, Opposite Bank Of Baroda Adarsh Society, Adarsh Society, Surat - 395001, Near Gokulam Dairy",+(91)-9228584164
Nikunjs Unisex Salon,"Shop No F-12-13, 1st Floor, Atlanta Shoppers, Vesu, Surat - 395007, Beside Reliance Market",+(91)-9558966255
Hemaxis Beauty & Bridal Stu..,"Plot Number A/22, Saurashtra Society Vibhag 1,, Khodiyar Nagar Road, Varachha Road, Surat - 395006",+(91)-9909328193
Symbols Beauty Salon - Vesu,"H.G.8, SNS Pletina, Vesu, Surat - 395007, Above Surat Peoples Bank, Near Reliance Fresh",+(91)-8866000573
Rush Salon Hair Beauty And ..,"Shop Number 95/96 Radhenagar Society, Parle Point Road, Parle Point, Surat - 395007, Opposite Anmol Complex",+(91)-9712941901
Matraa Salon,"Shop No. 105, Wood Square, LP Savani Road, Adajan Road, Surat - 395009, Near TGB Restaurant",+(91)-9537756565
Matraa Salon,"Shop No. 105, Wood Square, L P Savani Road, Adajan Dn, Surat - 395009, Near TGB Restaurant",+(91)-9537756565
Azuara Wellness Club,"106, 107, 1st Floor, Cyggnus Trinity, Udhana Magdalla Road, Someshwar Crossing, Vesu, Surat - 395007, Near Harley Davidson Bike Showroom",+(91)-7202953000
Western Look Salon,"G/22, Raj Corner Shopping Centre, Tween Tower Road, Pal Bhatha, Surat - 394510, Opposite Vasupujya Residency",+(91)-9624852574
Asha Beauty Studio,"Shop No. A/G - 1/2, Umiya Complex, Tirupati Society, Lambe Hanuman Road, Varachha Road, Surat - 395006, Near Maruti Chowk",+(91)-9374421021
New Hair Master,"L-13/14/15,  Anmol Complex, Somnath Mahadev Road, Parle Point, Surat - 395007, Beside Sargam Shopping Centre",07947337938
Yolo The Salon,"Ground Floor 6, White Orchid LP Savani Road, Adajan Dn, Surat - 395009",+(91)-7567372777
New Gateway Family Salon & ..,"51/52, Mahendra Park Society, Aai Mata Road, Parvat Patiya,, Aai Mata Chowk, Surat - 395010, Opposite Gangaur Restaurant, Near TGB Bakery",07947255729
Bhavins Beauty Salon,"Shop No 1, Upper Level Amizara Shopping Complex, Athwalines, Surat - 395001, Near Surat Tennis Club",07947254745
Sparsh Spa & Salon,"A 36 L 13 14 15  Anmol Complex, Parle Point Road, Parle Point, Surat - 395007, Near Sargam Shopping Center",07947255303
Revive Spa,"Shop No. 301-302, Sanskruti A/C Market, 150 Feet Main Road, Puna Patiya, Surat - 395010, Opposite Essar Petrol Pump",+(91)-9924409958
Crystal Family Spa Salon an..,"22 to 25 Third Floor Shital Shopping Square, Bhatar Road, Surat - 395007, Near Turning Point Old Lb Cinema",07947320087
Ajara Unisex Salon,"Shop No. 106, 1st Floor, Riddhi Shopping Centre, Lp Savani Road, Adajan Dn, Surat - 395009, Above Sbi Bank",07947255278
7 Unisex Salon,"4, Surya Darshan Appartment, Anand Mahal Road, Adajan Road, Surat - 395009, Opposite Bhulka Bhavan Market",07947254933
The Retrieve,"S4, S5, S6, S7,S8 ,3rd Floor, Regent Arcade, Ghod Dod Road, Ghoddod Road, Surat - 395007, Near Kalamandir Jewellers",07947076919
Besties Salon Spa And Acade..,"Bungalow No 154 Ground Floor, Gold Gym Street, Ghoddod Road, Surat - 395007, Opposite Kakadiya Complex",07947255213
Hers & Sirs Unisex Salon,"49, Hariom Nagar, Near Iscon Circle, Surat Olpad Road, Jahangirpura, Surat - 395005, Beside Esaar Petrol Pump",07947389128
Signature Unisex Salon,"Shop No. U-11, Shubh Laxmi Complex, City Light Main Road, Citylight Road, Surat - 395007, Opposite Bank Of Baroda, Above Agra Sweet",07947271256
Milins Salon,"224-227, Mahek Icon, Sumul Dairy Road, Sumul Dairy Road, Surat - 395003, Near I C Gandhi High School",+(91)-9377013213
S D Family Spa And Salon,"Shop No 101,102, 1st Floor, Ishwar Palace, Varachha Main Road, Varachha Road, Surat - 395006, Beside Dairy Don",07947288703
The Hair Factory,"Shital Complex, Citylight Road, City Light Town, Surat - 395007, Besides SBI Bank, Opposite Navpad Residency",+(91)-9726300437
Tuulsi Hair & Beauty,"Shop No. 41, Mahaveer Nagar, Sardar Valabhabhai Patel Circel, Parvat Patia, Surat - 395010, Opposite Sharda School, Module Town Road",+(91)-9879548048
Rajvis Salon & Makeup Studi..,"Shop Number U-24/25, Ascon City Complex, Citylight Road, Surat - 395007, Opposite Maheshwari Bhavan",+(91)-8460508405
Affiniti Salon,"Parle Point Road, Parle Point, Surat - 395007, Near Coffee Culture, Opposite Sargam Shopping Center",+(91)-261-2228757
K Acme Hair & Beauty Salon,"Upper GF 8-9 Divya Kanti Appartment, Opposite HDFC Bank, Parle Point, Surat - 395007, Parle Point Road",+(91)-9909788911
Kristy Hair Salon,"Shop No 11/12, Royal Residency, Anand Mahal Road, Adajan Dn, Surat - 395009, Near Mahalaxmi Mandir",+(91)-261-2748555
Cher Hair And Beauty Lounge,"Silver Crest, Ghod Dod Main Road, Ghoddod Road, Surat - 395007, Opp Kakadia Complex",+(91)-261-6590000
Flora Hair & Beauty Salon,"M-24/25, 2nd Floor, Shiv Kartik Enclave Tower A, Vip Road, Vesu, Surat - 395007, Behind Nandini 1, Opposite Aagam Orchid, Opposite Nandani 2",+(91)-9998210106
Om Aroma & Spa,"Ghod Dod Main Road, Ghoddod Road, Surat - 395007, Near Kakadia Complex",+(91)-9909367117
ABOUT Hair Make Up Skin Uni..,"G-31, Raj Victoria, Next to The Lane Of TGB Restaurant, Adajan Dn, Surat - 395009, Opposite Raj Arcade, Pal",+(91)-7567770007
Are We Hair Yet,"U/G -3 , White House Upper Ground, Vip Road, Vesu, Surat - 395007, Opposite VIP High Street",+(91)-9898701542
Magic Touch Salon And Tatto..,"103,Madhav Atria, Gaurav Path Road, Pal Bhatha, Surat - 394510, Green City Road,Baghban Circle",+(91)-9033351515
Enine Salon,"UG-101/102, Palladium, Vip Road, Vesu, Surat - 395007, Near Shyam Mandir, Opposite VIP Plaza",+(91)-9586177722
Preety Salon,"Near. Western Arena, Pal ,, Green City Road, Adajan Dn, Surat - 395009, Opposite. Western Shikharji Complex",+(91)-9428122650
ROYAL KING SALON,"G36 J9 High Street, G36 J9 High Streetcanal Road, Vesu, Surat - 395007, Opposite Cellestial Dreams",+(91)-8160223211
Baba Sai Hair Salon,"Shop No.101,Platinum Plaza, V T Nagar Road, Sarthana, Surat - 395006, Near Sarthana Jakatnaka",+(91)-7878917392
9 Hills Saloon  Spa,"Shop No.HG 3 1st Floor Sns Square, Vesu, Surat - 395007, Near Reliance Market",+(91)-9904706999
Sachins Unisex Salon,"Shop No.10/11/12/13, First Floor Sky View Residency, Aai Mata Road, Dumbhal, Surat - 395002, Opp. DR World  Bank",+(91)-9724872495
Teenus Beauty World,"Flat No. 5, Building Number 2,Jantanagar Appartment, Gayatri Society, Lambe Hanuman Road, Varachha Road, Surat - 395006, Near Rachna Circle",+(91)-9825640800
Azuara Family Salon Wellnes..,"309, Canopus Mall, Ghoddod Road, Surat - 395007, Near Parle Point Circle",+(91)-6359045151
Premvati Salon,"Shop No.B-177/178 First Floor , Royal Plaza, Simada Gam BRTS Road, Varachha Road, Surat - 395006, Opposite Suvidha Row House",+(91)-9393933980
7 Seas Beauty Studio,"Dazzle Arcade, Huney Park Road, Adajan Dn, Surat - 395009, Opposite Axis Bank",+(91)-8866705014
Sky Line Salon & Academy,"Shop No-F 23,24,25, Abhilasha Heights, Aai Mata Circle, Parvat Patia, Surat - 395010, Aai Mata Chowk, Near Kiran Motors",+(91)-9924338083
Revive Spa,"Shop No.301-302,Sanskruti A/C Market, 150 Feet Main Road, Puna Patiya, Surat - 395010",+(91)-9727166163
Kokkiis Hair Beauty & Skin ..,"Shop No. M-4, Bhagwati Ashish Complex, Citylight Road, Surat - 395007, Near Ashok Pan House",+(91)-8238172313
AB Salon Unisex,"4,First Floor Asha Nagar, L H Road, Varachha Road, Surat - 395006, Opposite Afil Tower",+(91)-9825278227
The Professional Beauty Poi..,"Shop No-9, 1st Floor, Shree Vinayak Complex, Sudama Chowk, Mota Varachha, Surat - 394101, Beside Krishna Township",+(91)-8905511313
Vata Herble Hair Tritment S..,"Shop No.2 ,1st Floor,Sun Residecy, New Kosad Road, Amroli, Surat - 394107, Opposite.Charbhuja",+(91)-7567421515
Looks Beauty Parlour (Only ..,"228,2nd Floor,Silver Stone Arcade, Near D-Mart,Causway, Singanpore, Surat - 395004, Above Navin Electronics",+(91)-6354788875
D Mart Retail Show Room,"Causeway Road, Singanpore, Surat - 395004, Near Riverpark Society",+(91)-261-2516001
K 2 Beauty Baar Ngo,"14 to 20 , Tirupati Plaza, Chauta Bazaar, Surat - 395003, Nr Mota Mandir",+(91)-8530714214
Enrich Salon Wood Square,"Wood Square, Shop No. G6, Ground, Pal Gam, Lp Savani Road, Surat - 395009",+(91)-261-2663000
Reflexions Salon And Spa,"M 2-3, Manav Mandir, Parle Point, Surat - 395007, Above Metro Shoes",+(91)-0261-2255898
Enrich Salon,"Shop No L 5/6, Anjanshalaka Apartments, Athwalines, Surat - 395001, Opposite Jain Mandir, Lal Bunglow",+(91)-8108443000
Headmasters,"K N House, Citylight Road, Surat - 395007, Opposite Science Cenre",+(91)-261-4242424
VLCC Health Care Ltd,"1st Floor, 105, Millionaire Business Park, L P Savani Road, Adajan Road, Surat - 395009, Above Mcdonalds, Opposite TGB Restaurant",+(91)-9825653917
Wasims Salon Hair  Beauty,"Shop No. 3, 2nd Floor, Shikhar Complex, Dumas Main Road, Dumas Road, Surat - 395007, Opposite Anmol Complex",+(91)-9824331575
F Unisex Salon,"C/o. AMBIKA ENTERPRISE 1ST FLOOR, PRABHU DARSHAN,, ATHWALINES, Athwa, Surat - 395007, BESIDE POOJA ABHISHEK APPARTMENT OPPOSITE LALBANGLOW NEAR PARLE POINT",+(91)-9712901290
Hair & Beauty Salon,"103, Millionaire Business Park, L P Savani Road, Adajan Dn, Surat - 395009, Near TGB Restaurant, Above McDonald's",+(91)-9824981819
Hakims Aalim Hair & Beauty ..,"201, Rajhansh Ornate Mall, Piplod Road, Parle Point, Surat - 395007, Opposite Sargam Shopping Centre, Next Jani Farsan",+(91)-261-6733033
The Purple Spa & Hair Pampe..,"1st Floor, Shri Kunj Residency, Ved Dabholi Road, Ved Road, Surat - 395004, Above Samsung Showroom, Near Cancer Hospital",+(91)-261-6550808
The Purple Spa And Hair Pam..,"2nd Floor, Imperial Square Mall, Pal Road, Adajan Dn, Surat - 395009, Above Star Bazar",+(91)-8866805996
Jawed Habib Hair & Beauty S..,"Shop No 314, Classic Complex, Ghoddod Road, Surat - 395007, Near Parle Point",+(91)-0261-2254599
Unisex Saffron Hair & Beaut..,"Hazira Rd, Hazira, Ichchhapor, Ichhapore, Surat - 394510",+(91)-9974749398
A Salon,"1st Floor, Abhinandan Market, M G Road, Bardoli, Surat - 394601, Opposite Binita Park",+(91)-9825998510
Creative Unisex Salon,"Shop No 14, Under Ground, Eco Futurz, Althan Bharthana Road, Althan, Surat - 395017, Near Shyam Mandir",+(91)-7096227774
La Belle Vie Salon,"Shop Number M 18 to 22,Ascon City, Citylight Road, Surat - 395007, Opposite Maheshwari Bhavan, Near H P Petrol Pump",+(91)-261-2222220
Rahuls Salon,"Shop Number 12,13,14,15, Anmol Complex, Parle Point, Surat - 395007, Near Sargam Shopping Center",+(91)-9825306772
Riyaz Unisex Salon,"Shop Number M 35, Sargam Shopping Centre, Parle Point Road, Parle Point, Surat - 395007, Near Umra Jakat Naka",+(91)-9726703555
Lilaacs Unisex Salon,"G- 1- 2, NAV Mangalam,, Citylight Road, Surat - 395007, Near Agara Sweet, Below Reliance Fresh",+(91)-261-4812020
Baroda Hair Dresser,"Shop No.L-3, Ashiyana Appartment, Near Ashok Pan, Citylight Road, Surat - 395007, Citylight Road",+(91)-261-2227675
F Unisex Salon,"1st Floor, Sai Shraddha Complex, Varachha Road, Surat - 395006, Near Baroda Prestige",+(91)-9712901291
Glamour Express Unisex Salo..,"G-1, Ganga Palace, Main Road, Ghoddod Road, Surat - 395007, Near Kotak Mahindra Bank, Oppsoite Kalyan Jewellers",+(91)-0261-2663003
Hershes Family Salon,"6, Radhey Nagar Society, Parle Point, Surat - 395007, Opposite Sargam Shopping Center",+(91)-261-2222913
O2 Spa Salon Pvt Ltd (Vr Ma..,"Virtuous Retail Mall, Dumas Road, Magdalla, Surat - 395007, Near Rundh Village",+(91)-9247020202
F Unisex Salon,"1st Floor, Nilkamal Society, Anand Mahal Road, Adajan Dn, Surat - 395009, Near Sahaj Super Store",+(91)-261-2737352
Nitins Cuts N Colors,"Swapnil Apartment, Subhash Nagar Road, Ghoddod Road, Surat - 395007, Opposite Ram Chowk",+(91)-261-2235892
Supafly - Salon. Spa. Brida..,"7, Luxuria Business Hub, Piplod Dumas Road, Dumas Road, Surat - 395007, Near VR Mall",+(91)-0261-2972777
NEEL Bridal Makeover,"102 Vijay Palace, Bombay Market to Punagam Road, Punagam, Surat - 394210, Near Archana School",+(91)-9825487206
Purple Salon & Wellness,"A2 House, Opp. Surya Kiran Appartment, Ghoddod Road, Surat - 395007, Tanishq Lane",+(91)-9574840002
Appeal,"M 31 2nd Floor Someshwar Square, Vesu, Surat - 395007, Opposite Someshwar Bunglows",+(91)-261-2215355
Appeal,"M/31, 2nd Floor, Someshwar Square, Vesu, Surat - 395007, Opposite Someshwar Bunglows",+(91)-0261-2215355
Neel Bridal Make Up Studio,"Parvat Patiya, Bombay Market Road, Bombay Market, Surat - 395010, Vijay Nagar Society",+(91)-9825487206
Glamour Chinese Beauty Parl..,"2 -7, Royal Apprtment, Ghoddod Road, Surat - 395007, Near Kakadiya Complex",+(91)-261-2254735
Tanishq Beauty Salon,"2, Madhubha Park, Adajan Hazira Road, Adajan Dn, Surat - 395009, Opposite Star Bazar, Near Adajan Fire Station",+(91)-9913000282
Golden Glitz,"402, Ratnadeep Apt, B/H S.M.C Office, Adarsh, Opposite Bank Of Baroda Adarsh Society, Adarsh Society, Surat - 395001, Near Gokulam Dairy",+(91)-9228584164
Nikunjs Unisex Salon,"Shop No F-12-13, 1st Floor, Atlanta Shoppers, Vesu, Surat - 395007, Beside Reliance Market",+(91)-9558966255
Hemaxis Beauty & Bridal Stu..,"Plot Number A/22, Saurashtra Society Vibhag 1,, Khodiyar Nagar Road, Varachha Road, Surat - 395006",+(91)-9909328193
Symbols Beauty Salon - Vesu,"H.G.8, SNS Pletina, Vesu, Surat - 395007, Above Surat Peoples Bank, Near Reliance Fresh",+(91)-8866000573
Rush Salon Hair Beauty And ..,"Shop Number 95/96 Radhenagar Society, Parle Point Road, Parle Point, Surat - 395007, Opposite Anmol Complex",+(91)-9712941901
Matraa Salon,"Shop No. 105, Wood Square, LP Savani Road, Adajan Road, Surat - 395009, Near TGB Restaurant",+(91)-9537756565
Matraa Salon,"Shop No. 105, Wood Square, L P Savani Road, Adajan Dn, Surat - 395009, Near TGB Restaurant",+(91)-9537756565
Azuara Wellness Club,"106, 107, 1st Floor, Cyggnus Trinity, Udhana Magdalla Road, Someshwar Crossing, Vesu, Surat - 395007, Near Harley Davidson Bike Showroom",+(91)-7202953000
Western Look Salon,"G/22, Raj Corner Shopping Centre, Tween Tower Road, Pal Bhatha, Surat - 394510, Opposite Vasupujya Residency",+(91)-9624852574
Asha Beauty Studio,"Shop No. A/G - 1/2, Umiya Complex, Tirupati Society, Lambe Hanuman Road, Varachha Road, Surat - 395006, Near Maruti Chowk",+(91)-9374421021
Revive Spa,"Shop No. 301-302, Sanskruti A/C Market, 150 Feet Main Road, Puna Patiya, Surat - 395010, Opposite Essar Petrol Pump",+(91)-9924409958
S D Family Spa And Salon,"Shop No 101,102, 1st Floor, Ishwar Palace, Varachha Main Road, Varachha Road, Surat - 395006, Beside Dairy Don",07947288703
Crystal Family Spa Salon an..,"22 to 25 Third Floor Shital Shopping Square, Bhatar Road, Surat - 395007, Near Turning Point Old Lb Cinema",07947320087
Hers & Sirs Unisex Salon,"49, Hariom Nagar, Near Iscon Circle, Surat Olpad Road, Jahangirpura, Surat - 395005, Beside Esaar Petrol Pump",07947389128
Bhavins Beauty Salon,"Shop No 1, Upper Level Amizara Shopping Complex, Athwalines, Surat - 395001, Near Surat Tennis Club",07947254745
Azuara Family Salon Wellnes..,"309, Canopus Mall, Ghoddod Road, Surat - 395007, Near Parle Point Circle",+(91)-6359045151
ROYAL KING SALON,"G36 J9 High Street, G36 J9 High Streetcanal Road, Vesu, Surat - 395007, Opposite Cellestial Dreams",+(91)-8160223211
Magic Touch Salon And Tatto..,"103,Madhav Atria, Gaurav Path Road, Pal Bhatha, Surat - 394510, Green City Road,Baghban Circle",+(91)-9033351515
Kokkiis Hair Beauty & Skin ..,"Shop No. M-4, Bhagwati Ashish Complex, Citylight Road, Surat - 395007, Near Ashok Pan House",+(91)-8238172313
The Professional Beauty Poi..,"Shop No-9, 1st Floor, Shree Vinayak Complex, Sudama Chowk, Mota Varachha, Surat - 394101, Beside Krishna Township",+(91)-8905511313
Affiniti Salon,"Parle Point Road, Parle Point, Surat - 395007, Near Coffee Culture, Opposite Sargam Shopping Center",+(91)-261-2228757
Sky Line Salon & Academy,"Shop No-F 23,24,25, Abhilasha Heights, Aai Mata Circle, Parvat Patia, Surat - 395010, Aai Mata Chowk, Near Kiran Motors",+(91)-9924338083
Enine Salon,"UG-101/102, Palladium, Vip Road, Vesu, Surat - 395007, Near Shyam Mandir, Opposite VIP Plaza",+(91)-9586177722
Premvati Salon,"Shop No.B-177/178 First Floor , Royal Plaza, Simada Gam BRTS Road, Varachha Road, Surat - 395006, Opposite Suvidha Row House",+(91)-9393933980
The Hair Factory,"Shital Complex, Citylight Road, City Light Town, Surat - 395007, Besides SBI Bank, Opposite Navpad Residency",+(91)-9726300437
Rajvis Salon & Makeup Studi..,"Shop Number U-24/25, Ascon City Complex, Citylight Road, Surat - 395007, Opposite Maheshwari Bhavan",+(91)-8460508405
ABOUT Hair Make Up Skin Uni..,"G-31, Raj Victoria, Next to The Lane Of TGB Restaurant, Adajan Dn, Surat - 395009, Opposite Raj Arcade, Pal",+(91)-7567770007
K Acme Hair & Beauty Salon,"Upper GF 8-9 Divya Kanti Appartment, Opposite HDFC Bank, Parle Point, Surat - 395007, Parle Point Road",+(91)-9909788911
Kristy Hair Salon,"Shop No 11/12, Royal Residency, Anand Mahal Road, Adajan Dn, Surat - 395009, Near Mahalaxmi Mandir",+(91)-261-2748555
Om Aroma & Spa,"Ghod Dod Main Road, Ghoddod Road, Surat - 395007, Near Kakadia Complex",+(91)-9909367117
Tuulsi Hair & Beauty,"Shop No. 41, Mahaveer Nagar, Sardar Valabhabhai Patel Circel, Parvat Patia, Surat - 395010, Opposite Sharda School, Module Town Road",+(91)-9879548048
Are We Hair Yet,"U/G -3 , White House Upper Ground, Vip Road, Vesu, Surat - 395007, Opposite VIP High Street",+(91)-9898701542
Looks Beauty Parlour (Only ..,"228,2nd Floor,Silver Stone Arcade, Near D-Mart,Causway, Singanpore, Surat - 395004, Above Navin Electronics",+(91)-6354788875
Preety Salon,"Near. Western Arena, Pal ,, Green City Road, Adajan Dn, Surat - 395009, Opposite. Western Shikharji Complex",+(91)-9428122650
7 Seas Beauty Studio,"Dazzle Arcade, Huney Park Road, Adajan Dn, Surat - 395009, Opposite Axis Bank",+(91)-8866705014
Sachins Unisex Salon,"Shop No.10/11/12/13, First Floor Sky View Residency, Aai Mata Road, Dumbhal, Surat - 395002, Opp. DR World  Bank",+(91)-9724872495
Flora Hair & Beauty Salon,"M-24/25, 2nd Floor, Shiv Kartik Enclave Tower A, Vip Road, Vesu, Surat - 395007, Behind Nandini 1, Opposite Aagam Orchid, Opposite Nandani 2",+(91)-9998210106
9 Hills Saloon  Spa,"Shop No.HG 3 1st Floor Sns Square, Vesu, Surat - 395007, Near Reliance Market",+(91)-9904706999
Baba Sai Hair Salon,"Shop No.101,Platinum Plaza, V T Nagar Road, Sarthana, Surat - 395006, Near Sarthana Jakatnaka",+(91)-7878917392
Teenus Beauty World,"Flat No. 5, Building Number 2,Jantanagar Appartment, Gayatri Society, Lambe Hanuman Road, Varachha Road, Surat - 395006, Near Rachna Circle",+(91)-9825640800
Cher Hair And Beauty Lounge,"Silver Crest, Ghod Dod Main Road, Ghoddod Road, Surat - 395007, Opp Kakadia Complex",+(91)-261-6590000
Vata Herble Hair Tritment S..,"Shop No.2 ,1st Floor,Sun Residecy, New Kosad Road, Amroli, Surat - 394107, Opposite.Charbhuja",+(91)-7567421515
Revive Spa,"Shop No.301-302,Sanskruti A/C Market, 150 Feet Main Road, Puna Patiya, Surat - 395010",+(91)-9727166163
AB Salon Unisex,"4,First Floor Asha Nagar, L H Road, Varachha Road, Surat - 395006, Opposite Afil Tower",+(91)-9825278227
D Mart Retail Show Room,"Causeway Road, Singanpore, Surat - 395004, Near Riverpark Society",+(91)-261-2516001
K 2 Beauty Baar Ngo,"14 to 20 , Tirupati Plaza, Chauta Bazaar, Surat - 395003, Nr Mota Mandir",+(91)-8530714214
Enrich Salon Wood Square,"Wood Square, Shop No. G6, Ground, Pal Gam, Lp Savani Road, Surat - 395009",+(91)-261-2663000
Reflexions Salon And Spa,"M 2-3, Manav Mandir, Parle Point, Surat - 395007, Above Metro Shoes",+(91)-0261-2255898
Enrich Salon,"Shop No L 5/6, Anjanshalaka Apartments, Athwalines, Surat - 395001, Opposite Jain Mandir, Lal Bunglow",+(91)-8108443000
Headmasters,"K N House, Citylight Road, Surat - 395007, Opposite Science Cenre",+(91)-261-4242424
VLCC Health Care Ltd,"1st Floor, 105, Millionaire Business Park, L P Savani Road, Adajan Road, Surat - 395009, Above Mcdonalds, Opposite TGB Restaurant",+(91)-9825653917
Wasims Salon Hair  Beauty,"Shop No. 3, 2nd Floor, Shikhar Complex, Dumas Main Road, Dumas Road, Surat - 395007, Opposite Anmol Complex",+(91)-9824331575
F Unisex Salon,"C/o. AMBIKA ENTERPRISE 1ST FLOOR, PRABHU DARSHAN,, ATHWALINES, Athwa, Surat - 395007, BESIDE POOJA ABHISHEK APPARTMENT OPPOSITE LALBANGLOW NEAR PARLE POINT",+(91)-9712901290
Hair & Beauty Salon,"103, Millionaire Business Park, L P Savani Road, Adajan Dn, Surat - 395009, Near TGB Restaurant, Above McDonald's",+(91)-9824981819
Hakims Aalim Hair & Beauty ..,"201, Rajhansh Ornate Mall, Piplod Road, Parle Point, Surat - 395007, Opposite Sargam Shopping Centre, Next Jani Farsan",+(91)-261-6733033
The Purple Spa & Hair Pampe..,"1st Floor, Shri Kunj Residency, Ved Dabholi Road, Ved Road, Surat - 395004, Above Samsung Showroom, Near Cancer Hospital",+(91)-261-6550808
The Purple Spa And Hair Pam..,"2nd Floor, Imperial Square Mall, Pal Road, Adajan Dn, Surat - 395009, Above Star Bazar",+(91)-8866805996
Jawed Habib Hair & Beauty S..,"Shop No 314, Classic Complex, Ghoddod Road, Surat - 395007, Near Parle Point",+(91)-0261-2254599
Unisex Saffron Hair & Beaut..,"Hazira Rd, Hazira, Ichchhapor, Ichhapore, Surat - 394510",+(91)-9974749398
A Salon,"1st Floor, Abhinandan Market, M G Road, Bardoli, Surat - 394601, Opposite Binita Park",+(91)-9825998510
Creative Unisex Salon,"Shop No 14, Under Ground, Eco Futurz, Althan Bharthana Road, Althan, Surat - 395017, Near Shyam Mandir",+(91)-7096227774
La Belle Vie Salon,"Shop Number M 18 to 22,Ascon City, Citylight Road, Surat - 395007, Opposite Maheshwari Bhavan, Near H P Petrol Pump",+(91)-261-2222220
Rahuls Salon,"Shop Number 12,13,14,15, Anmol Complex, Parle Point, Surat - 395007, Near Sargam Shopping Center",+(91)-9825306772
Riyaz Unisex Salon,"Shop Number M 35, Sargam Shopping Centre, Parle Point Road, Parle Point, Surat - 395007, Near Umra Jakat Naka",+(91)-9726703555
Lilaacs Unisex Salon,"G- 1- 2, NAV Mangalam,, Citylight Road, Surat - 395007, Near Agara Sweet, Below Reliance Fresh",+(91)-261-4812020
Baroda Hair Dresser,"Shop No.L-3, Ashiyana Appartment, Near Ashok Pan, Citylight Road, Surat - 395007, Citylight Road",+(91)-261-2227675
F Unisex Salon,"1st Floor, Sai Shraddha Complex, Varachha Road, Surat - 395006, Near Baroda Prestige",+(91)-9712901291
Glamour Express Unisex Salo..,"G-1, Ganga Palace, Main Road, Ghoddod Road, Surat - 395007, Near Kotak Mahindra Bank, Oppsoite Kalyan Jewellers",+(91)-0261-2663003
Hershes Family Salon,"6, Radhey Nagar Society, Parle Point, Surat - 395007, Opposite Sargam Shopping Center",+(91)-261-2222913
O2 Spa Salon Pvt Ltd (Vr Ma..,"Virtuous Retail Mall, Dumas Road, Magdalla, Surat - 395007, Near Rundh Village",+(91)-9247020202
F Unisex Salon,"1st Floor, Nilkamal Society, Anand Mahal Road, Adajan Dn, Surat - 395009, Near Sahaj Super Store",+(91)-261-2737352
Nitins Cuts N Colors,"Swapnil Apartment, Subhash Nagar Road, Ghoddod Road, Surat - 395007, Opposite Ram Chowk",+(91)-261-2235892
Supafly - Salon. Spa. Brida..,"7, Luxuria Business Hub, Piplod Dumas Road, Dumas Road, Surat - 395007, Near VR Mall",+(91)-0261-2972777
NEEL Bridal Makeover,"102 Vijay Palace, Bombay Market to Punagam Road, Punagam, Surat - 394210, Near Archana School",+(91)-9825487206
Purple Salon & Wellness,"A2 House, Opp. Surya Kiran Appartment, Ghoddod Road, Surat - 395007, Tanishq Lane",+(91)-9574840002
Appeal,"M 31 2nd Floor Someshwar Square, Vesu, Surat - 395007, Opposite Someshwar Bunglows",+(91)-261-2215355
Appeal,"M/31, 2nd Floor, Someshwar Square, Vesu, Surat - 395007, Opposite Someshwar Bunglows",+(91)-0261-2215355
Neel Bridal Make Up Studio,"Parvat Patiya, Bombay Market Road, Bombay Market, Surat - 395010, Vijay Nagar Society",+(91)-9825487206
Glamour Chinese Beauty Parl..,"2 -7, Royal Apprtment, Ghoddod Road, Surat - 395007, Near Kakadiya Complex",+(91)-261-2254735
Tanishq Beauty Salon,"2, Madhubha Park, Adajan Hazira Road, Adajan Dn, Surat - 395009, Opposite Star Bazar, Near Adajan Fire Station",+(91)-9913000282
Golden Glitz,"402, Ratnadeep Apt, B/H S.M.C Office, Adarsh, Opposite Bank Of Baroda Adarsh Society, Adarsh Society, Surat - 395001, Near Gokulam Dairy",+(91)-9228584164
Nikunjs Unisex Salon,"Shop No F-12-13, 1st Floor, Atlanta Shoppers, Vesu, Surat - 395007, Beside Reliance Market",+(91)-9558966255
Hemaxis Beauty & Bridal Stu..,"Plot Number A/22, Saurashtra Society Vibhag 1,, Khodiyar Nagar Road, Varachha Road, Surat - 395006",+(91)-9909328193
Symbols Beauty Salon - Vesu,"H.G.8, SNS Pletina, Vesu, Surat - 395007, Above Surat Peoples Bank, Near Reliance Fresh",+(91)-8866000573
Rush Salon Hair Beauty And ..,"Shop Number 95/96 Radhenagar Society, Parle Point Road, Parle Point, Surat - 395007, Opposite Anmol Complex",+(91)-9712941901
Matraa Salon,"Shop No. 105, Wood Square, LP Savani Road, Adajan Road, Surat - 395009, Near TGB Restaurant",+(91)-9537756565
Matraa Salon,"Shop No. 105, Wood Square, L P Savani Road, Adajan Dn, Surat - 395009, Near TGB Restaurant",+(91)-9537756565
Azuara Wellness Club,"106, 107, 1st Floor, Cyggnus Trinity, Udhana Magdalla Road, Someshwar Crossing, Vesu, Surat - 395007, Near Harley Davidson Bike Showroom",+(91)-7202953000
Western Look Salon,"G/22, Raj Corner Shopping Centre, Tween Tower Road, Pal Bhatha, Surat - 394510, Opposite Vasupujya Residency",+(91)-9624852574
Asha Beauty Studio,"Shop No. A/G - 1/2, Umiya Complex, Tirupati Society, Lambe Hanuman Road, Varachha Road, Surat - 395006, Near Maruti Chowk",+(91)-9374421021
Affiniti Salon,"Parle Point Road, Parle Point, Surat - 395007, Near Coffee Culture, Opposite Sargam Shopping Center",+(91)-261-2228757
Kristy Hair Salon,"Shop No 11/12, Royal Residency, Anand Mahal Road, Adajan Dn, Surat - 395009, Near Mahalaxmi Mandir",+(91)-261-2748555
Cher Hair And Beauty Lounge,"Silver Crest, Ghod Dod Main Road, Ghoddod Road, Surat - 395007, Opp Kakadia Complex",+(91)-261-6590000
Flora Hair & Beauty Salon,"M-24/25, 2nd Floor, Shiv Kartik Enclave Tower A, Vip Road, Vesu, Surat - 395007, Behind Nandini 1, Opposite Aagam Orchid, Opposite Nandani 2",+(91)-9998210106
Om Aroma & Spa,"Ghod Dod Main Road, Ghoddod Road, Surat - 395007, Near Kakadia Complex",+(91)-9909367117
ABOUT Hair Make Up Skin Uni..,"G-31, Raj Victoria, Next to The Lane Of TGB Restaurant, Adajan Dn, Surat - 395009, Opposite Raj Arcade, Pal",+(91)-7567770007
Are We Hair Yet,"U/G -3 , White House Upper Ground, Vip Road, Vesu, Surat - 395007, Opposite VIP High Street",+(91)-9898701542
Preety Salon,"Near. Western Arena, Pal ,, Green City Road, Adajan Dn, Surat - 395009, Opposite. Western Shikharji Complex",+(91)-9428122650
Enine Salon,"UG-101/102, Palladium, Vip Road, Vesu, Surat - 395007, Near Shyam Mandir, Opposite VIP Plaza",+(91)-9586177722
Baba Sai Hair Salon,"Shop No.101,Platinum Plaza, V T Nagar Road, Sarthana, Surat - 395006, Near Sarthana Jakatnaka",+(91)-7878917392
9 Hills Saloon  Spa,"Shop No.HG 3 1st Floor Sns Square, Vesu, Surat - 395007, Near Reliance Market",+(91)-9904706999
Magic Touch Salon And Tatto..,"103,Madhav Atria, Gaurav Path Road, Pal Bhatha, Surat - 394510, Green City Road,Baghban Circle",+(91)-9033351515
Sachins Unisex Salon,"Shop No.10/11/12/13, First Floor Sky View Residency, Aai Mata Road, Dumbhal, Surat - 395002, Opp. DR World  Bank",+(91)-9724872495
Teenus Beauty World,"Flat No. 5, Building Number 2,Jantanagar Appartment, Gayatri Society, Lambe Hanuman Road, Varachha Road, Surat - 395006, Near Rachna Circle",+(91)-9825640800
ROYAL KING SALON,"G36 J9 High Street, G36 J9 High Streetcanal Road, Vesu, Surat - 395007, Opposite Cellestial Dreams",+(91)-8160223211
Kokkiis Hair Beauty & Skin ..,"Shop No. M-4, Bhagwati Ashish Complex, Citylight Road, Surat - 395007, Near Ashok Pan House",+(91)-8238172313
Premvati Salon,"Shop No.B-177/178 First Floor , Royal Plaza, Simada Gam BRTS Road, Varachha Road, Surat - 395006, Opposite Suvidha Row House",+(91)-9393933980
7 Seas Beauty Studio,"Dazzle Arcade, Huney Park Road, Adajan Dn, Surat - 395009, Opposite Axis Bank",+(91)-8866705014
The Professional Beauty Poi..,"Shop No-9, 1st Floor, Shree Vinayak Complex, Sudama Chowk, Mota Varachha, Surat - 394101, Beside Krishna Township",+(91)-8905511313
Revive Spa,"Shop No.301-302,Sanskruti A/C Market, 150 Feet Main Road, Puna Patiya, Surat - 395010",+(91)-9727166163
AB Salon Unisex,"4,First Floor Asha Nagar, L H Road, Varachha Road, Surat - 395006, Opposite Afil Tower",+(91)-9825278227
Looks Beauty Parlour (Only ..,"228,2nd Floor,Silver Stone Arcade, Near D-Mart,Causway, Singanpore, Surat - 395004, Above Navin Electronics",+(91)-6354788875
Vata Herble Hair Tritment S..,"Shop No.2 ,1st Floor,Sun Residecy, New Kosad Road, Amroli, Surat - 394107, Opposite.Charbhuja",+(91)-7567421515
Sky Line Salon & Academy,"Shop No-F 23,24,25, Abhilasha Heights, Aai Mata Circle, Parvat Patia, Surat - 395010, Aai Mata Chowk, Near Kiran Motors",+(91)-9924338083
D Mart Retail Show Room,"Causeway Road, Singanpore, Surat - 395004, Near Riverpark Society",+(91)-261-2516001
K 2 Beauty Baar Ngo,"14 to 20 , Tirupati Plaza, Chauta Bazaar, Surat - 395003, Nr Mota Mandir",+(91)-8530714214
Enrich Salon Wood Square,"Wood Square, Shop No. G6, Ground, Pal Gam, Lp Savani Road, Surat - 395009",+(91)-261-2663000
Reflexions Salon And Spa,"M 2-3, Manav Mandir, Parle Point, Surat - 395007, Above Metro Shoes",+(91)-0261-2255898
Enrich Salon,"Shop No L 5/6, Anjanshalaka Apartments, Athwalines, Surat - 395001, Opposite Jain Mandir, Lal Bunglow",+(91)-8108443000
Headmasters,"K N House, Citylight Road, Surat - 395007, Opposite Science Cenre",+(91)-261-4242424
VLCC Health Care Ltd,"1st Floor, 105, Millionaire Business Park, L P Savani Road, Adajan Road, Surat - 395009, Above Mcdonalds, Opposite TGB Restaurant",+(91)-9825653917
Wasims Salon Hair  Beauty,"Shop No. 3, 2nd Floor, Shikhar Complex, Dumas Main Road, Dumas Road, Surat - 395007, Opposite Anmol Complex",+(91)-9824331575
F Unisex Salon,"C/o. AMBIKA ENTERPRISE 1ST FLOOR, PRABHU DARSHAN,, ATHWALINES, Athwa, Surat - 395007, BESIDE POOJA ABHISHEK APPARTMENT OPPOSITE LALBANGLOW NEAR PARLE POINT",+(91)-9712901290
Hair & Beauty Salon,"103, Millionaire Business Park, L P Savani Road, Adajan Dn, Surat - 395009, Near TGB Restaurant, Above McDonald's",+(91)-9824981819
Hakims Aalim Hair & Beauty ..,"201, Rajhansh Ornate Mall, Piplod Road, Parle Point, Surat - 395007, Opposite Sargam Shopping Centre, Next Jani Farsan",+(91)-261-6733033
The Purple Spa & Hair Pampe..,"1st Floor, Shri Kunj Residency, Ved Dabholi Road, Ved Road, Surat - 395004, Above Samsung Showroom, Near Cancer Hospital",+(91)-261-6550808
The Purple Spa And Hair Pam..,"2nd Floor, Imperial Square Mall, Pal Road, Adajan Dn, Surat - 395009, Above Star Bazar",+(91)-8866805996
Jawed Habib Hair & Beauty S..,"Shop No 314, Classic Complex, Ghoddod Road, Surat - 395007, Near Parle Point",+(91)-0261-2254599
Unisex Saffron Hair & Beaut..,"Hazira Rd, Hazira, Ichchhapor, Ichhapore, Surat - 394510",+(91)-9974749398
A Salon,"1st Floor, Abhinandan Market, M G Road, Bardoli, Surat - 394601, Opposite Binita Park",+(91)-9825998510
Creative Unisex Salon,"Shop No 14, Under Ground, Eco Futurz, Althan Bharthana Road, Althan, Surat - 395017, Near Shyam Mandir",+(91)-7096227774
La Belle Vie Salon,"Shop Number M 18 to 22,Ascon City, Citylight Road, Surat - 395007, Opposite Maheshwari Bhavan, Near H P Petrol Pump",+(91)-261-2222220
Rahuls Salon,"Shop Number 12,13,14,15, Anmol Complex, Parle Point, Surat - 395007, Near Sargam Shopping Center",+(91)-9825306772
Riyaz Unisex Salon,"Shop Number M 35, Sargam Shopping Centre, Parle Point Road, Parle Point, Surat - 395007, Near Umra Jakat Naka",+(91)-9726703555
Lilaacs Unisex Salon,"G- 1- 2, NAV Mangalam,, Citylight Road, Surat - 395007, Near Agara Sweet, Below Reliance Fresh",+(91)-261-4812020
Baroda Hair Dresser,"Shop No.L-3, Ashiyana Appartment, Near Ashok Pan, Citylight Road, Surat - 395007, Citylight Road",+(91)-261-2227675
F Unisex Salon,"1st Floor, Sai Shraddha Complex, Varachha Road, Surat - 395006, Near Baroda Prestige",+(91)-9712901291
Glamour Express Unisex Salo..,"G-1, Ganga Palace, Main Road, Ghoddod Road, Surat - 395007, Near Kotak Mahindra Bank, Oppsoite Kalyan Jewellers",+(91)-0261-2663003
Hershes Family Salon,"6, Radhey Nagar Society, Parle Point, Surat - 395007, Opposite Sargam Shopping Center",+(91)-261-2222913
O2 Spa Salon Pvt Ltd (Vr Ma..,"Virtuous Retail Mall, Dumas Road, Magdalla, Surat - 395007, Near Rundh Village",+(91)-9247020202
F Unisex Salon,"1st Floor, Nilkamal Society, Anand Mahal Road, Adajan Dn, Surat - 395009, Near Sahaj Super Store",+(91)-261-2737352
Nitins Cuts N Colors,"Swapnil Apartment, Subhash Nagar Road, Ghoddod Road, Surat - 395007, Opposite Ram Chowk",+(91)-261-2235892
Supafly - Salon. Spa. Brida..,"7, Luxuria Business Hub, Piplod Dumas Road, Dumas Road, Surat - 395007, Near VR Mall",+(91)-0261-2972777
NEEL Bridal Makeover,"102 Vijay Palace, Bombay Market to Punagam Road, Punagam, Surat - 394210, Near Archana School",+(91)-9825487206
Purple Salon & Wellness,"A2 House, Opp. Surya Kiran Appartment, Ghoddod Road, Surat - 395007, Tanishq Lane",+(91)-9574840002
Appeal,"M 31 2nd Floor Someshwar Square, Vesu, Surat - 395007, Opposite Someshwar Bunglows",+(91)-261-2215355
Appeal,"M/31, 2nd Floor, Someshwar Square, Vesu, Surat - 395007, Opposite Someshwar Bunglows",+(91)-0261-2215355
Neel Bridal Make Up Studio,"Parvat Patiya, Bombay Market Road, Bombay Market, Surat - 395010, Vijay Nagar Society",+(91)-9825487206
Glamour Chinese Beauty Parl..,"2 -7, Royal Apprtment, Ghoddod Road, Surat - 395007, Near Kakadiya Complex",+(91)-261-2254735
Tanishq Beauty Salon,"2, Madhubha Park, Adajan Hazira Road, Adajan Dn, Surat - 395009, Opposite Star Bazar, Near Adajan Fire Station",+(91)-9913000282
Golden Glitz,"402, Ratnadeep Apt, B/H S.M.C Office, Adarsh, Opposite Bank Of Baroda Adarsh Society, Adarsh Society, Surat - 395001, Near Gokulam Dairy",+(91)-9228584164
Nikunjs Unisex Salon,"Shop No F-12-13, 1st Floor, Atlanta Shoppers, Vesu, Surat - 395007, Beside Reliance Market",+(91)-9558966255
Hemaxis Beauty & Bridal Stu..,"Plot Number A/22, Saurashtra Society Vibhag 1,, Khodiyar Nagar Road, Varachha Road, Surat - 395006",+(91)-9909328193
Symbols Beauty Salon - Vesu,"H.G.8, SNS Pletina, Vesu, Surat - 395007, Above Surat Peoples Bank, Near Reliance Fresh",+(91)-8866000573
Rush Salon Hair Beauty And ..,"Shop Number 95/96 Radhenagar Society, Parle Point Road, Parle Point, Surat - 395007, Opposite Anmol Complex",+(91)-9712941901
Matraa Salon,"Shop No. 105, Wood Square, LP Savani Road, Adajan Road, Surat - 395009, Near TGB Restaurant",+(91)-9537756565
Matraa Salon,"Shop No. 105, Wood Square, L P Savani Road, Adajan Dn, Surat - 395009, Near TGB Restaurant",+(91)-9537756565
Azuara Wellness Club,"106, 107, 1st Floor, Cyggnus Trinity, Udhana Magdalla Road, Someshwar Crossing, Vesu, Surat - 395007, Near Harley Davidson Bike Showroom",+(91)-7202953000
Western Look Salon,"G/22, Raj Corner Shopping Centre, Tween Tower Road, Pal Bhatha, Surat - 394510, Opposite Vasupujya Residency",+(91)-9624852574
Asha Beauty Studio,"Shop No. A/G - 1/2, Umiya Complex, Tirupati Society, Lambe Hanuman Road, Varachha Road, Surat - 395006, Near Maruti Chowk",+(91)-9374421021
9 Hills Saloon  Spa,"Shop No.HG 3 1st Floor Sns Square, Vesu, Surat - 395007, Near Reliance Market",+(91)-9904706999
Magic Touch Salon And Tatto..,"103,Madhav Atria, Gaurav Path Road, Pal Bhatha, Surat - 394510, Green City Road,Baghban Circle",+(91)-9033351515
Sachins Unisex Salon,"Shop No.10/11/12/13, First Floor Sky View Residency, Aai Mata Road, Dumbhal, Surat - 395002, Opp. DR World  Bank",+(91)-9724872495
Teenus Beauty World,"Flat No. 5, Building Number 2,Jantanagar Appartment, Gayatri Society, Lambe Hanuman Road, Varachha Road, Surat - 395006, Near Rachna Circle",+(91)-9825640800
ROYAL KING SALON,"G36 J9 High Street, G36 J9 High Streetcanal Road, Vesu, Surat - 395007, Opposite Cellestial Dreams",+(91)-8160223211
Premvati Salon,"Shop No.B-177/178 First Floor , Royal Plaza, Simada Gam BRTS Road, Varachha Road, Surat - 395006, Opposite Suvidha Row House",+(91)-9393933980
Kokkiis Hair Beauty & Skin ..,"Shop No. M-4, Bhagwati Ashish Complex, Citylight Road, Surat - 395007, Near Ashok Pan House",+(91)-8238172313
7 Seas Beauty Studio,"Dazzle Arcade, Huney Park Road, Adajan Dn, Surat - 395009, Opposite Axis Bank",+(91)-8866705014
The Professional Beauty Poi..,"Shop No-9, 1st Floor, Shree Vinayak Complex, Sudama Chowk, Mota Varachha, Surat - 394101, Beside Krishna Township",+(91)-8905511313
Revive Spa,"Shop No.301-302,Sanskruti A/C Market, 150 Feet Main Road, Puna Patiya, Surat - 395010",+(91)-9727166163
AB Salon Unisex,"4,First Floor Asha Nagar, L H Road, Varachha Road, Surat - 395006, Opposite Afil Tower",+(91)-9825278227
Looks Beauty Parlour (Only ..,"228,2nd Floor,Silver Stone Arcade, Near D-Mart,Causway, Singanpore, Surat - 395004, Above Navin Electronics",+(91)-6354788875
Sky Line Salon & Academy,"Shop No-F 23,24,25, Abhilasha Heights, Aai Mata Circle, Parvat Patia, Surat - 395010, Aai Mata Chowk, Near Kiran Motors",+(91)-9924338083
Vata Herble Hair Tritment S..,"Shop No.2 ,1st Floor,Sun Residecy, New Kosad Road, Amroli, Surat - 394107, Opposite.Charbhuja",+(91)-7567421515
D Mart Retail Show Room,"Causeway Road, Singanpore, Surat - 395004, Near Riverpark Society",+(91)-261-2516001
K 2 Beauty Baar Ngo,"14 to 20 , Tirupati Plaza, Chauta Bazaar, Surat - 395003, Nr Mota Mandir",+(91)-8530714214
Enrich Salon Wood Square,"Wood Square, Shop No. G6, Ground, Pal Gam, Lp Savani Road, Surat - 395009",+(91)-261-2663000
Reflexions Salon And Spa,"M 2-3, Manav Mandir, Parle Point, Surat - 395007, Above Metro Shoes",+(91)-0261-2255898
Enrich Salon,"Shop No L 5/6, Anjanshalaka Apartments, Athwalines, Surat - 395001, Opposite Jain Mandir, Lal Bunglow",+(91)-8108443000
Headmasters,"K N House, Citylight Road, Surat - 395007, Opposite Science Cenre",+(91)-261-4242424
VLCC Health Care Ltd,"1st Floor, 105, Millionaire Business Park, L P Savani Road, Adajan Road, Surat - 395009, Above Mcdonalds, Opposite TGB Restaurant",+(91)-9825653917
Wasims Salon Hair  Beauty,"Shop No. 3, 2nd Floor, Shikhar Complex, Dumas Main Road, Dumas Road, Surat - 395007, Opposite Anmol Complex",+(91)-9824331575
F Unisex Salon,"C/o. AMBIKA ENTERPRISE 1ST FLOOR, PRABHU DARSHAN,, ATHWALINES, Athwa, Surat - 395007, BESIDE POOJA ABHISHEK APPARTMENT OPPOSITE LALBANGLOW NEAR PARLE POINT",+(91)-9712901290
Hair & Beauty Salon,"103, Millionaire Business Park, L P Savani Road, Adajan Dn, Surat - 395009, Near TGB Restaurant, Above McDonald's",+(91)-9824981819
Hakims Aalim Hair & Beauty ..,"201, Rajhansh Ornate Mall, Piplod Road, Parle Point, Surat - 395007, Opposite Sargam Shopping Centre, Next Jani Farsan",+(91)-261-6733033
The Purple Spa & Hair Pampe..,"1st Floor, Shri Kunj Residency, Ved Dabholi Road, Ved Road, Surat - 395004, Above Samsung Showroom, Near Cancer Hospital",+(91)-261-6550808
The Purple Spa And Hair Pam..,"2nd Floor, Imperial Square Mall, Pal Road, Adajan Dn, Surat - 395009, Above Star Bazar",+(91)-8866805996
Jawed Habib Hair & Beauty S..,"Shop No 314, Classic Complex, Ghoddod Road, Surat - 395007, Near Parle Point",+(91)-0261-2254599
Unisex Saffron Hair & Beaut..,"Hazira Rd, Hazira, Ichchhapor, Ichhapore, Surat - 394510",+(91)-9974749398
A Salon,"1st Floor, Abhinandan Market, M G Road, Bardoli, Surat - 394601, Opposite Binita Park",+(91)-9825998510
Creative Unisex Salon,"Shop No 14, Under Ground, Eco Futurz, Althan Bharthana Road, Althan, Surat - 395017, Near Shyam Mandir",+(91)-7096227774
La Belle Vie Salon,"Shop Number M 18 to 22,Ascon City, Citylight Road, Surat - 395007, Opposite Maheshwari Bhavan, Near H P Petrol Pump",+(91)-261-2222220
Rahuls Salon,"Shop Number 12,13,14,15, Anmol Complex, Parle Point, Surat - 395007, Near Sargam Shopping Center",+(91)-9825306772
Riyaz Unisex Salon,"Shop Number M 35, Sargam Shopping Centre, Parle Point Road, Parle Point, Surat - 395007, Near Umra Jakat Naka",+(91)-9726703555
Lilaacs Unisex Salon,"G- 1- 2, NAV Mangalam,, Citylight Road, Surat - 395007, Near Agara Sweet, Below Reliance Fresh",+(91)-261-4812020
Baroda Hair Dresser,"Shop No.L-3, Ashiyana Appartment, Near Ashok Pan, Citylight Road, Surat - 395007, Citylight Road",+(91)-261-2227675
F Unisex Salon,"1st Floor, Sai Shraddha Complex, Varachha Road, Surat - 395006, Near Baroda Prestige",+(91)-9712901291
Glamour Express Unisex Salo..,"G-1, Ganga Palace, Main Road, Ghoddod Road, Surat - 395007, Near Kotak Mahindra Bank, Oppsoite Kalyan Jewellers",+(91)-0261-2663003
Hershes Family Salon,"6, Radhey Nagar Society, Parle Point, Surat - 395007, Opposite Sargam Shopping Center",+(91)-261-2222913
O2 Spa Salon Pvt Ltd (Vr Ma..,"Virtuous Retail Mall, Dumas Road, Magdalla, Surat - 395007, Near Rundh Village",+(91)-9247020202
F Unisex Salon,"1st Floor, Nilkamal Society, Anand Mahal Road, Adajan Dn, Surat - 395009, Near Sahaj Super Store",+(91)-261-2737352
Nitins Cuts N Colors,"Swapnil Apartment, Subhash Nagar Road, Ghoddod Road, Surat - 395007, Opposite Ram Chowk",+(91)-261-2235892
Supafly - Salon. Spa. Brida..,"7, Luxuria Business Hub, Piplod Dumas Road, Dumas Road, Surat - 395007, Near VR Mall",+(91)-0261-2972777
NEEL Bridal Makeover,"102 Vijay Palace, Bombay Market to Punagam Road, Punagam, Surat - 394210, Near Archana School",+(91)-9825487206
Purple Salon & Wellness,"A2 House, Opp. Surya Kiran Appartment, Ghoddod Road, Surat - 395007, Tanishq Lane",+(91)-9574840002
Appeal,"M 31 2nd Floor Someshwar Square, Vesu, Surat - 395007, Opposite Someshwar Bunglows",+(91)-261-2215355
Appeal,"M/31, 2nd Floor, Someshwar Square, Vesu, Surat - 395007, Opposite Someshwar Bunglows",+(91)-0261-2215355
Neel Bridal Make Up Studio,"Parvat Patiya, Bombay Market Road, Bombay Market, Surat - 395010, Vijay Nagar Society",+(91)-9825487206
Glamour Chinese Beauty Parl..,"2 -7, Royal Apprtment, Ghoddod Road, Surat - 395007, Near Kakadiya Complex",+(91)-261-2254735
Tanishq Beauty Salon,"2, Madhubha Park, Adajan Hazira Road, Adajan Dn, Surat - 395009, Opposite Star Bazar, Near Adajan Fire Station",+(91)-9913000282
Golden Glitz,"402, Ratnadeep Apt, B/H S.M.C Office, Adarsh, Opposite Bank Of Baroda Adarsh Society, Adarsh Society, Surat - 395001, Near Gokulam Dairy",+(91)-9228584164
Nikunjs Unisex Salon,"Shop No F-12-13, 1st Floor, Atlanta Shoppers, Vesu, Surat - 395007, Beside Reliance Market",+(91)-9558966255
Hemaxis Beauty & Bridal Stu..,"Plot Number A/22, Saurashtra Society Vibhag 1,, Khodiyar Nagar Road, Varachha Road, Surat - 395006",+(91)-9909328193
Symbols Beauty Salon - Vesu,"H.G.8, SNS Pletina, Vesu, Surat - 395007, Above Surat Peoples Bank, Near Reliance Fresh",+(91)-8866000573
Rush Salon Hair Beauty And ..,"Shop Number 95/96 Radhenagar Society, Parle Point Road, Parle Point, Surat - 395007, Opposite Anmol Complex",+(91)-9712941901
Matraa Salon,"Shop No. 105, Wood Square, LP Savani Road, Adajan Road, Surat - 395009, Near TGB Restaurant",+(91)-9537756565
Matraa Salon,"Shop No. 105, Wood Square, L P Savani Road, Adajan Dn, Surat - 395009, Near TGB Restaurant",+(91)-9537756565
Azuara Wellness Club,"106, 107, 1st Floor, Cyggnus Trinity, Udhana Magdalla Road, Someshwar Crossing, Vesu, Surat - 395007, Near Harley Davidson Bike Showroom",+(91)-7202953000
Western Look Salon,"G/22, Raj Corner Shopping Centre, Tween Tower Road, Pal Bhatha, Surat - 394510, Opposite Vasupujya Residency",+(91)-9624852574
Asha Beauty Studio,"Shop No. A/G - 1/2, Umiya Complex, Tirupati Society, Lambe Hanuman Road, Varachha Road, Surat - 395006, Near Maruti Chowk",+(91)-9374421021
AB Salon Unisex,"4,First Floor Asha Nagar, L H Road, Varachha Road, Surat - 395006, Opposite Afil Tower",+(91)-9825278227
Sky Line Salon & Academy,"Shop No-F 23,24,25, Abhilasha Heights, Aai Mata Circle, Parvat Patia, Surat - 395010, Aai Mata Chowk, Near Kiran Motors",+(91)-9924338083
Looks Beauty Parlour (Only ..,"228,2nd Floor,Silver Stone Arcade, Near D-Mart,Causway, Singanpore, Surat - 395004, Above Navin Electronics",+(91)-6354788875
Vata Herble Hair Tritment S..,"Shop No.2 ,1st Floor,Sun Residecy, New Kosad Road, Amroli, Surat - 394107, Opposite.Charbhuja",+(91)-7567421515
D Mart Retail Show Room,"Causeway Road, Singanpore, Surat - 395004, Near Riverpark Society",+(91)-261-2516001
K 2 Beauty Baar Ngo,"14 to 20 , Tirupati Plaza, Chauta Bazaar, Surat - 395003, Nr Mota Mandir",+(91)-8530714214
Enrich Salon Wood Square,"Wood Square, Shop No. G6, Ground, Pal Gam, Lp Savani Road, Surat - 395009",+(91)-261-2663000
Reflexions Salon And Spa,"M 2-3, Manav Mandir, Parle Point, Surat - 395007, Above Metro Shoes",+(91)-0261-2255898
Enrich Salon,"Shop No L 5/6, Anjanshalaka Apartments, Athwalines, Surat - 395001, Opposite Jain Mandir, Lal Bunglow",+(91)-8108443000
Headmasters,"K N House, Citylight Road, Surat - 395007, Opposite Science Cenre",+(91)-261-4242424
VLCC Health Care Ltd,"1st Floor, 105, Millionaire Business Park, L P Savani Road, Adajan Road, Surat - 395009, Above Mcdonalds, Opposite TGB Restaurant",+(91)-9825653917
Wasims Salon Hair  Beauty,"Shop No. 3, 2nd Floor, Shikhar Complex, Dumas Main Road, Dumas Road, Surat - 395007, Opposite Anmol Complex",+(91)-9824331575
F Unisex Salon,"C/o. AMBIKA ENTERPRISE 1ST FLOOR, PRABHU DARSHAN,, ATHWALINES, Athwa, Surat - 395007, BESIDE POOJA ABHISHEK APPARTMENT OPPOSITE LALBANGLOW NEAR PARLE POINT",+(91)-9712901290
Hair & Beauty Salon,"103, Millionaire Business Park, L P Savani Road, Adajan Dn, Surat - 395009, Near TGB Restaurant, Above McDonald's",+(91)-9824981819
Hakims Aalim Hair & Beauty ..,"201, Rajhansh Ornate Mall, Piplod Road, Parle Point, Surat - 395007, Opposite Sargam Shopping Centre, Next Jani Farsan",+(91)-261-6733033
The Purple Spa & Hair Pampe..,"1st Floor, Shri Kunj Residency, Ved Dabholi Road, Ved Road, Surat - 395004, Above Samsung Showroom, Near Cancer Hospital",+(91)-261-6550808
The Purple Spa And Hair Pam..,"2nd Floor, Imperial Square Mall, Pal Road, Adajan Dn, Surat - 395009, Above Star Bazar",+(91)-8866805996
Jawed Habib Hair & Beauty S..,"Shop No 314, Classic Complex, Ghoddod Road, Surat - 395007, Near Parle Point",+(91)-0261-2254599
Unisex Saffron Hair & Beaut..,"Hazira Rd, Hazira, Ichchhapor, Ichhapore, Surat - 394510",+(91)-9974749398
A Salon,"1st Floor, Abhinandan Market, M G Road, Bardoli, Surat - 394601, Opposite Binita Park",+(91)-9825998510
Creative Unisex Salon,"Shop No 14, Under Ground, Eco Futurz, Althan Bharthana Road, Althan, Surat - 395017, Near Shyam Mandir",+(91)-7096227774
La Belle Vie Salon,"Shop Number M 18 to 22,Ascon City, Citylight Road, Surat - 395007, Opposite Maheshwari Bhavan, Near H P Petrol Pump",+(91)-261-2222220
Rahuls Salon,"Shop Number 12,13,14,15, Anmol Complex, Parle Point, Surat - 395007, Near Sargam Shopping Center",+(91)-9825306772
Riyaz Unisex Salon,"Shop Number M 35, Sargam Shopping Centre, Parle Point Road, Parle Point, Surat - 395007, Near Umra Jakat Naka",+(91)-9726703555
Lilaacs Unisex Salon,"G- 1- 2, NAV Mangalam,, Citylight Road, Surat - 395007, Near Agara Sweet, Below Reliance Fresh",+(91)-261-4812020
Baroda Hair Dresser,"Shop No.L-3, Ashiyana Appartment, Near Ashok Pan, Citylight Road, Surat - 395007, Citylight Road",+(91)-261-2227675
F Unisex Salon,"1st Floor, Sai Shraddha Complex, Varachha Road, Surat - 395006, Near Baroda Prestige",+(91)-9712901291
Glamour Express Unisex Salo..,"G-1, Ganga Palace, Main Road, Ghoddod Road, Surat - 395007, Near Kotak Mahindra Bank, Oppsoite Kalyan Jewellers",+(91)-0261-2663003
Hershes Family Salon,"6, Radhey Nagar Society, Parle Point, Surat - 395007, Opposite Sargam Shopping Center",+(91)-261-2222913
O2 Spa Salon Pvt Ltd (Vr Ma..,"Virtuous Retail Mall, Dumas Road, Magdalla, Surat - 395007, Near Rundh Village",+(91)-9247020202
F Unisex Salon,"1st Floor, Nilkamal Society, Anand Mahal Road, Adajan Dn, Surat - 395009, Near Sahaj Super Store",+(91)-261-2737352
Nitins Cuts N Colors,"Swapnil Apartment, Subhash Nagar Road, Ghoddod Road, Surat - 395007, Opposite Ram Chowk",+(91)-261-2235892
Supafly - Salon. Spa. Brida..,"7, Luxuria Business Hub, Piplod Dumas Road, Dumas Road, Surat - 395007, Near VR Mall",+(91)-0261-2972777
NEEL Bridal Makeover,"102 Vijay Palace, Bombay Market to Punagam Road, Punagam, Surat - 394210, Near Archana School",+(91)-9825487206
Purple Salon & Wellness,"A2 House, Opp. Surya Kiran Appartment, Ghoddod Road, Surat - 395007, Tanishq Lane",+(91)-9574840002
Appeal,"M 31 2nd Floor Someshwar Square, Vesu, Surat - 395007, Opposite Someshwar Bunglows",+(91)-261-2215355
Appeal,"M/31, 2nd Floor, Someshwar Square, Vesu, Surat - 395007, Opposite Someshwar Bunglows",+(91)-0261-2215355
Neel Bridal Make Up Studio,"Parvat Patiya, Bombay Market Road, Bombay Market, Surat - 395010, Vijay Nagar Society",+(91)-9825487206
Glamour Chinese Beauty Parl..,"2 -7, Royal Apprtment, Ghoddod Road, Surat - 395007, Near Kakadiya Complex",+(91)-261-2254735
Tanishq Beauty Salon,"2, Madhubha Park, Adajan Hazira Road, Adajan Dn, Surat - 395009, Opposite Star Bazar, Near Adajan Fire Station",+(91)-9913000282
Golden Glitz,"402, Ratnadeep Apt, B/H S.M.C Office, Adarsh, Opposite Bank Of Baroda Adarsh Society, Adarsh Society, Surat - 395001, Near Gokulam Dairy",+(91)-9228584164
Nikunjs Unisex Salon,"Shop No F-12-13, 1st Floor, Atlanta Shoppers, Vesu, Surat - 395007, Beside Reliance Market",+(91)-9558966255
Hemaxis Beauty & Bridal Stu..,"Plot Number A/22, Saurashtra Society Vibhag 1,, Khodiyar Nagar Road, Varachha Road, Surat - 395006",+(91)-9909328193
Symbols Beauty Salon - Vesu,"H.G.8, SNS Pletina, Vesu, Surat - 395007, Above Surat Peoples Bank, Near Reliance Fresh",+(91)-8866000573
Rush Salon Hair Beauty And ..,"Shop Number 95/96 Radhenagar Society, Parle Point Road, Parle Point, Surat - 395007, Opposite Anmol Complex",+(91)-9712941901
Matraa Salon,"Shop No. 105, Wood Square, LP Savani Road, Adajan Road, Surat - 395009, Near TGB Restaurant",+(91)-9537756565
Matraa Salon,"Shop No. 105, Wood Square, L P Savani Road, Adajan Dn, Surat - 395009, Near TGB Restaurant",+(91)-9537756565
Azuara Wellness Club,"106, 107, 1st Floor, Cyggnus Trinity, Udhana Magdalla Road, Someshwar Crossing, Vesu, Surat - 395007, Near Harley Davidson Bike Showroom",+(91)-7202953000
Western Look Salon,"G/22, Raj Corner Shopping Centre, Tween Tower Road, Pal Bhatha, Surat - 394510, Opposite Vasupujya Residency",+(91)-9624852574
Asha Beauty Studio,"Shop No. A/G - 1/2, Umiya Complex, Tirupati Society, Lambe Hanuman Road, Varachha Road, Surat - 395006, Near Maruti Chowk",+(91)-9374421021
VLCC Health Care Ltd,"1st Floor, 105, Millionaire Business Park, L P Savani Road, Adajan Road, Surat - 395009, Above Mcdonalds, Opposite TGB Restaurant",+(91)-9825653917
Wasims Salon Hair  Beauty,"Shop No. 3, 2nd Floor, Shikhar Complex, Dumas Main Road, Dumas Road, Surat - 395007, Opposite Anmol Complex",+(91)-9824331575
F Unisex Salon,"C/o. AMBIKA ENTERPRISE 1ST FLOOR, PRABHU DARSHAN,, ATHWALINES, Athwa, Surat - 395007, BESIDE POOJA ABHISHEK APPARTMENT OPPOSITE LALBANGLOW NEAR PARLE POINT",+(91)-9712901290
Hair & Beauty Salon,"103, Millionaire Business Park, L P Savani Road, Adajan Dn, Surat - 395009, Near TGB Restaurant, Above McDonald's",+(91)-9824981819
Hakims Aalim Hair & Beauty ..,"201, Rajhansh Ornate Mall, Piplod Road, Parle Point, Surat - 395007, Opposite Sargam Shopping Centre, Next Jani Farsan",+(91)-261-6733033
The Purple Spa & Hair Pampe..,"1st Floor, Shri Kunj Residency, Ved Dabholi Road, Ved Road, Surat - 395004, Above Samsung Showroom, Near Cancer Hospital",+(91)-261-6550808
The Purple Spa And Hair Pam..,"2nd Floor, Imperial Square Mall, Pal Road, Adajan Dn, Surat - 395009, Above Star Bazar",+(91)-8866805996
Jawed Habib Hair & Beauty S..,"Shop No 314, Classic Complex, Ghoddod Road, Surat - 395007, Near Parle Point",+(91)-0261-2254599
Unisex Saffron Hair & Beaut..,"Hazira Rd, Hazira, Ichchhapor, Ichhapore, Surat - 394510",+(91)-9974749398
A Salon,"1st Floor, Abhinandan Market, M G Road, Bardoli, Surat - 394601, Opposite Binita Park",+(91)-9825998510
Creative Unisex Salon,"Shop No 14, Under Ground, Eco Futurz, Althan Bharthana Road, Althan, Surat - 395017, Near Shyam Mandir",+(91)-7096227774
La Belle Vie Salon,"Shop Number M 18 to 22,Ascon City, Citylight Road, Surat - 395007, Opposite Maheshwari Bhavan, Near H P Petrol Pump",+(91)-261-2222220
Rahuls Salon,"Shop Number 12,13,14,15, Anmol Complex, Parle Point, Surat - 395007, Near Sargam Shopping Center",+(91)-9825306772
Riyaz Unisex Salon,"Shop Number M 35, Sargam Shopping Centre, Parle Point Road, Parle Point, Surat - 395007, Near Umra Jakat Naka",+(91)-9726703555
Lilaacs Unisex Salon,"G- 1- 2, NAV Mangalam,, Citylight Road, Surat - 395007, Near Agara Sweet, Below Reliance Fresh",+(91)-261-4812020
Baroda Hair Dresser,"Shop No.L-3, Ashiyana Appartment, Near Ashok Pan, Citylight Road, Surat - 395007, Citylight Road",+(91)-261-2227675
F Unisex Salon,"1st Floor, Sai Shraddha Complex, Varachha Road, Surat - 395006, Near Baroda Prestige",+(91)-9712901291
Glamour Express Unisex Salo..,"G-1, Ganga Palace, Main Road, Ghoddod Road, Surat - 395007, Near Kotak Mahindra Bank, Oppsoite Kalyan Jewellers",+(91)-0261-2663003
Hershes Family Salon,"6, Radhey Nagar Society, Parle Point, Surat - 395007, Opposite Sargam Shopping Center",+(91)-261-2222913
O2 Spa Salon Pvt Ltd (Vr Ma..,"Virtuous Retail Mall, Dumas Road, Magdalla, Surat - 395007, Near Rundh Village",+(91)-9247020202
F Unisex Salon,"1st Floor, Nilkamal Society, Anand Mahal Road, Adajan Dn, Surat - 395009, Near Sahaj Super Store",+(91)-261-2737352
Nitins Cuts N Colors,"Swapnil Apartment, Subhash Nagar Road, Ghoddod Road, Surat - 395007, Opposite Ram Chowk",+(91)-261-2235892
Supafly - Salon. Spa. Brida..,"7, Luxuria Business Hub, Piplod Dumas Road, Dumas Road, Surat - 395007, Near VR Mall",+(91)-0261-2972777
NEEL Bridal Makeover,"102 Vijay Palace, Bombay Market to Punagam Road, Punagam, Surat - 394210, Near Archana School",+(91)-9825487206
Purple Salon & Wellness,"A2 House, Opp. Surya Kiran Appartment, Ghoddod Road, Surat - 395007, Tanishq Lane",+(91)-9574840002
Appeal,"M 31 2nd Floor Someshwar Square, Vesu, Surat - 395007, Opposite Someshwar Bunglows",+(91)-261-2215355
Appeal,"M/31, 2nd Floor, Someshwar Square, Vesu, Surat - 395007, Opposite Someshwar Bunglows",+(91)-0261-2215355
Neel Bridal Make Up Studio,"Parvat Patiya, Bombay Market Road, Bombay Market, Surat - 395010, Vijay Nagar Society",+(91)-9825487206
Glamour Chinese Beauty Parl..,"2 -7, Royal Apprtment, Ghoddod Road, Surat - 395007, Near Kakadiya Complex",+(91)-261-2254735
Tanishq Beauty Salon,"2, Madhubha Park, Adajan Hazira Road, Adajan Dn, Surat - 395009, Opposite Star Bazar, Near Adajan Fire Station",+(91)-9913000282
Golden Glitz,"402, Ratnadeep Apt, B/H S.M.C Office, Adarsh, Opposite Bank Of Baroda Adarsh Society, Adarsh Society, Surat - 395001, Near Gokulam Dairy",+(91)-9228584164
Nikunjs Unisex Salon,"Shop No F-12-13, 1st Floor, Atlanta Shoppers, Vesu, Surat - 395007, Beside Reliance Market",+(91)-9558966255
Hemaxis Beauty & Bridal Stu..,"Plot Number A/22, Saurashtra Society Vibhag 1,, Khodiyar Nagar Road, Varachha Road, Surat - 395006",+(91)-9909328193
Symbols Beauty Salon - Vesu,"H.G.8, SNS Pletina, Vesu, Surat - 395007, Above Surat Peoples Bank, Near Reliance Fresh",+(91)-8866000573
Rush Salon Hair Beauty And ..,"Shop Number 95/96 Radhenagar Society, Parle Point Road, Parle Point, Surat - 395007, Opposite Anmol Complex",+(91)-9712941901
Matraa Salon,"Shop No. 105, Wood Square, LP Savani Road, Adajan Road, Surat - 395009, Near TGB Restaurant",+(91)-9537756565
Matraa Salon,"Shop No. 105, Wood Square, L P Savani Road, Adajan Dn, Surat - 395009, Near TGB Restaurant",+(91)-9537756565
Azuara Wellness Club,"106, 107, 1st Floor, Cyggnus Trinity, Udhana Magdalla Road, Someshwar Crossing, Vesu, Surat - 395007, Near Harley Davidson Bike Showroom",+(91)-7202953000
Western Look Salon,"G/22, Raj Corner Shopping Centre, Tween Tower Road, Pal Bhatha, Surat - 394510, Opposite Vasupujya Residency",+(91)-9624852574
Asha Beauty Studio,"Shop No. A/G - 1/2, Umiya Complex, Tirupati Society, Lambe Hanuman Road, Varachha Road, Surat - 395006, Near Maruti Chowk",+(91)-9374421021
Creative Unisex Salon,"Shop No 14, Under Ground, Eco Futurz, Althan Bharthana Road, Althan, Surat - 395017, Near Shyam Mandir",+(91)-7096227774
La Belle Vie Salon,"Shop Number M 18 to 22,Ascon City, Citylight Road, Surat - 395007, Opposite Maheshwari Bhavan, Near H P Petrol Pump",+(91)-261-2222220
Rahuls Salon,"Shop Number 12,13,14,15, Anmol Complex, Parle Point, Surat - 395007, Near Sargam Shopping Center",+(91)-9825306772
Riyaz Unisex Salon,"Shop Number M 35, Sargam Shopping Centre, Parle Point Road, Parle Point, Surat - 395007, Near Umra Jakat Naka",+(91)-9726703555
Lilaacs Unisex Salon,"G- 1- 2, NAV Mangalam,, Citylight Road, Surat - 395007, Near Agara Sweet, Below Reliance Fresh",+(91)-261-4812020
Baroda Hair Dresser,"Shop No.L-3, Ashiyana Appartment, Near Ashok Pan, Citylight Road, Surat - 395007, Citylight Road",+(91)-261-2227675
F Unisex Salon,"1st Floor, Sai Shraddha Complex, Varachha Road, Surat - 395006, Near Baroda Prestige",+(91)-9712901291
Glamour Express Unisex Salo..,"G-1, Ganga Palace, Main Road, Ghoddod Road, Surat - 395007, Near Kotak Mahindra Bank, Oppsoite Kalyan Jewellers",+(91)-0261-2663003
Hershes Family Salon,"6, Radhey Nagar Society, Parle Point, Surat - 395007, Opposite Sargam Shopping Center",+(91)-261-2222913
O2 Spa Salon Pvt Ltd (Vr Ma..,"Virtuous Retail Mall, Dumas Road, Magdalla, Surat - 395007, Near Rundh Village",+(91)-9247020202
F Unisex Salon,"1st Floor, Nilkamal Society, Anand Mahal Road, Adajan Dn, Surat - 395009, Near Sahaj Super Store",+(91)-261-2737352
Nitins Cuts N Colors,"Swapnil Apartment, Subhash Nagar Road, Ghoddod Road, Surat - 395007, Opposite Ram Chowk",+(91)-261-2235892
Supafly - Salon. Spa. Brida..,"7, Luxuria Business Hub, Piplod Dumas Road, Dumas Road, Surat - 395007, Near VR Mall",+(91)-0261-2972777
NEEL Bridal Makeover,"102 Vijay Palace, Bombay Market to Punagam Road, Punagam, Surat - 394210, Near Archana School",+(91)-9825487206
Purple Salon & Wellness,"A2 House, Opp. Surya Kiran Appartment, Ghoddod Road, Surat - 395007, Tanishq Lane",+(91)-9574840002
Appeal,"M 31 2nd Floor Someshwar Square, Vesu, Surat - 395007, Opposite Someshwar Bunglows",+(91)-261-2215355
Appeal,"M/31, 2nd Floor, Someshwar Square, Vesu, Surat - 395007, Opposite Someshwar Bunglows",+(91)-0261-2215355
Neel Bridal Make Up Studio,"Parvat Patiya, Bombay Market Road, Bombay Market, Surat - 395010, Vijay Nagar Society",+(91)-9825487206
Glamour Chinese Beauty Parl..,"2 -7, Royal Apprtment, Ghoddod Road, Surat - 395007, Near Kakadiya Complex",+(91)-261-2254735
Tanishq Beauty Salon,"2, Madhubha Park, Adajan Hazira Road, Adajan Dn, Surat - 395009, Opposite Star Bazar, Near Adajan Fire Station",+(91)-9913000282
Golden Glitz,"402, Ratnadeep Apt, B/H S.M.C Office, Adarsh, Opposite Bank Of Baroda Adarsh Society, Adarsh Society, Surat - 395001, Near Gokulam Dairy",+(91)-9228584164
Nikunjs Unisex Salon,"Shop No F-12-13, 1st Floor, Atlanta Shoppers, Vesu, Surat - 395007, Beside Reliance Market",+(91)-9558966255
Hemaxis Beauty & Bridal Stu..,"Plot Number A/22, Saurashtra Society Vibhag 1,, Khodiyar Nagar Road, Varachha Road, Surat - 395006",+(91)-9909328193
Symbols Beauty Salon - Vesu,"H.G.8, SNS Pletina, Vesu, Surat - 395007, Above Surat Peoples Bank, Near Reliance Fresh",+(91)-8866000573
Rush Salon Hair Beauty And ..,"Shop Number 95/96 Radhenagar Society, Parle Point Road, Parle Point, Surat - 395007, Opposite Anmol Complex",+(91)-9712941901
Matraa Salon,"Shop No. 105, Wood Square, LP Savani Road, Adajan Road, Surat - 395009, Near TGB Restaurant",+(91)-9537756565
Matraa Salon,"Shop No. 105, Wood Square, L P Savani Road, Adajan Dn, Surat - 395009, Near TGB Restaurant",+(91)-9537756565
Azuara Wellness Club,"106, 107, 1st Floor, Cyggnus Trinity, Udhana Magdalla Road, Someshwar Crossing, Vesu, Surat - 395007, Near Harley Davidson Bike Showroom",+(91)-7202953000
Western Look Salon,"G/22, Raj Corner Shopping Centre, Tween Tower Road, Pal Bhatha, Surat - 394510, Opposite Vasupujya Residency",+(91)-9624852574
Asha Beauty Studio,"Shop No. A/G - 1/2, Umiya Complex, Tirupati Society, Lambe Hanuman Road, Varachha Road, Surat - 395006, Near Maruti Chowk",+(91)-9374421021
F Unisex Salon,"1st Floor, Nilkamal Society, Anand Mahal Road, Adajan Dn, Surat - 395009, Near Sahaj Super Store",+(91)-261-2737352
Nitins Cuts N Colors,"Swapnil Apartment, Subhash Nagar Road, Ghoddod Road, Surat - 395007, Opposite Ram Chowk",+(91)-261-2235892
Supafly - Salon. Spa. Brida..,"7, Luxuria Business Hub, Piplod Dumas Road, Dumas Road, Surat - 395007, Near VR Mall",+(91)-0261-2972777
NEEL Bridal Makeover,"102 Vijay Palace, Bombay Market to Punagam Road, Punagam, Surat - 394210, Near Archana School",+(91)-9825487206
Purple Salon & Wellness,"A2 House, Opp. Surya Kiran Appartment, Ghoddod Road, Surat - 395007, Tanishq Lane",+(91)-9574840002
Appeal,"M 31 2nd Floor Someshwar Square, Vesu, Surat - 395007, Opposite Someshwar Bunglows",+(91)-261-2215355
Appeal,"M/31, 2nd Floor, Someshwar Square, Vesu, Surat - 395007, Opposite Someshwar Bunglows",+(91)-0261-2215355
Neel Bridal Make Up Studio,"Parvat Patiya, Bombay Market Road, Bombay Market, Surat - 395010, Vijay Nagar Society",+(91)-9825487206
Glamour Chinese Beauty Parl..,"2 -7, Royal Apprtment, Ghoddod Road, Surat - 395007, Near Kakadiya Complex",+(91)-261-2254735
Tanishq Beauty Salon,"2, Madhubha Park, Adajan Hazira Road, Adajan Dn, Surat - 395009, Opposite Star Bazar, Near Adajan Fire Station",+(91)-9913000282
Golden Glitz,"402, Ratnadeep Apt, B/H S.M.C Office, Adarsh, Opposite Bank Of Baroda Adarsh Society, Adarsh Society, Surat - 395001, Near Gokulam Dairy",+(91)-9228584164
Nikunjs Unisex Salon,"Shop No F-12-13, 1st Floor, Atlanta Shoppers, Vesu, Surat - 395007, Beside Reliance Market",+(91)-9558966255
Hemaxis Beauty & Bridal Stu..,"Plot Number A/22, Saurashtra Society Vibhag 1,, Khodiyar Nagar Road, Varachha Road, Surat - 395006",+(91)-9909328193
Symbols Beauty Salon - Vesu,"H.G.8, SNS Pletina, Vesu, Surat - 395007, Above Surat Peoples Bank, Near Reliance Fresh",+(91)-8866000573
Rush Salon Hair Beauty And ..,"Shop Number 95/96 Radhenagar Society, Parle Point Road, Parle Point, Surat - 395007, Opposite Anmol Complex",+(91)-9712941901
Matraa Salon,"Shop No. 105, Wood Square, LP Savani Road, Adajan Road, Surat - 395009, Near TGB Restaurant",+(91)-9537756565
Matraa Salon,"Shop No. 105, Wood Square, L P Savani Road, Adajan Dn, Surat - 395009, Near TGB Restaurant",+(91)-9537756565
Azuara Wellness Club,"106, 107, 1st Floor, Cyggnus Trinity, Udhana Magdalla Road, Someshwar Crossing, Vesu, Surat - 395007, Near Harley Davidson Bike Showroom",+(91)-7202953000
Western Look Salon,"G/22, Raj Corner Shopping Centre, Tween Tower Road, Pal Bhatha, Surat - 394510, Opposite Vasupujya Residency",+(91)-9624852574
Asha Beauty Studio,"Shop No. A/G - 1/2, Umiya Complex, Tirupati Society, Lambe Hanuman Road, Varachha Road, Surat - 395006, Near Maruti Chowk",+(91)-9374421021
Golden Glitz,"402, Ratnadeep Apt, B/H S.M.C Office, Adarsh, Opposite Bank Of Baroda Adarsh Society, Adarsh Society, Surat - 395001, Near Gokulam Dairy",+(91)-9228584164
Nikunjs Unisex Salon,"Shop No F-12-13, 1st Floor, Atlanta Shoppers, Vesu, Surat - 395007, Beside Reliance Market",+(91)-9558966255
Hemaxis Beauty & Bridal Stu..,"Plot Number A/22, Saurashtra Society Vibhag 1,, Khodiyar Nagar Road, Varachha Road, Surat - 395006",+(91)-9909328193
Symbols Beauty Salon - Vesu,"H.G.8, SNS Pletina, Vesu, Surat - 395007, Above Surat Peoples Bank, Near Reliance Fresh",+(91)-8866000573
Rush Salon Hair Beauty And ..,"Shop Number 95/96 Radhenagar Society, Parle Point Road, Parle Point, Surat - 395007, Opposite Anmol Complex",+(91)-9712941901
Matraa Salon,"Shop No. 105, Wood Square, LP Savani Road, Adajan Road, Surat - 395009, Near TGB Restaurant",+(91)-9537756565
Matraa Salon,"Shop No. 105, Wood Square, L P Savani Road, Adajan Dn, Surat - 395009, Near TGB Restaurant",+(91)-9537756565
Azuara Wellness Club,"106, 107, 1st Floor, Cyggnus Trinity, Udhana Magdalla Road, Someshwar Crossing, Vesu, Surat - 395007, Near Harley Davidson Bike Showroom",+(91)-7202953000
Western Look Salon,"G/22, Raj Corner Shopping Centre, Tween Tower Road, Pal Bhatha, Surat - 394510, Opposite Vasupujya Residency",+(91)-9624852574
Asha Beauty Studio,"Shop No. A/G - 1/2, Umiya Complex, Tirupati Society, Lambe Hanuman Road, Varachha Road, Surat - 395006, Near Maruti Chowk",+(91)-9374421021
Master Beauty Lounge Unisex..,"Shop No.5-6-7, Sanskrut Appartment, Dumas Road, Piplod, Surat - 395007, Beside Rajhans Cinema,",+(91)-9374707432
Jawed Habib Hair & Beauty S..,"101, Silver Plaza, Mahamta Gandhi Road, Bardoli, Surat - 394601",+(91)-9016106090
Pro The Barber Shop,"6, Praveg Residency, LP Savani Road, Adajan Dn, Surat - 395009, Opposite Seewans Bakery, Besides Khetlaapa Tea",+(91)-7573900700
Symbols Beauty Salon,"136, First Floor ,Platinum Point, Opp CNG Pump, Mota Varachha, Surat - 394101, Sudama Chowk",+(91)-9825664263
Jazz Unisex Salon,"Shop No 106, Vasudev Arcade, Bhatar Road, Surat - 395007, Near Rupali Naher, Near Bajaj Showroom",+(91)-0261-2244959
Reflexions Unisex Salon,"House 4, Union Height, Maharana Pratap Road, Piplod, Surat - 395007",+(91)-261-2976666
Amazing Cuts & Beauty,"109, 1st Floor, Rajmandir Plaza, Vesu, Surat - 395007, Near Suryakiran Residency",+(91)-261-2215364
Habib Hair And Beauty Salon..,"Shop Number 6, 7, 1st Floor, Sheetal Shopping Centre, Bhatar Road, Surat - 395007, Opposite Dominos",+(91)-261-2242334
Collegian Famaly Salon & Sp..,"G-16, Sanidhiya Complex,, Oop,Chopaty,, Nana Varaccha, Surat - 395006, Varachha Main Road",+(91)-9979376427
Style Hair Salon,"H.G. 77/78, Bhreeji Arcade, Adajan Gam, Adajan, Anand Mahal Road, Adajan Dn, Surat - 395009",+(91)-7874084235
Urjaa Fitness,"107, Riddhi Residency, L P Savani Road, Adajan Dn, Surat - 395009, Above Kotak Mahindra Bank",+(91)-7698870003
Truefitt & Hill,"101,First Floor , Saigon, Shringar Society, Athwalines, City Light Road, Athwa, Surat - 395007",+(91)-9512695555
Ambellish Salon,"Shop No 1, Trinidhi Apartment, Ghoddod Road, Surat - 395007, Near Shiv Shakti Sweets, Beside Regent Mall",+(91)-9824900020
BARODAWALA Hair salon,"63, Navdi Bandar Road, Surat - 395008, Nanpura",
Cuts N Curves The Unisex Sa..,"Shop No 19-20, 1st Floor, Shital Shopping Square, Bhatar Road, Surat - 395007, Opposite Doordarshan Kendra, Old L B Cinema",+(91)-0261-2235600
Symbols Beauty Salon,"3rd Floor, West Field Complex, Ghod Dod Road, Ghoddod Road, Surat - 395007, Opposite Suryakiran Appartment",+(91)-8866000572
A One Hair & Beauty Studio,"7/8, Shanti Niketan Row House, Anand Mahal Road, Adajan Dn, Surat - 395009",+(91)-9724941717
Style The Ultimate Make Ove..,"Nakshatra Solitaire Business, Palanpur Patiya. Canal Road, Palanpur Jakat Naka, Surat - 395009, Near Laxmi Dairy",+(91)-2629-6565077
Raja Hair Cutting Saloon,"Govindji Park, 6, Kaiwal Chowk Surat., Umra Gam, Athwa, Surat - 395007, Opposite Svr Egg. Collage",+(91)-9924289484
Final Touch Beauty Parlour,"11/1464, Chiniwala's Street, Mughal Sarai Main Rd, Nanavat, Surat - 395003",+(91)-261-2420915
Red Cuttry Salon,"1st Floor, Jagdamba Niwas,, Nanpura, Surat - 395001, Opposite Marwadi Steet",+(91)-9879483634
Lotus Unisex Salon,"G-9, Megh Dhanush Complex, Adajan Patia Road, Adajan Patiya, Surat - 395005, Near Vijay Dairy",+(91)-9904166077
Krishna Cuts,"Shop No 4, Harinagar 2, Udhna, Surat - 394210, Near Patanjali Store",+(91)-8460353069
Jagz Salon & Institute,"106, 1st Floor, Oasis Corner, Dhanmora Char Rasta, Singanpor Road, Katargam, Surat - 395004",+(91)-261-2798819
Tatva Bridal Studio & Acade..,"132-133, Aagam Orchid,, Opp Shiv Kartik Enclave, Vesu, Surat - 395007, Near Shringar Residency",+(91)-9998829111
Boskis Makeup Lounge & Salo..,"Shop Number. 126, Time Square, Near G D Goenka School, Vesu, Surat - 395007",+(91)-9725044682
Roop Nikhar The Beauty Hub ..,"Uper Ground -106,Helios, Green City Road,Pal Road, Adajan Dn, Surat - 395009, Near Galaxy Circle",+(91)-9687588989
Perfection Salon,"Shop No 2-3, 19-20 1st Floor, A Wing,  Aagam Arcade, Vesu, Surat - 395007, Opposite Jolly Residency",+(91)-9974892707
The New Look Spa And Salon,"127, 1st Floor, Rise On Plaza, Varachha Road, Surat - 395006, Near Sarthana Jakat Naka",+(91)-7227863456
Glamour Salon  Hair Replace..,"Shop No.9-10, Abhushan Complex,, Sumul Dairy Road, Katargam, Surat - 395004, Opposite Virsavarkar Garden,",+(91)-9879866177
The Hair Guru,"Shop Number 18 Vardai Residency, Lp Savani Road, Palanpur Jakat Naka, Surat - 395009, Near TGB Restaurant",+(91)-8866096979
Unique Hair Salon,"Shop Number1, Al Amin Residency, New Road, Rander, Surat - 395005",+(91)-9925715042
Almond Salon Spa,"HG-1, SNS Square, Above SBI Bank, Vesu, Surat - 395007, Vesu Main Road",+(91)-261-6560444
Seven Hair Cut,"U-7, Suramya Appartment, Piplod Main Road, Piplod, Surat - 395007, Near Lake View Garden",+(91)-9909213951
Atmosphere Salon,"Shop No M-1 to M-5, Agrasen Point, Vardhman Mahaveer Marg, Citylight Road, Surat - 395007, Near Maharaja Agrasen Bhavan",
Yellow The Beauty Hub,"G-50, Ground floor, VIP plaza,, Beside Shyam Temple,, Vesu, Surat - 395007, VIP road,",+(91)-9726261226
Skyline Beauty Salon And Ac..,"148, Vikram Nagar, L H Road, Nana Varaccha, Surat - 395006, Near Trikam Nagar Garden",+(91)-9570761115
Divine Beauty Skin Hair & M..,"Hans Kutir, Somnath Society, Behind Sargam Shopping Centre, Parle Point, Surat - 395007, Opposite Malbar Hills",+(91)-9909814121
Style The Ultimate Makeover..,"Shop No 19, Nishal Arcade, Pal Hazira Road, Pal Bhatha, Surat - 394510, Near Galaxy Circle Pal",+(91)-9978685973
Flying Scissors The Mens Ha..,"Shop No. UG-129, Marvella Corridor, Vip Road, Vesu, Surat - 395007, Near Maniba Party Plot",+(91)-9033888380
Top N Town,"L-14, Parle Point Palace, Ghod Dod Road, Parle Point, Surat - 395007, Below 24 Carats",+(91)-0261-4015627
The Hair Lab,"126, Ambrosia Business Hub, Vip Road, Vesu, Surat - 395007, Vesu",+(91)-9227727333
Unique Family Salon,"UG-5, 1st Floor, Marvella Corridor, Vip Road, Vesu, Surat - 395007, Opposite Bhagwan Mahavir College",+(91)-9898833331
Hairport Salon,"U 15 Chandni Chowk Complex, Piplod Main Road, Piplod, Surat - 395007, B/h Shardayatan School",+(91)-9712609066
Hairport Salon,"101, 1st Floor, Signet Shoppers, Vesu, Surat - 395007",+(91)-9712609066
Hellu BeautyCare & Makeup S..,"Hellu BeautyCare & Makeup Studio, Piplod Pragati Nagar, Piplod, Surat - 395007, Opp.Prapti Appartment",+(91)-9825041592
Maxis Family Spa & Salon,"F-11, Sanshkrit Residency, Vraj Chowk Road, Opp. Nature Zoo, Nana Varaccha, Surat - 395006, Sarthana Jakatnaka",+(91)-8469347708
Blue Heaven Hair Art,"U-5, Vrundavan Apartment, Opp. Gukul Row House, Parle Point, Surat - 395007, Behind Sargam Shopping Center, Opposite Gokul Row House",+(91)-2629-2253288
Salinas Studio,"G16, Oberon The Business Hub, Adajan, Palanpur Jakat Naka, Surat - 395009, Behind Monarch Gaurav Path Rd.Pal",+(91)-7600916993
King & Queen Unisex Salon,"Shop No. G-5, Exiito Mall, Surat Olpad Road, Jahangirpura, Surat - 395005, Near Testy Restaurant",+(91)-9723417712
Nilu Beauty Parlour,"A 103, Avr Complex, L H Road, Varachha Road, Surat - 395006, Near J B Diamond Circle",07947254817
Zs Unisex Salon,"Ug1, Samarth Acquisti, New City Light Rd, Bharthana, Surat - 395007, Beside Anupam Bunglows",+(91)-8511226060
Gentlemen Hair Style,"Building No 140, Shop No 4, Prashad Chamber, Ved Road, Katargam, Surat - 395004, Near Ramji Temple, Prabhu Nagar 2, Katargam Darwaja",+(91)-9909690949
Baroda Hair Dresser,"Shop No 4 Hiral Arcade, Opposite New Court, Athwalines, Surat - 395001, Near Parle Point",+(91)-261-2650123
Elegant Cuts,"U64, Atlanta Shopping Mall,, Canal Road, Althan, Surat - 395017, Next Metro Wholsale",+(91)-9099000085
Royal hair art,"Aamar residance, Near hajuri chamber, Zampa Bazar, Surat - 395003, Salabatpura Main road",+(91)-9925524555
Kaya Hair & Care,"Shop No.5, Real Point Appartment, Adajan Dn, Surat - 395009, Near Surbhi Dairy",+(91)-9898030002
Sai Darshan Mens Parlour,"Shop Num 8 , Dwarkesh Nagar, Jakatnaka Railway Crossing, Navagam, Dindoli, Surat - 394210",+(91)-9724258281
NIRJA BEAUTY WORLD,"196 Swaminaryan Nagar, Near Vraj Chowk,, Simada Gam, Surat - 395006, Swaminaryan Sak Market,",+(91)-9714128927
Bhavesh Unisex Salon,"Shop No. 116, Marvella Business Hub, Main Road, Pal Bhatha, Surat - 394510, Opposite Pal R.T.O. Office",+(91)-9998620327
Gateway Acu-spa,"House Number 2/633, 1th Floor Chhellow Maholla,, Udhana Char Rasta, Udhana Darwaja, Surat - 395002, Opposite Dargah On Road Near Taiyar Pan Rustampura",+(91)-9512131458
Star & Sitara Salon (Centra..,"1st Floor, Central Mall, Big Bazaar Lane, Dumas Road, Surat - 395007, Near Valentine Cinema",+(91)-0261-3921416
Zahra Unisex Salon,"Shop Number 12, Western Arena, Green City Road, Pal Bhatha, Surat - 394510, Near Madhuvan Circle",+(91)-9638286827
Alif Hair Art,"Shop No. 5, Alif Complex, Bustop Main Road, Rander, Surat - 395005, Opp. Gulistan Restaurant",+(91)-9879776642
Complexions Family Health C..,"3-4, Nandi Park Society, Piplod, Surat - 395007, Near Chandni Chowk, Behind Vijay Sales",+(91)-261-2257666
Ripis Hair & Beauty,"Shop No.12-13, Varday Residency, L P Savani Road, Adajan Dn, Surat - 395009, Near Jalaram Temple, Besides Vaibhav Men's Wear",+(91)-7573054544
Angelina Beauty Salon,"1007, 2nd Floor Sun Arcade, Vip Road, Vesu, Surat - 395007, Beside Roongta Shopping Center",+(91)-261-6988805
Wasims Saloon,"Shop No. U11/12, Anmol Complex, Meghdoot Society, Athwalines, Dumas Road, Athwa, Surat - 395007, Near Sargam Shopping Center",+(91)-9904871729
Charmis Unisex Salon,"Kaskiwaad Main Road, Bhagal, Surat - 395003",+(91)-9879131710
Redz Beauty Salon,"Olpadi Maholla, Athwalines, Surat - 395001, Opposite Kaushalya Girls Hostel, Near Jain Derasar, Lal Bunglow",+(91)-9737311999
Salmans Unisex Salon,"2, Shiv Pooja Complex 1st Floor, Rani Sati Mata Road, Opposite Shubhlaxmi Complex, Citylight Road, Surat - 395007, Near. Agra Sweets",+(91)-9727182884
Liberty Hair Salon,"25C, Dhanmora Complex, Adajan Dn, Surat - 395009",+(91)-9714747900
Liberty Hair Salon,"Fazal Shopping Center, 111, Sugam Society, New Rander Road, Surat - 395009, Adajan Patiya",+(91)-9714747900
Lucky Hair & Beauty,"Shop No. B 88, Prabhunagar 1, Maruti Chamber, Katargam Road, Katargam, Surat - 395004, Near P.M. Bhagat School",+(91)-8866511378
New Forever Spa & Salon,"Shop No 228, Capital Square Mall, Dindoli Road, Godadara, Surat - 395010, Near Kangaru Circle",+(91)-9638875439
Iris Beauty  Relaxation Stu..,"Bunglow Number 8-A, Amrakunj Society, Ghoddod Road, Athwa, Surat - 395007, Near Pujara Eye Hospital, Opposite Blackjack Cinema",+(91)-9978580461
Stylo Unisex Saloon,"Shop No. U-5, Rajlaxmi Complex, City Light Main Road, Citylight Road, Surat - 395007, Near Maharaja Agrasen Bhavan",+(91)-0261-2226788
K Safar The Parlour,"Marzan Shami Hall,, Variyavi Bazar Main Road,, Chowk Bazar, Surat - 395003",+(91)-9898180792
Jigs Unisex Salon,"Shop No. U-3, Western Plaza Complex, Hazira Adajan Road, Adajan Dn, Surat - 395009, Near. Bhulka Bhavan School",+(91)-9925053388
Hair King Unisex Salon,"Shop No. L-13, Parle Point Palace, Parle Point Road, Parle Point, Surat - 395007, Opposite McDonald's",+(91)-8141131317
Zankhana,"Sargam Shopping Center , Parle Point, Surat Dumas Road, Athwa, Surat - 395007",+(91)-9726816073
Style The Ultimate Makeover,"Shop No. 19, Green Atria Shopping Center, Anand Mahal Main Road, Adajan Road, Surat - 395009, Opposite Sneh Sankul Wadi",+(91)-9687262632
Heads Up MenS Salon,"Lg26, , Bhagwati Ashish Complex, Athwa, City Light Town, Surat - 395007",+(91)-9974151913
Mako Unisex Salon,"Shop No. G-12, Agrasen Shopping Point, Besides Agrasen Bhavan, City Light Main Road, Citylight Road, Surat - 395007, Opposite Maharaja Arcade",+(91)-8469611089
Friends Salon,"Shop No 10, Sidhratna Apartment, Bhatar Road, Surat - 395007, Opposite Vaishnodevi Temple",+(91)-8128230441
Shri Beauty Salon,"Aspas, Godara Road, Surat - 395010",+(91)-7990618302
Cos Metica Beauty Spa,"Shop No. A-14, First Floor, Jivkor Nagar Society, Bhatar Road, Surat - 395007, Opposite Swami Vivekanand Garden",+(91)-9898385411
Taj Hair Dressers,"4/1261, Begumpura, Surat - 395003, Opposite Preet House, Near Moti Talkies, Zalawad Tekra",+(91)-9879317635
Sarjan Hair Club,"Plot No. 252 Harinagar-2, Udhna Harinagar Road, Udhna, Surat - 394210, Opposite Rajasthani School,Ashanagar",+(91)-9586276769
Tip Top Hair Art,"Shop No.5,Radhe Complex, Kanteshvar Society-3, Katargam, Surat - 395004, Opp.Shivlok Soc,Nr.Ashok Nagar",+(91)-9510631168
Sundaram Salon,"1b Amarvilla Appartment, Ghoddod Road, Surat - 395007, Opposite St Xavier School,Behind Axis Bank",+(91)-9375217400
Western Look,"Raj Galaxy, Palanpur Gam, Palanpor Gam Road, Surat - 395009, Near Mathura Nagari",
I Spa & Salon,"Ground Floor, Poddar Arcade, Khand Bazar, Varachha Main Road, Surat - 395006",
Style By Pritesh & Krushang..,"3,Radhe Nagar Soc, 2ed Floor,Above Diam Jewellers,, Parle Point, Surat - 395007, Opp. Sargam Shopping Center,",+(91)-7878906900
Parul Beauty World,"Shop Number 7, Manali Complex, Hirabaug, Varachha Road, Surat - 395006, Opposite Bhaktinagar Shak Mark",+(91)-7096762246
Riyazs Unisex Salon,"Shop No. 46 Neelkamal Society, Vir Arjun Marg, Anand Mahal Road, Surat - 395009, Near Sneh Sankul Wadi",+(91)-7698682682
Baba Hair & Tattoo Care,"Shop No 1, 2, Samrat Complex, Kohinoor Road, Varachha Road, Surat - 395006, Opposite  Savani Estate",+(91)-9898306020
Rashmi Beauty Salon,"B-155,Gopinathji Nagar, Near.Lajamni Chowk, Mota Varachha, Surat - 394101, Beside.Raghuveer Shoppers",+(91)-8238974486
Trendz Hair & Makeup Studio,"L-29/30, Ascon City Complex, Beside HP Petrol Pump, Citylight Road, Surat - 395007, Near Science Center",+(91)-8200386844
Roopsagar Saloon,"105/106 Rajhans Point, Varachha Road, Surat - 395006, Near Gitanjali Cinema",+(91)-261-2554555
Kresz Salon,"Taqdeer Manzil, Tantwada, Road, Shahpore, Surat - 395003, Opposite Patni Hall",+(91)-9033331363
Deeps Hair & Beauty Salon,"Shop Number U16, Athwa Arcade Near Jain Temple, Athwa Gates, Surat - 395001, Near Krishna Zerox, Dairy Corner",+(91)-9974445815
Enrich Salon & Spa,"3, Vatsalya Height, Adajan Gam Road, Adajan Road, Surat - 395009, Near TGB Restaurant",+(91)-9925707145
Lr Hair Salon,"Shop No G-26, VIP Plaza, Vip Road, Vesu, Surat - 395007, Near Shyam Temple",+(91)-7383221537
The Lords Spa,"UG 1 High Field Ascot, Vip Road, Vesu, Surat - 395007, Opposite Palm Avenue",+(91)-8469211129
Radhe Salon,"204, 205, 2nd Floor, Avlon Business Hub, Surat - 395004, Opposite Patidar Samaj Hall, Ambatalawadi",+(91)-9924899902
Cut N Style Saloon,"Shop No 6, Farooquee Flats, New Rander Road, Adajan Patiya, Surat - 395005, Opposite Masjide Jilani",+(91)-9898459776
Cut N Style Saloon,"Shop No. G-10, Bejanwala Complex, Tadwadi Main Road, Rander Road, Surat - 395005, Opposite SMC Old Zone Office",+(91)-7359232896
Honey Comb Salon,"Shop No G-5, Nishal Shopping Center, Green City Road, Pal Bhatha, Surat - 394510, Near Galaxy Circle",+(91)-9427823923
Gayatri Hair Aart,"10, Subhmangal Apartment,, Adajan Char Rasta, Surat, Surat - 395009",+(91)-9662029355
P H Hair Salon,"Old Bus Stand, Vyara, Surat - 394650",+(91)-8980114500
Blunt Cut Hair Studio,"Shop No. 8, Green Tarace Apartment, Karan Park Road, Adajan Road, Surat - 395009, Near TGB Circle",+(91)-9558432365
Neha Beauty Parlour,"Shop No 1, Sundaram Residency, Bhestan Garden Road, Jiav Road, Bhestan, Surat - 395023",+(91)-7202800099
Top Sea Beauty Salon nd Aca..,"Ground Floor, Nanpura, Surat - 395001, Anand Hospital Ni Gali",+(91)-8238770005
Essential Beauty Saloon And..,"129, Raj Victoria, Pal Bhatha, Surat - 394510, Near Pal Gam Circle",+(91)-9723350009
Crayon Unisex Salon,"Shop No. 103, Helios Shopping Centre, Green City Road Pal, Adajan Dn, Surat - 395009, Opposite Galaxy Circle",+(91)-9374441986
Aradhana Hair Saloon,"Indraprasth Complex, U6, City Light Road, Athwa, City Light Town, Surat - 395007",+(91)-9879144516
I Spa & Beautylon Only Ladi..,"A 231/232, 2nd Floor, Dr World, Aai Mata Road, Parvat Patia, Surat - 395010, Near Aai Mata Temple",+(91)-7405430004
Sarathes International Hair..,"Dindayal Society, Palanpur Road, Palanpur Patia, Surat - 395009",+(91)-9376665559
Style Saloon,"Shop no.C-104, Aagam Shopping World, Opposite Sai Temple, Vesu, Surat - 395007, Vesu Abhva Road",+(91)-9924090347
Manav Hair Art,"Harinagar3, Shakti Nagar, Udhna, Surat - 394210, Opposite Shubh Residency",+(91)-9714828440
Pal Beauty Studio,"Shop Number A-113, Royal Plaza, Laxmibai Nagar Society, Nana Varachha, Simada Gam, Surat - 395006, Opposite Pramukh Park Society",+(91)-7202082668
Satyam Hair Art,"G-6, Man Mandir Complex, Singanpor Road, Katargam, Surat - 395004, Near Madhavanand Society",+(91)-9275701763
Nice Hair Parlour,"Katargam Darwaja, Rampura Main Road, Saiyedpura, Surat - 395003, Near Pumping Station",+(91)-9727400684
Sai Salon,"Shop No 2, Mazda Tower, Tadwadi Main Road, Rander Road, Surat - 395005",+(91)-9033601252
The Gateway Family Spa and ..,"Shop No 317 Raj World, Palanpur Canal Road, Palanpur Jakat Naka, Surat - 395009, Near Kataria Maruti Suzuki Service Center",+(91)-7284058328
Kristy Family Salon,"Raj Corner, TP- 10 Road, Pal Bhatha, Surat - 394510, Opp Vastu Shilp",+(91)-8200846478
The Purple Spa N Hair Pampe..,"1st Floor, Kratos Club, Pal Hazira Road, Pal Bhatha, Surat - 394510, Near Pal Haveli",+(91)-7043640119
Eye Catchers Hair & Beauty ..,"2nd Floor, Shop No 248, Rahul Raj Mall, Dumas Road, Surat - 395007, Piplod",+(91)-261-6100501
Jiva The Salon,"Shop No 111,Shreyash Diamond Center, Mini Bazar, Opposite Brts Stand, Varachha Road, Surat - 395006",+(91)-8758820007
Forever Salon ( Jayesh Bhat..,"Shop No 117 First Floor Western Arena, Madhuvan Circle, Adajan Dn, Surat - 395009, Behind Trinity Business Complex",+(91)-9512251575
ACME Hair & Beauty Salon,"Dumas Road, Piplod, Surat - 395007, Near Kargil Chowk",+(91)-9426434301
Sanjays Unisex Salon,"Shop No 2-3-4, Ornate Palace, Union Square Lane, Ghoddod Road, Surat - 395007, Near Pujara Eye Hospital",+(91)-0261-2660297
Sarathes International Hair..,"Shop .no T/2, Upper Ground Shankheshwer Complex, Kailash Nagar, Majura Gate, Surat - 395002, Opposite White House",+(91)-9727643908
Dharmesh Hair Art,"Shop No.3,Maruti Chembers, Peoples Char Rasta,, Katargam, Surat - 395004, Near Gotalawadi,",+(91)-9879050381
R&gs Spalon,"2nd Floor ,Four Point Complex, Vip Road, Vesu, Surat - 395007, Next Maniba Party Plot, Opposite C B Patel Health Club",+(91)-9537417211
Beauty Bliss Spa & Salon,"48, Karimabad Society, Ghoddod Road, Surat - 395007, Ram Chowk, Near Tuli Hospital",+(91)-9726008067
M Saloon,"Shop No. G- 17, VIP Plaza, Vip Road, Vesu, Surat - 395007, Opposite Manbhari Farm",+(91)-9824048886
Purple Salon & Wellness,"3rd Floor, Western Shoppers, Vip Road, Althan, Surat - 395017, Above Axis Bank, Opposite Metro Wholesale",+(91)-9510972908
Reflexions Unisex Salon,"2nd Floor, Vr Mall, Dumas Road, Surat - 395007",+(91)-7301111666
Himanshu Hair Art,"3 , Shiv Darshan Appartment, Anand Mahal, Adajan, Road, Surat - 395009, Opposite Ghantawala Pan",+(91)-8866530803
Cleopatra Beauty Salon,"6a, Omnagar, Pal Patia, Pal Patia, Hazira Adajan Road, Surat - 394510, Near New Rto",+(91)-8469052552
K2 Unisex Spa & Saloon,"Sumul Dairy Main Road, Sumul Dairy Road, Surat - 395003, Nr. I.C. Gandhi School",+(91)-7878005007
Baroda Saloon,"Ug7,Chandni Chowk Appartment, Chandni Chow, Piplod, Surat - 395007, Opposite H.D.F.C.Bank",+(91)-8401265015
Khyber Gents Parlour,"1, Mavia Palace, Saiyad Poora Market, Main Road, Saiyedpura, Surat - 395003",+(91)-9725687093
Meenu Beauty Care,"Shop No 160, First Floor, Thakordvar Society,, Laxman Nagar Road, Kapodra, Surat - 395006, Spinning Mill to Yogichowk Road",+(91)-9714407175
Kan Rich The Barber Shop,"Shop No. G-80, Atlanta Shopping Center, Bhimrad Canal Road, Althan, Surat - 395017, Opposite Metro Wholesale",+(91)-8140009645
F Unisex Salon,", G-7, SNS Platina,, Near Reliance Market, Surat - 395007, Opp Shrenik Residency",+(91)-9712901296
Enrich Salon,"G6,Wood Square, Tgb, Near Mac Donald's, Lp Savani Road, Adajan Dn, Surat - 395009, Opposite Trinitty Business Hub,Near Madhuvan Circle",+(91)-8879093000
A One Relax Professional Sp..,"Shop No 319, 3rd Floor, Silver Stone Arcade, Singanpore Caseway Road, Katargam, Surat - 395004, Near Kathiriya Hanuman Temple",+(91)-9723139521
PK Makeup Studio & Academy,"UG-307, Classic Complex, Opposite Av Sons, Ghoddod Road, Surat - 395007, Besides McDonald",07947276154
Rahuls Salon,"Police Station, G 13/14 Titaanium Complex, Althan Sarsana Road, Surat - 395007, Near Bhimrad",+(91)-9978477666
Sai Krupa Hair Arts,"Plot No.43,Shop No.3 Takor Nagar, Aspas Road, Parvat Gam, Surat - 394210, Opposite Tulsi Hospital",+(91)-9586376863
Dreams The Salon,"Shop No 30/32, 2nd Floor, Sheetal Shopping Center, Bhatar Road, Surat - 395007, Above Dominos Pizza, Old Lb Cinema",+(91)-9723710054
Crystal Shine Spa & Salon,"Shop No. F-108, Raj Mandir Corner, Opposite Vastu Luxaria, Piplod Dumas Road, Dumas Road, Surat - 395007, Near VR Mall",+(91)-9898261170
Scissor Hair & Beauty Salon,"Shop No.nA-6, Dhruv Shopping Centre, City Light Main Road, City Light Town, Surat - 395007, Opp SBI Bank",+(91)-261-2220333
Frinchise Salon Amazing Cut..,"Vesu, Surat - 395007",+(91)-9726061004
Ace Unisex Salon,"Shop No G-10, Rajhans Platinum Plaza, Ugat Road, Palanpur Canal Road, Palanpur Patia, Surat - 395009",+(91)-8469791937
Gurukrupa Bridal Collection,"25, 2nd Floor, Khodiyar Nagar Road, Shwetrajhans Society, Varachha Road, Surat - 395006",+(91)-9909352918
Bantu Saloon,"6 Suda Aavas, Piplod, Surat - 395007, Near Saraswat Nagar Society",+(91)-9909075291
