Us Saloon (Unisex Saloon),"A-73, Rander Bus Stop, Rander, Surat - 395005, Opposite Rander Health Center",07947063519
Beyond Service,"210, Central Bazzar, Vesu Road-Vesu, Vesu, Surat - 395007, Near Reliance Market",+(91)-9512934963
Western Look Salon,"G/22, Raj Corner Shopping Centre, Tween Tower Road, Pal Bhatha, Surat - 394510, Opposite Vasupujya Residency",+(91)-9624852574
Mako Unisex Salon,"Shop No. G-12, Agrasen Shopping Point, Besides Agrasen Bhavan, City Light Main Road, Citylight Road, Surat - 395007, Opposite Maharaja Arcade",+(91)-8469611089
Deeps Hair & Beauty Salon,"Shop Number U16, Athwa Arcade Near Jain Temple, Athwa Gates, Surat - 395001, Near Krishna Zerox, Dairy Corner",+(91)-9974445815
Arti Beauty Parlour And Aca..,"103, Suncity Apartment, Raghuveer Society, Amroli, Surat - 394107, New Kosad Road",+(91)-7567413844
Extension Hair & Beauty Sal..,"Shop Number M 46/47, Secondd Floor, Sargam Shopping Centre, Parle Point Road, Parle Point, Surat - 395007, Besides Anmol Complex",+(91)-9512885812
Raj Hair Art,"Shop 6 Crystal Chambers, Mini Bazaar, Varachha Road, Surat - 395006, Near Sardar Chowk",+(91)-9879142620
Raj Barber & Hair Shop,"No. 12/2803, Sayedpura, Saiyadpura Main Road, Saiyedpura, Surat - 395003, Near Parsi Agiyari",+(91)-9909665337
Tokiyo Beauty Parlour,"1, Sai Ram Society, Honey Park Road ,Sarita Deri Lane, Adajan Dn, Surat - 395009, Oppsite, Kedarkunj Apartment",+(91)-9825714994
Velcy Family Salon,"Shop No 7, Sidhanchal Avenue, Pal Bhatha, Surat - 394510, Near Pratham Circle",+(91)-9601672650
R K Hair Art,"Shop No14, Subhash Park, Sarthana Jakatnaka, Avadh Viceroy, Sarthana, Surat - 395006, Near Rise On Plaza",+(91)-9624044402
Impression Hair Salon,"39, Sweet Home Residency, New Kosad Road, Amroli, Surat - 394107",+(91)-9998880946
Shadab Salon,"Shop No. 305 Sakar Complex, Opp Rajhans Olympia, Bhatar Road, Surat - 395007, Above Umiya Mobile",+(91)-8490026797
Genius Hair Studio,"Shop No. A-105, 1st Floor, Monarch, Gaurav Path Road, Pal Bhatha, Surat - 394510, Near Apex Hospital",+(91)-6355551035
Bhumi Beauty Parlour,"Shop No. 116, 1st Floor, Trump Plaza, Garav Path Road, Pal Bhatha, Surat - 394510, Near Apex Hospital",+(91)-6352020802
Galaxy Hair And Care,"Shop No 1, Lower Ground, Sandhya Darshan Apartment, Adajan Hazira Road, Adajan Dn, Surat - 395009, Opposite Bhulka Bhavan School",+(91)-9998046401
The Sensation Unisex Salon,"G4, J 9 High Street, Vesu, Surat - 395007, Near L P Savani School",+(91)-7600668387
Clean Queen Family Saloon &..,"Shop No. 1/2, Maguns Home, Kamrej Gam Road, Kamrej Char Rasta, Surat - 394185, Opposite Basera Society",+(91)-9904012340
B Salon,"Shop No. LG-1, Indralok Complex, Piplod Main Road, Piplod, Surat - 395007, Near Kargil Chowk",+(91)-9898055223
Herbal Family Beauty Salon ..,"101, Second Floor, Highfield Ascot, Vip Road, Vesu, Surat - 395007, Opposite Nandani Apartment, Besides White House",+(91)-7227944108
Looks The Style Salon,"Shop No. 14/35, 80 Fit Road, Ring Road, Surat - 395002, Opposite Kinnary Multiplex",+(91)-9998719490
Xpert Family Salon,"Shop No. 101,102,103, Siddharth Shopping Centre, City Light Main Road, Citylight Road, Surat - 395007, Opposite Navmangalam Apartment",+(91)-9016842827
Joya Vila Spa,"Silver Spring Plaza, Complex, Anand Mahal Rd, Opposite Shree Ram Petrol Pump, Khodiyar Nagar, Muktan, Anand Mahal Road, Surat - 395009",+(91)-7470584121
Sandip Hair Art,"Shop Number 10, Navsarjan 1, Sagrampura, Surat - 395002, Opposite Panchseel Bank, Near J P Khaman House, Kailashnagar",+(91)-9879743948
Hair Directors Unisex Salon,"Shop No. UG-16, Maharaj Arcade, City Light Main Road, Citylight Road, Surat - 395007, Opposite Agrasen Complex",+(91)-9913361805
Excellent Family Saloon,"Shop No. LG-15, Nariman Point Shopping Centre, City Light Main Road, Citylight Road, Surat - 395007, Opposite Suzuki Showroom",+(91)-9924110698
Vidhi Hair Salon,"Shop No 2 Vinod Compleax, Makipul Corcale Adjan, Adajan Dn, Surat - 395009",+(91)-7906348771
Sai Baba Mens Salon,"G-6, Aagam Square, Canal Road, Vesu, Surat - 395007, Opposite Dream Heritage",+(91)-9680441326
Happy Hair Saloon,"Shop No. 19, Lake View Flats, Pal Bhatha, Surat - 394510, Opposite Ice Cream Hub",+(91)-9512770258
Weston Look,"Shop No 31 Star World Nr Green City, Gauravpath Road, Pal Bhatha, Surat - 394510",+(91)-9016745832
Royal Ever Look Saloon,"Shop No 4, MALDEEP Appartment, Katargam, Surat - 395004, Near Ashram Road",+(91)-9081273341
No Wating Hair Art,"Ichhpur Bus Stop Number 3 Surat, Ichhapore, Surat - 394510",+(91)-7698478588
M3 Salon,"Shop No. 124, Sughan Arcade, Karanj Road, Olpad, Surat - 394540, Opposite Mahadev Shastri School",+(91)-9898155567
Akash Hair Art,"Shop No 4, Shubham Complex, Singanpore, Surat - 395004, Near Siddheshwar Temple",+(91)-8758108001
Ambika Hair Style,"3 Dharmanadan complex, Dabholi Char Rasta, Dabholi, Surat - 395004, Gayatri mandir",+(91)-9909030040
Kismat Hair Salon,"Athwalines Main Road, Near Jain Derasar, Athwalines, Surat - 395001, Opposite Pooja Abhishek",+(91)-9376089894
Velcy Family Salon,"Shop No 7, Sidhanchal Avenue, Pal Bhatha, Surat - 394510, Near Pratham Circle",+(91)-9601672650
R K Hair Art,"Shop No14, Subhash Park, Sarthana Jakatnaka, Avadh Viceroy, Sarthana, Surat - 395006, Near Rise On Plaza",+(91)-9624044402
Impression Hair Salon,"39, Sweet Home Residency, New Kosad Road, Amroli, Surat - 394107",+(91)-9998880946
Shadab Salon,"Shop No. 305 Sakar Complex, Opp Rajhans Olympia, Bhatar Road, Surat - 395007, Above Umiya Mobile",+(91)-8490026797
Genius Hair Studio,"Shop No. A-105, 1st Floor, Monarch, Gaurav Path Road, Pal Bhatha, Surat - 394510, Near Apex Hospital",+(91)-6355551035
Bhumi Beauty Parlour,"Shop No. 116, 1st Floor, Trump Plaza, Garav Path Road, Pal Bhatha, Surat - 394510, Near Apex Hospital",+(91)-6352020802
Galaxy Hair And Care,"Shop No 1, Lower Ground, Sandhya Darshan Apartment, Adajan Hazira Road, Adajan Dn, Surat - 395009, Opposite Bhulka Bhavan School",+(91)-9998046401
The Sensation Unisex Salon,"G4, J 9 High Street, Vesu, Surat - 395007, Near L P Savani School",+(91)-7600668387
Clean Queen Family Saloon &..,"Shop No. 1/2, Maguns Home, Kamrej Gam Road, Kamrej Char Rasta, Surat - 394185, Opposite Basera Society",+(91)-9904012340
B Salon,"Shop No. LG-1, Indralok Complex, Piplod Main Road, Piplod, Surat - 395007, Near Kargil Chowk",+(91)-9898055223
Herbal Family Beauty Salon ..,"101, Second Floor, Highfield Ascot, Vip Road, Vesu, Surat - 395007, Opposite Nandani Apartment, Besides White House",+(91)-7227944108
Looks The Style Salon,"Shop No. 14/35, 80 Fit Road, Ring Road, Surat - 395002, Opposite Kinnary Multiplex",+(91)-9998719490
Xpert Family Salon,"Shop No. 101,102,103, Siddharth Shopping Centre, City Light Main Road, Citylight Road, Surat - 395007, Opposite Navmangalam Apartment",+(91)-9016842827
Joya Vila Spa,"Silver Spring Plaza, Complex, Anand Mahal Rd, Opposite Shree Ram Petrol Pump, Khodiyar Nagar, Muktan, Anand Mahal Road, Surat - 395009",+(91)-7470584121
Sandip Hair Art,"Shop Number 10, Navsarjan 1, Sagrampura, Surat - 395002, Opposite Panchseel Bank, Near J P Khaman House, Kailashnagar",+(91)-9879743948
Hair Directors Unisex Salon,"Shop No. UG-16, Maharaj Arcade, City Light Main Road, Citylight Road, Surat - 395007, Opposite Agrasen Complex",+(91)-9913361805
Excellent Family Saloon,"Shop No. LG-15, Nariman Point Shopping Centre, City Light Main Road, Citylight Road, Surat - 395007, Opposite Suzuki Showroom",+(91)-9924110698
Vidhi Hair Salon,"Shop No 2 Vinod Compleax, Makipul Corcale Adjan, Adajan Dn, Surat - 395009",+(91)-7906348771
Sai Baba Mens Salon,"G-6, Aagam Square, Canal Road, Vesu, Surat - 395007, Opposite Dream Heritage",+(91)-9680441326
Happy Hair Saloon,"Shop No. 19, Lake View Flats, Pal Bhatha, Surat - 394510, Opposite Ice Cream Hub",+(91)-9512770258
Weston Look,"Shop No 31 Star World Nr Green City, Gauravpath Road, Pal Bhatha, Surat - 394510",+(91)-9016745832
Royal Ever Look Saloon,"Shop No 4, MALDEEP Appartment, Katargam, Surat - 395004, Near Ashram Road",+(91)-9081273341
No Wating Hair Art,"Ichhpur Bus Stop Number 3 Surat, Ichhapore, Surat - 394510",+(91)-7698478588
M3 Salon,"Shop No. 124, Sughan Arcade, Karanj Road, Olpad, Surat - 394540, Opposite Mahadev Shastri School",+(91)-9898155567
Akash Hair Art,"Shop No 4, Shubham Complex, Singanpore, Surat - 395004, Near Siddheshwar Temple",+(91)-8758108001
Ambika Hair Style,"3 Dharmanadan complex, Dabholi Char Rasta, Dabholi, Surat - 395004, Gayatri mandir",+(91)-9909030040
Kismat Hair Salon,"Athwalines Main Road, Near Jain Derasar, Athwalines, Surat - 395001, Opposite Pooja Abhishek",+(91)-9376089894
Herbal Family Beauty Salon ..,"101, Second Floor, Highfield Ascot, Vip Road, Vesu, Surat - 395007, Opposite Nandani Apartment, Besides White House",+(91)-7227944108
Looks The Style Salon,"Shop No. 14/35, 80 Fit Road, Ring Road, Surat - 395002, Opposite Kinnary Multiplex",+(91)-9998719490
Xpert Family Salon,"Shop No. 101,102,103, Siddharth Shopping Centre, City Light Main Road, Citylight Road, Surat - 395007, Opposite Navmangalam Apartment",+(91)-9016842827
Joya Vila Spa,"Silver Spring Plaza, Complex, Anand Mahal Rd, Opposite Shree Ram Petrol Pump, Khodiyar Nagar, Muktan, Anand Mahal Road, Surat - 395009",+(91)-7470584121
Sandip Hair Art,"Shop Number 10, Navsarjan 1, Sagrampura, Surat - 395002, Opposite Panchseel Bank, Near J P Khaman House, Kailashnagar",+(91)-9879743948
Hair Directors Unisex Salon,"Shop No. UG-16, Maharaj Arcade, City Light Main Road, Citylight Road, Surat - 395007, Opposite Agrasen Complex",+(91)-9913361805
Excellent Family Saloon,"Shop No. LG-15, Nariman Point Shopping Centre, City Light Main Road, Citylight Road, Surat - 395007, Opposite Suzuki Showroom",+(91)-9924110698
Vidhi Hair Salon,"Shop No 2 Vinod Compleax, Makipul Corcale Adjan, Adajan Dn, Surat - 395009",+(91)-7906348771
Sai Baba Mens Salon,"G-6, Aagam Square, Canal Road, Vesu, Surat - 395007, Opposite Dream Heritage",+(91)-9680441326
Happy Hair Saloon,"Shop No. 19, Lake View Flats, Pal Bhatha, Surat - 394510, Opposite Ice Cream Hub",+(91)-9512770258
Weston Look,"Shop No 31 Star World Nr Green City, Gauravpath Road, Pal Bhatha, Surat - 394510",+(91)-9016745832
Royal Ever Look Saloon,"Shop No 4, MALDEEP Appartment, Katargam, Surat - 395004, Near Ashram Road",+(91)-9081273341
No Wating Hair Art,"Ichhpur Bus Stop Number 3 Surat, Ichhapore, Surat - 394510",+(91)-7698478588
M3 Salon,"Shop No. 124, Sughan Arcade, Karanj Road, Olpad, Surat - 394540, Opposite Mahadev Shastri School",+(91)-9898155567
Akash Hair Art,"Shop No 4, Shubham Complex, Singanpore, Surat - 395004, Near Siddheshwar Temple",+(91)-8758108001
Ambika Hair Style,"3 Dharmanadan complex, Dabholi Char Rasta, Dabholi, Surat - 395004, Gayatri mandir",+(91)-9909030040
Kismat Hair Salon,"Athwalines Main Road, Near Jain Derasar, Athwalines, Surat - 395001, Opposite Pooja Abhishek",+(91)-9376089894
Weston Look,"Shop No 31 Star World Nr Green City, Gauravpath Road, Pal Bhatha, Surat - 394510",+(91)-9016745832
Royal Ever Look Saloon,"Shop No 4, MALDEEP Appartment, Katargam, Surat - 395004, Near Ashram Road",+(91)-9081273341
No Wating Hair Art,"Ichhpur Bus Stop Number 3 Surat, Ichhapore, Surat - 394510",+(91)-7698478588
M3 Salon,"Shop No. 124, Sughan Arcade, Karanj Road, Olpad, Surat - 394540, Opposite Mahadev Shastri School",+(91)-9898155567
Akash Hair Art,"Shop No 4, Shubham Complex, Singanpore, Surat - 395004, Near Siddheshwar Temple",+(91)-8758108001
Ambika Hair Style,"3 Dharmanadan complex, Dabholi Char Rasta, Dabholi, Surat - 395004, Gayatri mandir",+(91)-9909030040
Kismat Hair Salon,"Athwalines Main Road, Near Jain Derasar, Athwalines, Surat - 395001, Opposite Pooja Abhishek",+(91)-9376089894
