D Mart (Galleria Mall),"Galleria Mall, Akota, Vadodara - 390020, Near Ajitnagar Society, Opposite Geb School",+(91)-0265-3079100
D Mart,"Nizampura, Vadodara - 390002, Near Pandya Bridge, Sardar Nagar",+(91)-0265-3994100
D Mart,"Waghodia Road, Vadodara - 390025, Opposite Bathuji Nagar",+(91)-0265-3079200
Spencers Retail Ltd,"Sarabhai Chemical Main Road, Alkapuri, Vadodara - 390007, Near Genda Circle, Beside Vadodara Central",+(91)-9824988139
Reliance Fresh,"Balaji Arcade, Shuklanagar Cross Road, Nizampura, Vadodara - 390002",+(91)-265-6456976
Reliance Fresh,"Girikendra, Waghodia Road, Jalram Nagar, Madhavpura, Vadodara - 390019, Near Hdfc Bank",+(91)-265-6457261
Reliance Supermarket,"Mangaly Hall, Harni Road, Karelibaug, Vadodara - 390018, Near Airport Circle",+(91)-265-6456834
Osia Hypermart,"South West Central Mall, Sun Pharma Road, Atladara, Vadodara - 390012",+(91)-7096036846
Shree Mahalaxmi Super Store,"7 to 12, Sukun Flats, Subhanpura, Vadodara - 390023, Near Arunachal Bus Stop, Opposite Arunachal Bus Stop",+(91)-9925223546
Central Super Market,"Industrial Society, New Sama, Vadodara - 391740",+(91)-0265-2777862
Bansal Super Market,"Gotri Vasna Ring Road, Gotri Road, Vadodara - 390021, Near Neelambar Cross Road",+(91)-9429665974
Reliance Fresh,"11-12, Nutan Bharat Society, Sarthi Complex, Alkapuri, Vadodara - 390007, Opposite M K High School, Opposite Nutan Bharat Club",+(91)-265-6459680
Hypercity Retail India Ltd ..,"Ground Floor, Inorbit Mall, Gorwa Road, Gorwa, Vadodara - 390016, Off Genda Circle",+(91)-0265-2388881
Dabhoiwala Grain Hub,"Ground Floor, Sai Kruti,, Rajesh Tower Road, Harinagar, Vadodara - 390021, Near Harinagar Bridge",+(91)-9512049932
H M Dabhoiwala,"Gaekwad Chambers, Chowkhandi, Chowkhandi, Vadodara - 390017, Near Gendi Gate",+(91)-265-2520571
Mahesh Super Market,"Shop No.2,3,4,5, Santkrupa Apartment, Akota Road, Akota, Vadodara - 390020, Near R C Patel Estate, Aswamegh Complex Ke Samne",+(91)-265-2310510
Bansal Super Market,"5, Dipavli Society, Water Tank Road, Karelibaug, Vadodara - 390018, Near Amrapali Complex",+(91)-9427983314
Alembic Employees Co Op Sup..,"Alembic Tower, Subhanpura Road, Subhanpura, Vadodara - 390023, Near Gunjan Tower",+(91)-265-2290733
Harni Super Market,"Shop No-1 to 6 Dev Aashish Square Opp. Shree Balaji Party Plot, Harni, Harni, Vadodara - 390022, Near Motnath Mahadev Road",+(91)-9714577747
Bansal Store,"Pani Tanki Road, Vadodara - 390018, Karelibagh",+(91)-9974483096
Shree Goverdhan Provision S..,"25, Harinagar Society, Gotri Road, Gotri Road, Vadodara - 390021",+(91)-0265-2396781
Rajlakshmi Super Store,"15/16, Signet Plaza, Gotri Road, Vadodara - 390021, Near Kunal Cross Road",+(91)-9735983900
Jalaram Provision Store,"Chokdi, Gujarat, Muval, Vadodara - 391430",+(91)-9879090250
Apexa Dry Fruits Stores,"4, Sandeep Apartment, R C Dutt Main Road, Alkapuri, Vadodara - 390007, Near Alka Restaurant",+(91)-265-2337765
Agarwal Super Market,"F-18, Palav Park Shopping Centre, Waghodia Main Road, Waghodia, Vadodara - 390019, Opposite Mahesh Complex",+(91)-265-2524471
Shree Kalaji Kirana Store D..,"Sukan 6 Vemali Gav Merry Lend Party Plot Dhumal Chokadi, Dandia Bazar, Vadodara - 390001",+(91)-9537671467
Kanak Super Market,"Shop No : 3&4, Tp-1 FP 110 Nr Shreeji Villa-1, Opp, Kraft Solitaire Khodiyar Nagar Road, Sayajipura, Vadodara - 390019, Near Sayajipura",+(91)-9909983476
Skyrise Of Shree Balaji Gro..,"Sun Pharma Road, Atladara, Vadodara - 390012",+(91)-7211134693
Reliance Fresh,"Shop No 6 To 10, Pratham Complex, Akota, Vadodara - 390020, Opposite Taj Hotel",18001027382
Dazzy Food Industries,"Nehru Chacha Nagar Sayaji Park Society, Vadodara - 391760",+(91)-2668-264274
Kamlesh Super Stores,"Shop No 12, Kadva Patel Patidar Shopping Centre, Main Road, Karelibaug, Vadodara - 390018, Near Hanuman Temple",+(91)-9033845002
Sheetal Provision Store,"E 23, Sonalpark Society,Oppsaibaba School, Atladara Road, Tandalja, Vadodara - 390012, Near Miles Motor",+(91)-9638202205
Reliance Fresh,"Status Plaza, Padra Road, Akota, Vadodara - 390020, Near Akshar Chowk",18001027382
Maruti Provision Store,"53, Usha Nagar, Saiyed Vasna, Esi Road, Gotri Road, Vadodara - 390021, Near Mother School",+(91)-9998048711
Niyay Mander,"Jubilee Baug Road, Mandvi, Vadodara - 390001",+(91)-9537086544
SATGURU KRUPA DRYFRUIT AND ..,"Gf-6 Atlantis, Sarabhai Compound, Genda Circle, Vadodara - 390023, Opposite Swagat Petrol Pump",07947257145
Quality Fresh,"7 & 8, Akashdip Society,, Karelibaug, Vadodara - 390018",+(91)-265-2491149
Shakti Provision Store,"2 3  Shivalaya Complex, Vasna Main Road, Vasna Road, Vadodara - 390007, Opposite Raneshwar Temple",+(91)-265-2250643
Z Super Market,"E/3/4/5 Bhagwat Nagar, Vadodara, Sama Road, Vadodara - 390002, Near New Sama Road",+(91)-9824908695
Agrawal Farm Fresh,"Lotus Enora, Gotri, Vadodara - 390021, Gotri Road",+(91)-9924646101
Shree Mahalaxmi Super Marke..,"2, 3, 4, Lotus Plaza, Gotri, Vadodara - 390021, Opposite Narayan Garden, New Alkapuri",+(91)-265-2980212
Mahalaxmi Provision Store,"C-17, Bhagyoday Shopping Centre, Refinery Road, Gorwa, Vadodara - 390016, Opposite Sahyog Garden",+(91)-265-2290192
Mangal SUPER Market,"Gf- 1-2-3,Solaris,Tower -B, Vasna Bhayli Road, Bhaili, Vadodara - 391410, Nr, Waves Club",+(91)-9925757924
Shree Krishna Super Store,"Shop No 10 & 11, Sundaram Apartment, Gotri Road, Vadodara - 390021, Opposite Ashish Banquet Hall",+(91)-265-2352599
Shreeji Provision Store,"Vemar, Vadodara - 391240, primary school",+(91)-9638469813
Vijay Provision Store,"Shiv Shakti Nagar, Jayram Nagar, Makarpura, Vadodara - 390014",+(91)-9662793452
South Enterprise,"5, Sulabh Flats, Ellora Park, Vadodara - 390023, Nr. Ellora Milk Centre",+(91)-8128880065
Spencers Express Store,"30, Taksh Complex, Vasna Road, Vadodara - 390007",18002660134
Shri Ji Pro. Storeeee,"Sona Nagar Society, Nava Bazar, Karjan, Miyagam Karjan, Vadodara - 391240",+(91)-9429944828
Almadar Chat Center,"6b,Harsh Complex, Old Padra Road, Vadodara - 390020, Below Bank Of Baroda",+(91)-9879857533
Reliance Super,"Mangalya Hall, Harni Road, Vadodara - 390006, Near Airport Circle",18001027382
Kapole Store,"26, Suryakiran Complex, Main Road, Old Padra Road, Vadodara - 390015, Near Manisha Crossing",+(91)-265-2312493
Shree Jagdamba Chevda Mart,"Vinoba Bhave Road, Mandvi, Vadodara - 390001, Near Ahmedabadi Pole",+(91)-265-2432613
Super 99,"S19, Second Floor, Inorbit Mall Vadodara, Shubhanpura, Gorwa Road, Gorwa Vadodara, Vadodara - 390003",+(91)-9999786598
Chetan Provision Store,"Nr Four Ways, Vadodara HO, Vadodara - 390001, Air Force Road",+(91)-265-2637511
F M Dabhoiwala,"Gendi Gate Road, Vadodara - 390017, Near Gendi Gate, Opposite Wadi Police Station",+(91)-265-2521355
Payal Traders,"Shop No 6, Rudrax Complex, Narmada Canal Main Road, Chhani, Vadodara - 391740, Near Giriraj Avenue, Chhani Jakat Naka",+(91)-265-2772610
Shiv Shakti Provision Store..,"5, Shiv Shakti Nagar, Akota Road, Akota, Vadodara - 390020, Opposite Police Lane",+(91)-0265-2314772
Reliance Fresh,"Sun Enclave, Karelibaug, Vadodara - 390018",18001027382
H M Dabhoiwala,"Sai Kruti, Hari Nagar Char Rasta, Gotri, Vadodara - 390021",+(91)-9512049932
Serdi Ras Ghar,"Gj Sh 62, Chhota Udepur, Vadodara - 391165",+(91)-9898755352
Pannu Grocery Store,"24, gurunank nagar, old chani road, Nizampura, Vadodara - 390002, near natasha park",+(91)-8487826627
Mehjal Adhesive Tapes Pvt L..,"Manjusar, Vadodara - 391775",+(91)-9898585074
Shri Mart Super Store,"8/9, Ground Floor, Lotus Enora, Laxmipura, Vadodara - 391101, Opposite Rutuvilla Bungalows, Near Benjamins World School, New Alkapuri",+(91)-8734917532
Ravi Wholesale Store,"H328, Ghanshyam Park Society, Ekta Nagar, New Sama, Vadodara - 391740",+(91)-7698058474
Jay Ambe Provision Stores,"A/45,Bajrangnagar,Baroda, Danteshwar, Vadodara - 390004",+(91)-9427837376
Reliance Fresh,"Giri Kendra, Ajwa Road, Vadodara - 390019",+(91)-0265-6457262
Jeevat Agency,"Sadar Bazar, Fatehgunj Main Road, Fatehgunj, Vadodara - 390008, Near HDFC ATM",+(91)-265-2786630
Shree Rajkamal Masala,"Shree Raj Kamal Masala, Chokhandi Main Road, Chowkhandi, Vadodara - 390017, Near Gendi Gate NearChokhandi Char Rasta",+(91)-2663-2415180
Spencers Daily Store,"Manjalpur, Vadodara - 390011",+(91)-0265-2970822
Relief Medical & Provision ..,"16, Sahjanand Apartment, Main Road, Vadodara - 390019, Opposite Vinayak Hospital",+(91)-0265-2566556
New Sonal Plastic,"Vadodara, Patel Park Society, Warasiya, Vadodara - 390006",+(91)-9824141786
Shreeji Provision Store,"B/19, Sarswati Society, Gotri Road, Vadodara - 390021, Near Esi Hospital",+(91)-9624962837
Mahakali Point,"Danteshwar, Vadodara - 390004",+(91)-9727759708
Padmavati Traders,"Bodeli, Vadodara - 391135",+(91)-8888558411
Oza Mahendra Shantilal,"Amar Society, Karadiya, Bajwa, Vadodara - 391310",+(91)-9574525599
Shraddha Gruh Udhyog,"Shop No-2, Galaxy Complex, Near Darbar Chowkdi, Manjalpur, Vadodara - 390011, Opposite HDFC Bank",+(91)-9898068493
Tower Shoes Opp Tower,"Jainawaga, Dabhoi, Dabhoi - 391110",+(91)-9998793316
Nileshkumar Ramanlal Shah,"Sh 63, Waghodia Road, Vadodara - 390025",+(91)-9825032391
Aakash Provision Store,"Bill, Vadodara - 391410",+(91)-9909677130
Jayant Store,"22, Satya Park, Ellora Park Road, Ellora Park, Vadodara - 390023, Opposite Hanuman Temple",+(91)-265-2397237
Pratik Khakhra & Namkeen,"Radhe Complex, Radhakrishna Society, Akota, Vadodara - 390020",+(91)-7405253644
Kabir Sweet And Farsan,"Vadodara Jambusar Hwy, Mobha Road, Vadodara - 391430, Near 391430",+(91)-9909239341
Bhagavati Provision Store,"Sh 11, Petlad, Vadodara - 391110",+(91)-7046850446
Bansilal Maganlal Pola,"A-2, C-15, E-39, Hathikhana Market Yard, Hathikhana, Vadodara - 390001",+(91)-265-2421279
Royal Namkeen,"Vega, Vadodara - 391107",+(91)-9426393942
Shree Jalaram Traders,"2, Ravi Commercial Shopping Centre, Jain Derasar Road, Manjalpur, Vadodara - 390011",+(91)-0265-2647675
Rana Ratilal Ramanlal,"Fatehpura Main Road, Bramin Faliya Nake, Kalupura, Fatehpura, Mandvi, Vadodara - 390001",+(91)-8128037611
Bansal Super Store,"Shop No - 1&2 Orchid Platina Maryland Party Plot, Sama Road, Vadodara - 390002, Near Sama Savli Road",
Agrawal Super Market,"Shop No-8, Gokul Complex, New Sama, Vadodara - 391740, Near Icici Bank Atm, Near Navrachana School",+(91)-9512768935
Shrinath Stores,"150, Ganga Jamuna Society, Subhanpura Main Road, Subhanpura, Vadodara - 390007, Near Golden Silver Appartment",+(91)-265-2282046
Agrawal Provision Stores,"Shop-1 Shreyas Apartment, Opp Seven7s Mall, Fateganj, Vadodara - 390002, Near Fatehgunj Petrol Pump",+(91)-7048283582
Shree Roopji Store,"3, Makrand Desai Road, Gadapura, Diwalipura, Vadodara - 390007",+(91)-265-2324023
Manorath Departmental,"Sumant Park, Samta Road, Gotri, Vadodara - 390021",+(91)-9898693010
M.J. Kokniwala,"Dandia Bazar, Tarapur Road, Jetpurpavi, Jetpurpavi, Chhota Udepur, Vadodara - 391160",+(91)-2664-242158
R D Masala & Dryfruits,"G 3, K P Landmark, Vasna Bhayli Road-Bhaili, Vadodara - 391410, Opposite Bright Day School",+(91)-7486011115
Reliance Fresh,"SAI Arpan, Pratapnagar, Vadodara - 390009",+(91)-0265-6459631
Bhaiji Namkeen,"38 , Shiv Darshan Complex, Vasna Road, Vadodara - 390007, Opposite Aditya Building,Below Urav Hospital",+(91)-8141313448
gurukrupa Patanjali Store,"Dwarka Nagri, Jalram Nagar, Madhavpura, Vadodara - 390019",+(91)-9049835501
Kismat Footwear,"Waghodia, Vadodara - 390019",+(91)-9974166801
Bansal Super Market,"Gotri Vasna Ring Road, Gotri Road, Vadodara - 390021, Near Neelambar Cross Road",+(91)-9429665974
Reliance Fresh,"11-12, Nutan Bharat Society, Sarthi Complex, Alkapuri, Vadodara - 390007, Opposite M K High School, Opposite Nutan Bharat Club",+(91)-265-6459680
Hypercity Retail India Ltd ..,"Ground Floor, Inorbit Mall, Gorwa Road, Gorwa, Vadodara - 390016, Off Genda Circle",+(91)-0265-2388881
Dabhoiwala Grain Hub,"Ground Floor, Sai Kruti,, Rajesh Tower Road, Harinagar, Vadodara - 390021, Near Harinagar Bridge",+(91)-9512049932
H M Dabhoiwala,"Gaekwad Chambers, Chowkhandi, Chowkhandi, Vadodara - 390017, Near Gendi Gate",+(91)-265-2520571
Mahesh Super Market,"Shop No.2,3,4,5, Santkrupa Apartment, Akota Road, Akota, Vadodara - 390020, Near R C Patel Estate, Aswamegh Complex Ke Samne",+(91)-265-2310510
Bansal Super Market,"5, Dipavli Society, Water Tank Road, Karelibaug, Vadodara - 390018, Near Amrapali Complex",+(91)-9427983314
Alembic Employees Co Op Sup..,"Alembic Tower, Subhanpura Road, Subhanpura, Vadodara - 390023, Near Gunjan Tower",+(91)-265-2290733
Harni Super Market,"Shop No-1 to 6 Dev Aashish Square Opp. Shree Balaji Party Plot, Harni, Harni, Vadodara - 390022, Near Motnath Mahadev Road",+(91)-9714577747
Bansal Store,"Pani Tanki Road, Vadodara - 390018, Karelibagh",+(91)-9974483096
Shree Goverdhan Provision S..,"25, Harinagar Society, Gotri Road, Gotri Road, Vadodara - 390021",+(91)-0265-2396781
Rajlakshmi Super Store,"15/16, Signet Plaza, Gotri Road, Vadodara - 390021, Near Kunal Cross Road",+(91)-9735983900
Jalaram Provision Store,"Chokdi, Gujarat, Muval, Vadodara - 391430",+(91)-9879090250
Apexa Dry Fruits Stores,"4, Sandeep Apartment, R C Dutt Main Road, Alkapuri, Vadodara - 390007, Near Alka Restaurant",+(91)-265-2337765
Agarwal Super Market,"F-18, Palav Park Shopping Centre, Waghodia Main Road, Waghodia, Vadodara - 390019, Opposite Mahesh Complex",+(91)-265-2524471
Shree Kalaji Kirana Store D..,"Sukan 6 Vemali Gav Merry Lend Party Plot Dhumal Chokadi, Dandia Bazar, Vadodara - 390001",+(91)-9537671467
Kanak Super Market,"Shop No : 3&4, Tp-1 FP 110 Nr Shreeji Villa-1, Opp, Kraft Solitaire Khodiyar Nagar Road, Sayajipura, Vadodara - 390019, Near Sayajipura",+(91)-9909983476
Skyrise Of Shree Balaji Gro..,"Sun Pharma Road, Atladara, Vadodara - 390012",+(91)-7211134693
Reliance Fresh,"Shop No 6 To 10, Pratham Complex, Akota, Vadodara - 390020, Opposite Taj Hotel",18001027382
Dazzy Food Industries,"Nehru Chacha Nagar Sayaji Park Society, Vadodara - 391760",+(91)-2668-264274
Kamlesh Super Stores,"Shop No 12, Kadva Patel Patidar Shopping Centre, Main Road, Karelibaug, Vadodara - 390018, Near Hanuman Temple",+(91)-9033845002
Sheetal Provision Store,"E 23, Sonalpark Society,Oppsaibaba School, Atladara Road, Tandalja, Vadodara - 390012, Near Miles Motor",+(91)-9638202205
Reliance Fresh,"Status Plaza, Padra Road, Akota, Vadodara - 390020, Near Akshar Chowk",18001027382
Maruti Provision Store,"53, Usha Nagar, Saiyed Vasna, Esi Road, Gotri Road, Vadodara - 390021, Near Mother School",+(91)-9998048711
Niyay Mander,"Jubilee Baug Road, Mandvi, Vadodara - 390001",+(91)-9537086544
SATGURU KRUPA DRYFRUIT AND ..,"Gf-6 Atlantis, Sarabhai Compound, Genda Circle, Vadodara - 390023, Opposite Swagat Petrol Pump",07947257145
Quality Fresh,"7 & 8, Akashdip Society,, Karelibaug, Vadodara - 390018",+(91)-265-2491149
Shakti Provision Store,"2 3  Shivalaya Complex, Vasna Main Road, Vasna Road, Vadodara - 390007, Opposite Raneshwar Temple",+(91)-265-2250643
Z Super Market,"E/3/4/5 Bhagwat Nagar, Vadodara, Sama Road, Vadodara - 390002, Near New Sama Road",+(91)-9824908695
Agrawal Farm Fresh,"Lotus Enora, Gotri, Vadodara - 390021, Gotri Road",+(91)-9924646101
Shree Mahalaxmi Super Marke..,"2, 3, 4, Lotus Plaza, Gotri, Vadodara - 390021, Opposite Narayan Garden, New Alkapuri",+(91)-265-2980212
Mahalaxmi Provision Store,"C-17, Bhagyoday Shopping Centre, Refinery Road, Gorwa, Vadodara - 390016, Opposite Sahyog Garden",+(91)-265-2290192
Mangal SUPER Market,"Gf- 1-2-3,Solaris,Tower -B, Vasna Bhayli Road, Bhaili, Vadodara - 391410, Nr, Waves Club",+(91)-9925757924
Shree Krishna Super Store,"Shop No 10 & 11, Sundaram Apartment, Gotri Road, Vadodara - 390021, Opposite Ashish Banquet Hall",+(91)-265-2352599
Shreeji Provision Store,"Vemar, Vadodara - 391240, primary school",+(91)-9638469813
Vijay Provision Store,"Shiv Shakti Nagar, Jayram Nagar, Makarpura, Vadodara - 390014",+(91)-9662793452
South Enterprise,"5, Sulabh Flats, Ellora Park, Vadodara - 390023, Nr. Ellora Milk Centre",+(91)-8128880065
Spencers Express Store,"30, Taksh Complex, Vasna Road, Vadodara - 390007",18002660134
Shri Ji Pro. Storeeee,"Sona Nagar Society, Nava Bazar, Karjan, Miyagam Karjan, Vadodara - 391240",+(91)-9429944828
Almadar Chat Center,"6b,Harsh Complex, Old Padra Road, Vadodara - 390020, Below Bank Of Baroda",+(91)-9879857533
Reliance Super,"Mangalya Hall, Harni Road, Vadodara - 390006, Near Airport Circle",18001027382
Kapole Store,"26, Suryakiran Complex, Main Road, Old Padra Road, Vadodara - 390015, Near Manisha Crossing",+(91)-265-2312493
Shree Jagdamba Chevda Mart,"Vinoba Bhave Road, Mandvi, Vadodara - 390001, Near Ahmedabadi Pole",+(91)-265-2432613
Super 99,"S19, Second Floor, Inorbit Mall Vadodara, Shubhanpura, Gorwa Road, Gorwa Vadodara, Vadodara - 390003",+(91)-9999786598
Chetan Provision Store,"Nr Four Ways, Vadodara HO, Vadodara - 390001, Air Force Road",+(91)-265-2637511
F M Dabhoiwala,"Gendi Gate Road, Vadodara - 390017, Near Gendi Gate, Opposite Wadi Police Station",+(91)-265-2521355
Payal Traders,"Shop No 6, Rudrax Complex, Narmada Canal Main Road, Chhani, Vadodara - 391740, Near Giriraj Avenue, Chhani Jakat Naka",+(91)-265-2772610
Shiv Shakti Provision Store..,"5, Shiv Shakti Nagar, Akota Road, Akota, Vadodara - 390020, Opposite Police Lane",+(91)-0265-2314772
Reliance Fresh,"Sun Enclave, Karelibaug, Vadodara - 390018",18001027382
H M Dabhoiwala,"Sai Kruti, Hari Nagar Char Rasta, Gotri, Vadodara - 390021",+(91)-9512049932
Serdi Ras Ghar,"Gj Sh 62, Chhota Udepur, Vadodara - 391165",+(91)-9898755352
Pannu Grocery Store,"24, gurunank nagar, old chani road, Nizampura, Vadodara - 390002, near natasha park",+(91)-8487826627
Mehjal Adhesive Tapes Pvt L..,"Manjusar, Vadodara - 391775",+(91)-9898585074
Shri Mart Super Store,"8/9, Ground Floor, Lotus Enora, Laxmipura, Vadodara - 391101, Opposite Rutuvilla Bungalows, Near Benjamins World School, New Alkapuri",+(91)-8734917532
Ravi Wholesale Store,"H328, Ghanshyam Park Society, Ekta Nagar, New Sama, Vadodara - 391740",+(91)-7698058474
Jay Ambe Provision Stores,"A/45,Bajrangnagar,Baroda, Danteshwar, Vadodara - 390004",+(91)-9427837376
Reliance Fresh,"Giri Kendra, Ajwa Road, Vadodara - 390019",+(91)-0265-6457262
Jeevat Agency,"Sadar Bazar, Fatehgunj Main Road, Fatehgunj, Vadodara - 390008, Near HDFC ATM",+(91)-265-2786630
Shree Rajkamal Masala,"Shree Raj Kamal Masala, Chokhandi Main Road, Chowkhandi, Vadodara - 390017, Near Gendi Gate NearChokhandi Char Rasta",+(91)-2663-2415180
Spencers Daily Store,"Manjalpur, Vadodara - 390011",+(91)-0265-2970822
Relief Medical & Provision ..,"16, Sahjanand Apartment, Main Road, Vadodara - 390019, Opposite Vinayak Hospital",+(91)-0265-2566556
New Sonal Plastic,"Vadodara, Patel Park Society, Warasiya, Vadodara - 390006",+(91)-9824141786
Shreeji Provision Store,"B/19, Sarswati Society, Gotri Road, Vadodara - 390021, Near Esi Hospital",+(91)-9624962837
Mahakali Point,"Danteshwar, Vadodara - 390004",+(91)-9727759708
Padmavati Traders,"Bodeli, Vadodara - 391135",+(91)-8888558411
Oza Mahendra Shantilal,"Amar Society, Karadiya, Bajwa, Vadodara - 391310",+(91)-9574525599
Shraddha Gruh Udhyog,"Shop No-2, Galaxy Complex, Near Darbar Chowkdi, Manjalpur, Vadodara - 390011, Opposite HDFC Bank",+(91)-9898068493
Tower Shoes Opp Tower,"Jainawaga, Dabhoi, Dabhoi - 391110",+(91)-9998793316
Nileshkumar Ramanlal Shah,"Sh 63, Waghodia Road, Vadodara - 390025",+(91)-9825032391
Aakash Provision Store,"Bill, Vadodara - 391410",+(91)-9909677130
Jayant Store,"22, Satya Park, Ellora Park Road, Ellora Park, Vadodara - 390023, Opposite Hanuman Temple",+(91)-265-2397237
Pratik Khakhra & Namkeen,"Radhe Complex, Radhakrishna Society, Akota, Vadodara - 390020",+(91)-7405253644
Kabir Sweet And Farsan,"Vadodara Jambusar Hwy, Mobha Road, Vadodara - 391430, Near 391430",+(91)-9909239341
Bhagavati Provision Store,"Sh 11, Petlad, Vadodara - 391110",+(91)-7046850446
Bansilal Maganlal Pola,"A-2, C-15, E-39, Hathikhana Market Yard, Hathikhana, Vadodara - 390001",+(91)-265-2421279
Royal Namkeen,"Vega, Vadodara - 391107",+(91)-9426393942
Shree Jalaram Traders,"2, Ravi Commercial Shopping Centre, Jain Derasar Road, Manjalpur, Vadodara - 390011",+(91)-0265-2647675
Rana Ratilal Ramanlal,"Fatehpura Main Road, Bramin Faliya Nake, Kalupura, Fatehpura, Mandvi, Vadodara - 390001",+(91)-8128037611
Bansal Super Store,"Shop No - 1&2 Orchid Platina Maryland Party Plot, Sama Road, Vadodara - 390002, Near Sama Savli Road",
Agrawal Super Market,"Shop No-8, Gokul Complex, New Sama, Vadodara - 391740, Near Icici Bank Atm, Near Navrachana School",+(91)-9512768935
Shrinath Stores,"150, Ganga Jamuna Society, Subhanpura Main Road, Subhanpura, Vadodara - 390007, Near Golden Silver Appartment",+(91)-265-2282046
Agrawal Provision Stores,"Shop-1 Shreyas Apartment, Opp Seven7s Mall, Fateganj, Vadodara - 390002, Near Fatehgunj Petrol Pump",+(91)-7048283582
Shree Roopji Store,"3, Makrand Desai Road, Gadapura, Diwalipura, Vadodara - 390007",+(91)-265-2324023
Manorath Departmental,"Sumant Park, Samta Road, Gotri, Vadodara - 390021",+(91)-9898693010
M.J. Kokniwala,"Dandia Bazar, Tarapur Road, Jetpurpavi, Jetpurpavi, Chhota Udepur, Vadodara - 391160",+(91)-2664-242158
R D Masala & Dryfruits,"G 3, K P Landmark, Vasna Bhayli Road-Bhaili, Vadodara - 391410, Opposite Bright Day School",+(91)-7486011115
Reliance Fresh,"SAI Arpan, Pratapnagar, Vadodara - 390009",+(91)-0265-6459631
Bhaiji Namkeen,"38 , Shiv Darshan Complex, Vasna Road, Vadodara - 390007, Opposite Aditya Building,Below Urav Hospital",+(91)-8141313448
gurukrupa Patanjali Store,"Dwarka Nagri, Jalram Nagar, Madhavpura, Vadodara - 390019",+(91)-9049835501
Kismat Footwear,"Waghodia, Vadodara - 390019",+(91)-9974166801
Shree Goverdhan Provision S..,"25, Harinagar Society, Gotri Road, Gotri Road, Vadodara - 390021",+(91)-0265-2396781
Rajlakshmi Super Store,"15/16, Signet Plaza, Gotri Road, Vadodara - 390021, Near Kunal Cross Road",+(91)-9735983900
Apexa Dry Fruits Stores,"4, Sandeep Apartment, R C Dutt Main Road, Alkapuri, Vadodara - 390007, Near Alka Restaurant",+(91)-265-2337765
Agarwal Super Market,"F-18, Palav Park Shopping Centre, Waghodia Main Road, Waghodia, Vadodara - 390019, Opposite Mahesh Complex",+(91)-265-2524471
Shree Kalaji Kirana Store D..,"Sukan 6 Vemali Gav Merry Lend Party Plot Dhumal Chokadi, Dandia Bazar, Vadodara - 390001",+(91)-9537671467
Kanak Super Market,"Shop No : 3&4, Tp-1 FP 110 Nr Shreeji Villa-1, Opp, Kraft Solitaire Khodiyar Nagar Road, Sayajipura, Vadodara - 390019, Near Sayajipura",+(91)-9909983476
Skyrise Of Shree Balaji Gro..,"Sun Pharma Road, Atladara, Vadodara - 390012",+(91)-7211134693
Reliance Fresh,"Shop No 6 To 10, Pratham Complex, Akota, Vadodara - 390020, Opposite Taj Hotel",18001027382
Dazzy Food Industries,"Nehru Chacha Nagar Sayaji Park Society, Vadodara - 391760",+(91)-2668-264274
Kamlesh Super Stores,"Shop No 12, Kadva Patel Patidar Shopping Centre, Main Road, Karelibaug, Vadodara - 390018, Near Hanuman Temple",+(91)-9033845002
Sheetal Provision Store,"E 23, Sonalpark Society,Oppsaibaba School, Atladara Road, Tandalja, Vadodara - 390012, Near Miles Motor",+(91)-9638202205
Reliance Fresh,"Status Plaza, Padra Road, Akota, Vadodara - 390020, Near Akshar Chowk",18001027382
Maruti Provision Store,"53, Usha Nagar, Saiyed Vasna, Esi Road, Gotri Road, Vadodara - 390021, Near Mother School",+(91)-9998048711
Niyay Mander,"Jubilee Baug Road, Mandvi, Vadodara - 390001",+(91)-9537086544
SATGURU KRUPA DRYFRUIT AND ..,"Gf-6 Atlantis, Sarabhai Compound, Genda Circle, Vadodara - 390023, Opposite Swagat Petrol Pump",07947257145
Quality Fresh,"7 & 8, Akashdip Society,, Karelibaug, Vadodara - 390018",+(91)-265-2491149
Shakti Provision Store,"2 3  Shivalaya Complex, Vasna Main Road, Vasna Road, Vadodara - 390007, Opposite Raneshwar Temple",+(91)-265-2250643
Z Super Market,"E/3/4/5 Bhagwat Nagar, Vadodara, Sama Road, Vadodara - 390002, Near New Sama Road",+(91)-9824908695
Agrawal Farm Fresh,"Lotus Enora, Gotri, Vadodara - 390021, Gotri Road",+(91)-9924646101
Shree Mahalaxmi Super Marke..,"2, 3, 4, Lotus Plaza, Gotri, Vadodara - 390021, Opposite Narayan Garden, New Alkapuri",+(91)-265-2980212
Mahalaxmi Provision Store,"C-17, Bhagyoday Shopping Centre, Refinery Road, Gorwa, Vadodara - 390016, Opposite Sahyog Garden",+(91)-265-2290192
Mangal SUPER Market,"Gf- 1-2-3,Solaris,Tower -B, Vasna Bhayli Road, Bhaili, Vadodara - 391410, Nr, Waves Club",+(91)-9925757924
Shree Krishna Super Store,"Shop No 10 & 11, Sundaram Apartment, Gotri Road, Vadodara - 390021, Opposite Ashish Banquet Hall",+(91)-265-2352599
Vijay Provision Store,"Shiv Shakti Nagar, Jayram Nagar, Makarpura, Vadodara - 390014",+(91)-9662793452
South Enterprise,"5, Sulabh Flats, Ellora Park, Vadodara - 390023, Nr. Ellora Milk Centre",+(91)-8128880065
Spencers Express Store,"30, Taksh Complex, Vasna Road, Vadodara - 390007",18002660134
Almadar Chat Center,"6b,Harsh Complex, Old Padra Road, Vadodara - 390020, Below Bank Of Baroda",+(91)-9879857533
Reliance Super,"Mangalya Hall, Harni Road, Vadodara - 390006, Near Airport Circle",18001027382
Kapole Store,"26, Suryakiran Complex, Main Road, Old Padra Road, Vadodara - 390015, Near Manisha Crossing",+(91)-265-2312493
Shree Jagdamba Chevda Mart,"Vinoba Bhave Road, Mandvi, Vadodara - 390001, Near Ahmedabadi Pole",+(91)-265-2432613
Super 99,"S19, Second Floor, Inorbit Mall Vadodara, Shubhanpura, Gorwa Road, Gorwa Vadodara, Vadodara - 390003",+(91)-9999786598
Chetan Provision Store,"Nr Four Ways, Vadodara HO, Vadodara - 390001, Air Force Road",+(91)-265-2637511
F M Dabhoiwala,"Gendi Gate Road, Vadodara - 390017, Near Gendi Gate, Opposite Wadi Police Station",+(91)-265-2521355
Payal Traders,"Shop No 6, Rudrax Complex, Narmada Canal Main Road, Chhani, Vadodara - 391740, Near Giriraj Avenue, Chhani Jakat Naka",+(91)-265-2772610
Shiv Shakti Provision Store..,"5, Shiv Shakti Nagar, Akota Road, Akota, Vadodara - 390020, Opposite Police Lane",+(91)-0265-2314772
Reliance Fresh,"Sun Enclave, Karelibaug, Vadodara - 390018",18001027382
H M Dabhoiwala,"Sai Kruti, Hari Nagar Char Rasta, Gotri, Vadodara - 390021",+(91)-9512049932
Pannu Grocery Store,"24, gurunank nagar, old chani road, Nizampura, Vadodara - 390002, near natasha park",+(91)-8487826627
Shri Mart Super Store,"8/9, Ground Floor, Lotus Enora, Laxmipura, Vadodara - 391101, Opposite Rutuvilla Bungalows, Near Benjamins World School, New Alkapuri",+(91)-8734917532
Ravi Wholesale Store,"H328, Ghanshyam Park Society, Ekta Nagar, New Sama, Vadodara - 391740",+(91)-7698058474
Jay Ambe Provision Stores,"A/45,Bajrangnagar,Baroda, Danteshwar, Vadodara - 390004",+(91)-9427837376
Reliance Fresh,"Giri Kendra, Ajwa Road, Vadodara - 390019",+(91)-0265-6457262
Jeevat Agency,"Sadar Bazar, Fatehgunj Main Road, Fatehgunj, Vadodara - 390008, Near HDFC ATM",+(91)-265-2786630
Shree Rajkamal Masala,"Shree Raj Kamal Masala, Chokhandi Main Road, Chowkhandi, Vadodara - 390017, Near Gendi Gate NearChokhandi Char Rasta",+(91)-2663-2415180
Spencers Daily Store,"Manjalpur, Vadodara - 390011",+(91)-0265-2970822
Relief Medical & Provision ..,"16, Sahjanand Apartment, Main Road, Vadodara - 390019, Opposite Vinayak Hospital",+(91)-0265-2566556
New Sonal Plastic,"Vadodara, Patel Park Society, Warasiya, Vadodara - 390006",+(91)-9824141786
Shreeji Provision Store,"B/19, Sarswati Society, Gotri Road, Vadodara - 390021, Near Esi Hospital",+(91)-9624962837
Mahakali Point,"Danteshwar, Vadodara - 390004",+(91)-9727759708
Oza Mahendra Shantilal,"Amar Society, Karadiya, Bajwa, Vadodara - 391310",+(91)-9574525599
Shraddha Gruh Udhyog,"Shop No-2, Galaxy Complex, Near Darbar Chowkdi, Manjalpur, Vadodara - 390011, Opposite HDFC Bank",+(91)-9898068493
Nileshkumar Ramanlal Shah,"Sh 63, Waghodia Road, Vadodara - 390025",+(91)-9825032391
Aakash Provision Store,"Bill, Vadodara - 391410",+(91)-9909677130
Jayant Store,"22, Satya Park, Ellora Park Road, Ellora Park, Vadodara - 390023, Opposite Hanuman Temple",+(91)-265-2397237
Pratik Khakhra & Namkeen,"Radhe Complex, Radhakrishna Society, Akota, Vadodara - 390020",+(91)-7405253644
Bansilal Maganlal Pola,"A-2, C-15, E-39, Hathikhana Market Yard, Hathikhana, Vadodara - 390001",+(91)-265-2421279
Shree Jalaram Traders,"2, Ravi Commercial Shopping Centre, Jain Derasar Road, Manjalpur, Vadodara - 390011",+(91)-0265-2647675
Rana Ratilal Ramanlal,"Fatehpura Main Road, Bramin Faliya Nake, Kalupura, Fatehpura, Mandvi, Vadodara - 390001",+(91)-8128037611
Bansal Super Store,"Shop No - 1&2 Orchid Platina Maryland Party Plot, Sama Road, Vadodara - 390002, Near Sama Savli Road",
Agrawal Super Market,"Shop No-8, Gokul Complex, New Sama, Vadodara - 391740, Near Icici Bank Atm, Near Navrachana School",+(91)-9512768935
Shrinath Stores,"150, Ganga Jamuna Society, Subhanpura Main Road, Subhanpura, Vadodara - 390007, Near Golden Silver Appartment",+(91)-265-2282046
Agrawal Provision Stores,"Shop-1 Shreyas Apartment, Opp Seven7s Mall, Fateganj, Vadodara - 390002, Near Fatehgunj Petrol Pump",+(91)-7048283582
Shree Roopji Store,"3, Makrand Desai Road, Gadapura, Diwalipura, Vadodara - 390007",+(91)-265-2324023
Manorath Departmental,"Sumant Park, Samta Road, Gotri, Vadodara - 390021",+(91)-9898693010
R D Masala & Dryfruits,"G 3, K P Landmark, Vasna Bhayli Road-Bhaili, Vadodara - 391410, Opposite Bright Day School",+(91)-7486011115
Reliance Fresh,"SAI Arpan, Pratapnagar, Vadodara - 390009",+(91)-0265-6459631
Bhaiji Namkeen,"38 , Shiv Darshan Complex, Vasna Road, Vadodara - 390007, Opposite Aditya Building,Below Urav Hospital",+(91)-8141313448
gurukrupa Patanjali Store,"Dwarka Nagri, Jalram Nagar, Madhavpura, Vadodara - 390019",+(91)-9049835501
Kismat Footwear,"Waghodia, Vadodara - 390019",+(91)-9974166801
Gangadhar Provision Store,"1, Ravikunj Flat, Arunoday Society, BMC Gas Suppliers Road, Alkapuri, Vadodara - 390007",+(91)-265-2339836
Yash Medical And Provision ..,"Yash Complex, Behind Emporer Building, Fatehgunj, Vadodara - 390008, Sadar Bazar",+(91)-265-3017742
Gandhi Kunjbihari Tribhovan..,"Padra, Gandhi Chowk, Vadodara - 391440, Opposite Marcha Gali",+(91)-9428507932
ShopEco,"C/O. M/S. Manubhai M. Patel, Tobacco Merchant, Jaspur Road, Padra, Vadodara - 391440",+(91)-8733033022
Family Mart,"Pawandham Society, Ring Road, Vip Road, Vadodara - 390006, Opposite Essar Petrol Pump Hariniwarasia",+(91)-7285067000
American Top Notch,"16, Utkanth Society, Alkapuri, Vadodara - 390007, Behind Alkapuri Club",+(91)-265-2337166
Patanjali Store,"302, Amit Nagar, Kalyan Nagar, Karelibagh, Mental Hospital Road, Vadodara, Vadodara - 390008",+(91)-9537690974
Daswani Patanjali & Departm..,"302, Amit Nagar, Kalyan Nagar, Karelibagh, Mental Hospital Road, Vadodara, Vadodara - 390008",+(91)-9537690974
Jayesh Store,"Subhash Park, Harni Road, Sangam Society, Vadodara - 390022, Sangam Char Rasta",+(91)-265-2487816
Rajubhai Dugdhalay,"Dashrath, Vadodara - 391740",+(91)-9228315446
R K Super Store,"17-18, Ground Floor, Orchid Platina, Sama Savli Road, Sama, Vadodara - 390008, Opposite Ambe Residency, Vemali Village",+(91)-8128733347
Sheetal Provision Store,"E 23, Sonalpark Society,Oppsaibaba School, Atladara Road, Tandalja, Vadodara - 390012, Near Miles Motor",+(91)-9638202205
Reliance Fresh,"Status Plaza, Padra Road, Akota, Vadodara - 390020, Near Akshar Chowk",18001027382
Maruti Provision Store,"53, Usha Nagar, Saiyed Vasna, Esi Road, Gotri Road, Vadodara - 390021, Near Mother School",+(91)-9998048711
Niyay Mander,"Jubilee Baug Road, Mandvi, Vadodara - 390001",+(91)-9537086544
SATGURU KRUPA DRYFRUIT AND ..,"Gf-6 Atlantis, Sarabhai Compound, Genda Circle, Vadodara - 390023, Opposite Swagat Petrol Pump",07947257145
Quality Fresh,"7 & 8, Akashdip Society,, Karelibaug, Vadodara - 390018",+(91)-265-2491149
Shakti Provision Store,"2 3  Shivalaya Complex, Vasna Main Road, Vasna Road, Vadodara - 390007, Opposite Raneshwar Temple",+(91)-265-2250643
Z Super Market,"E/3/4/5 Bhagwat Nagar, Vadodara, Sama Road, Vadodara - 390002, Near New Sama Road",+(91)-9824908695
Agrawal Farm Fresh,"Lotus Enora, Gotri, Vadodara - 390021, Gotri Road",+(91)-9924646101
Shree Mahalaxmi Super Marke..,"2, 3, 4, Lotus Plaza, Gotri, Vadodara - 390021, Opposite Narayan Garden, New Alkapuri",+(91)-265-2980212
Mahalaxmi Provision Store,"C-17, Bhagyoday Shopping Centre, Refinery Road, Gorwa, Vadodara - 390016, Opposite Sahyog Garden",+(91)-265-2290192
Mangal SUPER Market,"Gf- 1-2-3,Solaris,Tower -B, Vasna Bhayli Road, Bhaili, Vadodara - 391410, Nr, Waves Club",+(91)-9925757924
Shree Krishna Super Store,"Shop No 10 & 11, Sundaram Apartment, Gotri Road, Vadodara - 390021, Opposite Ashish Banquet Hall",+(91)-265-2352599
Vijay Provision Store,"Shiv Shakti Nagar, Jayram Nagar, Makarpura, Vadodara - 390014",+(91)-9662793452
South Enterprise,"5, Sulabh Flats, Ellora Park, Vadodara - 390023, Nr. Ellora Milk Centre",+(91)-8128880065
Spencers Express Store,"30, Taksh Complex, Vasna Road, Vadodara - 390007",18002660134
Almadar Chat Center,"6b,Harsh Complex, Old Padra Road, Vadodara - 390020, Below Bank Of Baroda",+(91)-9879857533
Reliance Super,"Mangalya Hall, Harni Road, Vadodara - 390006, Near Airport Circle",18001027382
Kapole Store,"26, Suryakiran Complex, Main Road, Old Padra Road, Vadodara - 390015, Near Manisha Crossing",+(91)-265-2312493
Shree Jagdamba Chevda Mart,"Vinoba Bhave Road, Mandvi, Vadodara - 390001, Near Ahmedabadi Pole",+(91)-265-2432613
Super 99,"S19, Second Floor, Inorbit Mall Vadodara, Shubhanpura, Gorwa Road, Gorwa Vadodara, Vadodara - 390003",+(91)-9999786598
Chetan Provision Store,"Nr Four Ways, Vadodara HO, Vadodara - 390001, Air Force Road",+(91)-265-2637511
F M Dabhoiwala,"Gendi Gate Road, Vadodara - 390017, Near Gendi Gate, Opposite Wadi Police Station",+(91)-265-2521355
Payal Traders,"Shop No 6, Rudrax Complex, Narmada Canal Main Road, Chhani, Vadodara - 391740, Near Giriraj Avenue, Chhani Jakat Naka",+(91)-265-2772610
Shiv Shakti Provision Store..,"5, Shiv Shakti Nagar, Akota Road, Akota, Vadodara - 390020, Opposite Police Lane",+(91)-0265-2314772
Reliance Fresh,"Sun Enclave, Karelibaug, Vadodara - 390018",18001027382
H M Dabhoiwala,"Sai Kruti, Hari Nagar Char Rasta, Gotri, Vadodara - 390021",+(91)-9512049932
Pannu Grocery Store,"24, gurunank nagar, old chani road, Nizampura, Vadodara - 390002, near natasha park",+(91)-8487826627
Shri Mart Super Store,"8/9, Ground Floor, Lotus Enora, Laxmipura, Vadodara - 391101, Opposite Rutuvilla Bungalows, Near Benjamins World School, New Alkapuri",+(91)-8734917532
Ravi Wholesale Store,"H328, Ghanshyam Park Society, Ekta Nagar, New Sama, Vadodara - 391740",+(91)-7698058474
Jay Ambe Provision Stores,"A/45,Bajrangnagar,Baroda, Danteshwar, Vadodara - 390004",+(91)-9427837376
Reliance Fresh,"Giri Kendra, Ajwa Road, Vadodara - 390019",+(91)-0265-6457262
Jeevat Agency,"Sadar Bazar, Fatehgunj Main Road, Fatehgunj, Vadodara - 390008, Near HDFC ATM",+(91)-265-2786630
Shree Rajkamal Masala,"Shree Raj Kamal Masala, Chokhandi Main Road, Chowkhandi, Vadodara - 390017, Near Gendi Gate NearChokhandi Char Rasta",+(91)-2663-2415180
Spencers Daily Store,"Manjalpur, Vadodara - 390011",+(91)-0265-2970822
Relief Medical & Provision ..,"16, Sahjanand Apartment, Main Road, Vadodara - 390019, Opposite Vinayak Hospital",+(91)-0265-2566556
New Sonal Plastic,"Vadodara, Patel Park Society, Warasiya, Vadodara - 390006",+(91)-9824141786
Shreeji Provision Store,"B/19, Sarswati Society, Gotri Road, Vadodara - 390021, Near Esi Hospital",+(91)-9624962837
Mahakali Point,"Danteshwar, Vadodara - 390004",+(91)-9727759708
Oza Mahendra Shantilal,"Amar Society, Karadiya, Bajwa, Vadodara - 391310",+(91)-9574525599
Shraddha Gruh Udhyog,"Shop No-2, Galaxy Complex, Near Darbar Chowkdi, Manjalpur, Vadodara - 390011, Opposite HDFC Bank",+(91)-9898068493
Nileshkumar Ramanlal Shah,"Sh 63, Waghodia Road, Vadodara - 390025",+(91)-9825032391
Aakash Provision Store,"Bill, Vadodara - 391410",+(91)-9909677130
Jayant Store,"22, Satya Park, Ellora Park Road, Ellora Park, Vadodara - 390023, Opposite Hanuman Temple",+(91)-265-2397237
Pratik Khakhra & Namkeen,"Radhe Complex, Radhakrishna Society, Akota, Vadodara - 390020",+(91)-7405253644
Bansilal Maganlal Pola,"A-2, C-15, E-39, Hathikhana Market Yard, Hathikhana, Vadodara - 390001",+(91)-265-2421279
Shree Jalaram Traders,"2, Ravi Commercial Shopping Centre, Jain Derasar Road, Manjalpur, Vadodara - 390011",+(91)-0265-2647675
Rana Ratilal Ramanlal,"Fatehpura Main Road, Bramin Faliya Nake, Kalupura, Fatehpura, Mandvi, Vadodara - 390001",+(91)-8128037611
Bansal Super Store,"Shop No - 1&2 Orchid Platina Maryland Party Plot, Sama Road, Vadodara - 390002, Near Sama Savli Road",
Agrawal Super Market,"Shop No-8, Gokul Complex, New Sama, Vadodara - 391740, Near Icici Bank Atm, Near Navrachana School",+(91)-9512768935
Shrinath Stores,"150, Ganga Jamuna Society, Subhanpura Main Road, Subhanpura, Vadodara - 390007, Near Golden Silver Appartment",+(91)-265-2282046
Agrawal Provision Stores,"Shop-1 Shreyas Apartment, Opp Seven7s Mall, Fateganj, Vadodara - 390002, Near Fatehgunj Petrol Pump",+(91)-7048283582
Shree Roopji Store,"3, Makrand Desai Road, Gadapura, Diwalipura, Vadodara - 390007",+(91)-265-2324023
Manorath Departmental,"Sumant Park, Samta Road, Gotri, Vadodara - 390021",+(91)-9898693010
R D Masala & Dryfruits,"G 3, K P Landmark, Vasna Bhayli Road-Bhaili, Vadodara - 391410, Opposite Bright Day School",+(91)-7486011115
Reliance Fresh,"SAI Arpan, Pratapnagar, Vadodara - 390009",+(91)-0265-6459631
Bhaiji Namkeen,"38 , Shiv Darshan Complex, Vasna Road, Vadodara - 390007, Opposite Aditya Building,Below Urav Hospital",+(91)-8141313448
gurukrupa Patanjali Store,"Dwarka Nagri, Jalram Nagar, Madhavpura, Vadodara - 390019",+(91)-9049835501
Kismat Footwear,"Waghodia, Vadodara - 390019",+(91)-9974166801
Gangadhar Provision Store,"1, Ravikunj Flat, Arunoday Society, BMC Gas Suppliers Road, Alkapuri, Vadodara - 390007",+(91)-265-2339836
Yash Medical And Provision ..,"Yash Complex, Behind Emporer Building, Fatehgunj, Vadodara - 390008, Sadar Bazar",+(91)-265-3017742
Gandhi Kunjbihari Tribhovan..,"Padra, Gandhi Chowk, Vadodara - 391440, Opposite Marcha Gali",+(91)-9428507932
ShopEco,"C/O. M/S. Manubhai M. Patel, Tobacco Merchant, Jaspur Road, Padra, Vadodara - 391440",+(91)-8733033022
Family Mart,"Pawandham Society, Ring Road, Vip Road, Vadodara - 390006, Opposite Essar Petrol Pump Hariniwarasia",+(91)-7285067000
American Top Notch,"16, Utkanth Society, Alkapuri, Vadodara - 390007, Behind Alkapuri Club",+(91)-265-2337166
Patanjali Store,"302, Amit Nagar, Kalyan Nagar, Karelibagh, Mental Hospital Road, Vadodara, Vadodara - 390008",+(91)-9537690974
Daswani Patanjali & Departm..,"302, Amit Nagar, Kalyan Nagar, Karelibagh, Mental Hospital Road, Vadodara, Vadodara - 390008",+(91)-9537690974
Jayesh Store,"Subhash Park, Harni Road, Sangam Society, Vadodara - 390022, Sangam Char Rasta",+(91)-265-2487816
Rajubhai Dugdhalay,"Dashrath, Vadodara - 391740",+(91)-9228315446
R K Super Store,"17-18, Ground Floor, Orchid Platina, Sama Savli Road, Sama, Vadodara - 390008, Opposite Ambe Residency, Vemali Village",+(91)-8128733347
Mahalaxmi Provision Store,"C-17, Bhagyoday Shopping Centre, Refinery Road, Gorwa, Vadodara - 390016, Opposite Sahyog Garden",+(91)-265-2290192
Mangal SUPER Market,"Gf- 1-2-3,Solaris,Tower -B, Vasna Bhayli Road, Bhaili, Vadodara - 391410, Nr, Waves Club",+(91)-9925757924
Shree Krishna Super Store,"Shop No 10 & 11, Sundaram Apartment, Gotri Road, Vadodara - 390021, Opposite Ashish Banquet Hall",+(91)-265-2352599
Vijay Provision Store,"Shiv Shakti Nagar, Jayram Nagar, Makarpura, Vadodara - 390014",+(91)-9662793452
South Enterprise,"5, Sulabh Flats, Ellora Park, Vadodara - 390023, Nr. Ellora Milk Centre",+(91)-8128880065
Spencers Express Store,"30, Taksh Complex, Vasna Road, Vadodara - 390007",18002660134
Almadar Chat Center,"6b,Harsh Complex, Old Padra Road, Vadodara - 390020, Below Bank Of Baroda",+(91)-9879857533
Reliance Super,"Mangalya Hall, Harni Road, Vadodara - 390006, Near Airport Circle",18001027382
Kapole Store,"26, Suryakiran Complex, Main Road, Old Padra Road, Vadodara - 390015, Near Manisha Crossing",+(91)-265-2312493
Shree Jagdamba Chevda Mart,"Vinoba Bhave Road, Mandvi, Vadodara - 390001, Near Ahmedabadi Pole",+(91)-265-2432613
Super 99,"S19, Second Floor, Inorbit Mall Vadodara, Shubhanpura, Gorwa Road, Gorwa Vadodara, Vadodara - 390003",+(91)-9999786598
Chetan Provision Store,"Nr Four Ways, Vadodara HO, Vadodara - 390001, Air Force Road",+(91)-265-2637511
F M Dabhoiwala,"Gendi Gate Road, Vadodara - 390017, Near Gendi Gate, Opposite Wadi Police Station",+(91)-265-2521355
Payal Traders,"Shop No 6, Rudrax Complex, Narmada Canal Main Road, Chhani, Vadodara - 391740, Near Giriraj Avenue, Chhani Jakat Naka",+(91)-265-2772610
Shiv Shakti Provision Store..,"5, Shiv Shakti Nagar, Akota Road, Akota, Vadodara - 390020, Opposite Police Lane",+(91)-0265-2314772
Reliance Fresh,"Sun Enclave, Karelibaug, Vadodara - 390018",18001027382
H M Dabhoiwala,"Sai Kruti, Hari Nagar Char Rasta, Gotri, Vadodara - 390021",+(91)-9512049932
Pannu Grocery Store,"24, gurunank nagar, old chani road, Nizampura, Vadodara - 390002, near natasha park",+(91)-8487826627
Shri Mart Super Store,"8/9, Ground Floor, Lotus Enora, Laxmipura, Vadodara - 391101, Opposite Rutuvilla Bungalows, Near Benjamins World School, New Alkapuri",+(91)-8734917532
Ravi Wholesale Store,"H328, Ghanshyam Park Society, Ekta Nagar, New Sama, Vadodara - 391740",+(91)-7698058474
Jay Ambe Provision Stores,"A/45,Bajrangnagar,Baroda, Danteshwar, Vadodara - 390004",+(91)-9427837376
Reliance Fresh,"Giri Kendra, Ajwa Road, Vadodara - 390019",+(91)-0265-6457262
Jeevat Agency,"Sadar Bazar, Fatehgunj Main Road, Fatehgunj, Vadodara - 390008, Near HDFC ATM",+(91)-265-2786630
Shree Rajkamal Masala,"Shree Raj Kamal Masala, Chokhandi Main Road, Chowkhandi, Vadodara - 390017, Near Gendi Gate NearChokhandi Char Rasta",+(91)-2663-2415180
Spencers Daily Store,"Manjalpur, Vadodara - 390011",+(91)-0265-2970822
Relief Medical & Provision ..,"16, Sahjanand Apartment, Main Road, Vadodara - 390019, Opposite Vinayak Hospital",+(91)-0265-2566556
New Sonal Plastic,"Vadodara, Patel Park Society, Warasiya, Vadodara - 390006",+(91)-9824141786
Shreeji Provision Store,"B/19, Sarswati Society, Gotri Road, Vadodara - 390021, Near Esi Hospital",+(91)-9624962837
Mahakali Point,"Danteshwar, Vadodara - 390004",+(91)-9727759708
Oza Mahendra Shantilal,"Amar Society, Karadiya, Bajwa, Vadodara - 391310",+(91)-9574525599
Shraddha Gruh Udhyog,"Shop No-2, Galaxy Complex, Near Darbar Chowkdi, Manjalpur, Vadodara - 390011, Opposite HDFC Bank",+(91)-9898068493
Nileshkumar Ramanlal Shah,"Sh 63, Waghodia Road, Vadodara - 390025",+(91)-9825032391
Aakash Provision Store,"Bill, Vadodara - 391410",+(91)-9909677130
Jayant Store,"22, Satya Park, Ellora Park Road, Ellora Park, Vadodara - 390023, Opposite Hanuman Temple",+(91)-265-2397237
Pratik Khakhra & Namkeen,"Radhe Complex, Radhakrishna Society, Akota, Vadodara - 390020",+(91)-7405253644
Bansilal Maganlal Pola,"A-2, C-15, E-39, Hathikhana Market Yard, Hathikhana, Vadodara - 390001",+(91)-265-2421279
Shree Jalaram Traders,"2, Ravi Commercial Shopping Centre, Jain Derasar Road, Manjalpur, Vadodara - 390011",+(91)-0265-2647675
Rana Ratilal Ramanlal,"Fatehpura Main Road, Bramin Faliya Nake, Kalupura, Fatehpura, Mandvi, Vadodara - 390001",+(91)-8128037611
Bansal Super Store,"Shop No - 1&2 Orchid Platina Maryland Party Plot, Sama Road, Vadodara - 390002, Near Sama Savli Road",
Agrawal Super Market,"Shop No-8, Gokul Complex, New Sama, Vadodara - 391740, Near Icici Bank Atm, Near Navrachana School",+(91)-9512768935
Shrinath Stores,"150, Ganga Jamuna Society, Subhanpura Main Road, Subhanpura, Vadodara - 390007, Near Golden Silver Appartment",+(91)-265-2282046
Agrawal Provision Stores,"Shop-1 Shreyas Apartment, Opp Seven7s Mall, Fateganj, Vadodara - 390002, Near Fatehgunj Petrol Pump",+(91)-7048283582
Shree Roopji Store,"3, Makrand Desai Road, Gadapura, Diwalipura, Vadodara - 390007",+(91)-265-2324023
Manorath Departmental,"Sumant Park, Samta Road, Gotri, Vadodara - 390021",+(91)-9898693010
R D Masala & Dryfruits,"G 3, K P Landmark, Vasna Bhayli Road-Bhaili, Vadodara - 391410, Opposite Bright Day School",+(91)-7486011115
Reliance Fresh,"SAI Arpan, Pratapnagar, Vadodara - 390009",+(91)-0265-6459631
Bhaiji Namkeen,"38 , Shiv Darshan Complex, Vasna Road, Vadodara - 390007, Opposite Aditya Building,Below Urav Hospital",+(91)-8141313448
gurukrupa Patanjali Store,"Dwarka Nagri, Jalram Nagar, Madhavpura, Vadodara - 390019",+(91)-9049835501
Kismat Footwear,"Waghodia, Vadodara - 390019",+(91)-9974166801
Gangadhar Provision Store,"1, Ravikunj Flat, Arunoday Society, BMC Gas Suppliers Road, Alkapuri, Vadodara - 390007",+(91)-265-2339836
Yash Medical And Provision ..,"Yash Complex, Behind Emporer Building, Fatehgunj, Vadodara - 390008, Sadar Bazar",+(91)-265-3017742
Gandhi Kunjbihari Tribhovan..,"Padra, Gandhi Chowk, Vadodara - 391440, Opposite Marcha Gali",+(91)-9428507932
ShopEco,"C/O. M/S. Manubhai M. Patel, Tobacco Merchant, Jaspur Road, Padra, Vadodara - 391440",+(91)-8733033022
Family Mart,"Pawandham Society, Ring Road, Vip Road, Vadodara - 390006, Opposite Essar Petrol Pump Hariniwarasia",+(91)-7285067000
American Top Notch,"16, Utkanth Society, Alkapuri, Vadodara - 390007, Behind Alkapuri Club",+(91)-265-2337166
Patanjali Store,"302, Amit Nagar, Kalyan Nagar, Karelibagh, Mental Hospital Road, Vadodara, Vadodara - 390008",+(91)-9537690974
Daswani Patanjali & Departm..,"302, Amit Nagar, Kalyan Nagar, Karelibagh, Mental Hospital Road, Vadodara, Vadodara - 390008",+(91)-9537690974
Jayesh Store,"Subhash Park, Harni Road, Sangam Society, Vadodara - 390022, Sangam Char Rasta",+(91)-265-2487816
Rajubhai Dugdhalay,"Dashrath, Vadodara - 391740",+(91)-9228315446
R K Super Store,"17-18, Ground Floor, Orchid Platina, Sama Savli Road, Sama, Vadodara - 390008, Opposite Ambe Residency, Vemali Village",+(91)-8128733347
Super 99,"S19, Second Floor, Inorbit Mall Vadodara, Shubhanpura, Gorwa Road, Gorwa Vadodara, Vadodara - 390003",+(91)-9999786598
Chetan Provision Store,"Nr Four Ways, Vadodara HO, Vadodara - 390001, Air Force Road",+(91)-265-2637511
F M Dabhoiwala,"Gendi Gate Road, Vadodara - 390017, Near Gendi Gate, Opposite Wadi Police Station",+(91)-265-2521355
Payal Traders,"Shop No 6, Rudrax Complex, Narmada Canal Main Road, Chhani, Vadodara - 391740, Near Giriraj Avenue, Chhani Jakat Naka",+(91)-265-2772610
Shiv Shakti Provision Store..,"5, Shiv Shakti Nagar, Akota Road, Akota, Vadodara - 390020, Opposite Police Lane",+(91)-0265-2314772
Reliance Fresh,"Sun Enclave, Karelibaug, Vadodara - 390018",18001027382
H M Dabhoiwala,"Sai Kruti, Hari Nagar Char Rasta, Gotri, Vadodara - 390021",+(91)-9512049932
Pannu Grocery Store,"24, gurunank nagar, old chani road, Nizampura, Vadodara - 390002, near natasha park",+(91)-8487826627
Shri Mart Super Store,"8/9, Ground Floor, Lotus Enora, Laxmipura, Vadodara - 391101, Opposite Rutuvilla Bungalows, Near Benjamins World School, New Alkapuri",+(91)-8734917532
Ravi Wholesale Store,"H328, Ghanshyam Park Society, Ekta Nagar, New Sama, Vadodara - 391740",+(91)-7698058474
Jay Ambe Provision Stores,"A/45,Bajrangnagar,Baroda, Danteshwar, Vadodara - 390004",+(91)-9427837376
Reliance Fresh,"Giri Kendra, Ajwa Road, Vadodara - 390019",+(91)-0265-6457262
Jeevat Agency,"Sadar Bazar, Fatehgunj Main Road, Fatehgunj, Vadodara - 390008, Near HDFC ATM",+(91)-265-2786630
Shree Rajkamal Masala,"Shree Raj Kamal Masala, Chokhandi Main Road, Chowkhandi, Vadodara - 390017, Near Gendi Gate NearChokhandi Char Rasta",+(91)-2663-2415180
Spencers Daily Store,"Manjalpur, Vadodara - 390011",+(91)-0265-2970822
Relief Medical & Provision ..,"16, Sahjanand Apartment, Main Road, Vadodara - 390019, Opposite Vinayak Hospital",+(91)-0265-2566556
New Sonal Plastic,"Vadodara, Patel Park Society, Warasiya, Vadodara - 390006",+(91)-9824141786
Shreeji Provision Store,"B/19, Sarswati Society, Gotri Road, Vadodara - 390021, Near Esi Hospital",+(91)-9624962837
Mahakali Point,"Danteshwar, Vadodara - 390004",+(91)-9727759708
Oza Mahendra Shantilal,"Amar Society, Karadiya, Bajwa, Vadodara - 391310",+(91)-9574525599
Shraddha Gruh Udhyog,"Shop No-2, Galaxy Complex, Near Darbar Chowkdi, Manjalpur, Vadodara - 390011, Opposite HDFC Bank",+(91)-9898068493
Nileshkumar Ramanlal Shah,"Sh 63, Waghodia Road, Vadodara - 390025",+(91)-9825032391
Aakash Provision Store,"Bill, Vadodara - 391410",+(91)-9909677130
Jayant Store,"22, Satya Park, Ellora Park Road, Ellora Park, Vadodara - 390023, Opposite Hanuman Temple",+(91)-265-2397237
Pratik Khakhra & Namkeen,"Radhe Complex, Radhakrishna Society, Akota, Vadodara - 390020",+(91)-7405253644
Bansilal Maganlal Pola,"A-2, C-15, E-39, Hathikhana Market Yard, Hathikhana, Vadodara - 390001",+(91)-265-2421279
Shree Jalaram Traders,"2, Ravi Commercial Shopping Centre, Jain Derasar Road, Manjalpur, Vadodara - 390011",+(91)-0265-2647675
Rana Ratilal Ramanlal,"Fatehpura Main Road, Bramin Faliya Nake, Kalupura, Fatehpura, Mandvi, Vadodara - 390001",+(91)-8128037611
Bansal Super Store,"Shop No - 1&2 Orchid Platina Maryland Party Plot, Sama Road, Vadodara - 390002, Near Sama Savli Road",
Agrawal Super Market,"Shop No-8, Gokul Complex, New Sama, Vadodara - 391740, Near Icici Bank Atm, Near Navrachana School",+(91)-9512768935
Shrinath Stores,"150, Ganga Jamuna Society, Subhanpura Main Road, Subhanpura, Vadodara - 390007, Near Golden Silver Appartment",+(91)-265-2282046
Agrawal Provision Stores,"Shop-1 Shreyas Apartment, Opp Seven7s Mall, Fateganj, Vadodara - 390002, Near Fatehgunj Petrol Pump",+(91)-7048283582
Shree Roopji Store,"3, Makrand Desai Road, Gadapura, Diwalipura, Vadodara - 390007",+(91)-265-2324023
Manorath Departmental,"Sumant Park, Samta Road, Gotri, Vadodara - 390021",+(91)-9898693010
R D Masala & Dryfruits,"G 3, K P Landmark, Vasna Bhayli Road-Bhaili, Vadodara - 391410, Opposite Bright Day School",+(91)-7486011115
Reliance Fresh,"SAI Arpan, Pratapnagar, Vadodara - 390009",+(91)-0265-6459631
Bhaiji Namkeen,"38 , Shiv Darshan Complex, Vasna Road, Vadodara - 390007, Opposite Aditya Building,Below Urav Hospital",+(91)-8141313448
gurukrupa Patanjali Store,"Dwarka Nagri, Jalram Nagar, Madhavpura, Vadodara - 390019",+(91)-9049835501
Kismat Footwear,"Waghodia, Vadodara - 390019",+(91)-9974166801
Gangadhar Provision Store,"1, Ravikunj Flat, Arunoday Society, BMC Gas Suppliers Road, Alkapuri, Vadodara - 390007",+(91)-265-2339836
Yash Medical And Provision ..,"Yash Complex, Behind Emporer Building, Fatehgunj, Vadodara - 390008, Sadar Bazar",+(91)-265-3017742
Gandhi Kunjbihari Tribhovan..,"Padra, Gandhi Chowk, Vadodara - 391440, Opposite Marcha Gali",+(91)-9428507932
ShopEco,"C/O. M/S. Manubhai M. Patel, Tobacco Merchant, Jaspur Road, Padra, Vadodara - 391440",+(91)-8733033022
Family Mart,"Pawandham Society, Ring Road, Vip Road, Vadodara - 390006, Opposite Essar Petrol Pump Hariniwarasia",+(91)-7285067000
American Top Notch,"16, Utkanth Society, Alkapuri, Vadodara - 390007, Behind Alkapuri Club",+(91)-265-2337166
Patanjali Store,"302, Amit Nagar, Kalyan Nagar, Karelibagh, Mental Hospital Road, Vadodara, Vadodara - 390008",+(91)-9537690974
Daswani Patanjali & Departm..,"302, Amit Nagar, Kalyan Nagar, Karelibagh, Mental Hospital Road, Vadodara, Vadodara - 390008",+(91)-9537690974
Jayesh Store,"Subhash Park, Harni Road, Sangam Society, Vadodara - 390022, Sangam Char Rasta",+(91)-265-2487816
Rajubhai Dugdhalay,"Dashrath, Vadodara - 391740",+(91)-9228315446
R K Super Store,"17-18, Ground Floor, Orchid Platina, Sama Savli Road, Sama, Vadodara - 390008, Opposite Ambe Residency, Vemali Village",+(91)-8128733347
Jay Ambe Provision Stores,"A/45,Bajrangnagar,Baroda, Danteshwar, Vadodara - 390004",+(91)-9427837376
Reliance Fresh,"Giri Kendra, Ajwa Road, Vadodara - 390019",+(91)-0265-6457262
Jeevat Agency,"Sadar Bazar, Fatehgunj Main Road, Fatehgunj, Vadodara - 390008, Near HDFC ATM",+(91)-265-2786630
Shree Rajkamal Masala,"Shree Raj Kamal Masala, Chokhandi Main Road, Chowkhandi, Vadodara - 390017, Near Gendi Gate NearChokhandi Char Rasta",+(91)-2663-2415180
Spencers Daily Store,"Manjalpur, Vadodara - 390011",+(91)-0265-2970822
Relief Medical & Provision ..,"16, Sahjanand Apartment, Main Road, Vadodara - 390019, Opposite Vinayak Hospital",+(91)-0265-2566556
New Sonal Plastic,"Vadodara, Patel Park Society, Warasiya, Vadodara - 390006",+(91)-9824141786
Shreeji Provision Store,"B/19, Sarswati Society, Gotri Road, Vadodara - 390021, Near Esi Hospital",+(91)-9624962837
Mahakali Point,"Danteshwar, Vadodara - 390004",+(91)-9727759708
Oza Mahendra Shantilal,"Amar Society, Karadiya, Bajwa, Vadodara - 391310",+(91)-9574525599
Shraddha Gruh Udhyog,"Shop No-2, Galaxy Complex, Near Darbar Chowkdi, Manjalpur, Vadodara - 390011, Opposite HDFC Bank",+(91)-9898068493
Nileshkumar Ramanlal Shah,"Sh 63, Waghodia Road, Vadodara - 390025",+(91)-9825032391
Aakash Provision Store,"Bill, Vadodara - 391410",+(91)-9909677130
Jayant Store,"22, Satya Park, Ellora Park Road, Ellora Park, Vadodara - 390023, Opposite Hanuman Temple",+(91)-265-2397237
Pratik Khakhra & Namkeen,"Radhe Complex, Radhakrishna Society, Akota, Vadodara - 390020",+(91)-7405253644
Bansilal Maganlal Pola,"A-2, C-15, E-39, Hathikhana Market Yard, Hathikhana, Vadodara - 390001",+(91)-265-2421279
Shree Jalaram Traders,"2, Ravi Commercial Shopping Centre, Jain Derasar Road, Manjalpur, Vadodara - 390011",+(91)-0265-2647675
Rana Ratilal Ramanlal,"Fatehpura Main Road, Bramin Faliya Nake, Kalupura, Fatehpura, Mandvi, Vadodara - 390001",+(91)-8128037611
Bansal Super Store,"Shop No - 1&2 Orchid Platina Maryland Party Plot, Sama Road, Vadodara - 390002, Near Sama Savli Road",
Agrawal Super Market,"Shop No-8, Gokul Complex, New Sama, Vadodara - 391740, Near Icici Bank Atm, Near Navrachana School",+(91)-9512768935
Shrinath Stores,"150, Ganga Jamuna Society, Subhanpura Main Road, Subhanpura, Vadodara - 390007, Near Golden Silver Appartment",+(91)-265-2282046
Agrawal Provision Stores,"Shop-1 Shreyas Apartment, Opp Seven7s Mall, Fateganj, Vadodara - 390002, Near Fatehgunj Petrol Pump",+(91)-7048283582
Shree Roopji Store,"3, Makrand Desai Road, Gadapura, Diwalipura, Vadodara - 390007",+(91)-265-2324023
Manorath Departmental,"Sumant Park, Samta Road, Gotri, Vadodara - 390021",+(91)-9898693010
R D Masala & Dryfruits,"G 3, K P Landmark, Vasna Bhayli Road-Bhaili, Vadodara - 391410, Opposite Bright Day School",+(91)-7486011115
Reliance Fresh,"SAI Arpan, Pratapnagar, Vadodara - 390009",+(91)-0265-6459631
Bhaiji Namkeen,"38 , Shiv Darshan Complex, Vasna Road, Vadodara - 390007, Opposite Aditya Building,Below Urav Hospital",+(91)-8141313448
gurukrupa Patanjali Store,"Dwarka Nagri, Jalram Nagar, Madhavpura, Vadodara - 390019",+(91)-9049835501
Kismat Footwear,"Waghodia, Vadodara - 390019",+(91)-9974166801
Gangadhar Provision Store,"1, Ravikunj Flat, Arunoday Society, BMC Gas Suppliers Road, Alkapuri, Vadodara - 390007",+(91)-265-2339836
Yash Medical And Provision ..,"Yash Complex, Behind Emporer Building, Fatehgunj, Vadodara - 390008, Sadar Bazar",+(91)-265-3017742
Gandhi Kunjbihari Tribhovan..,"Padra, Gandhi Chowk, Vadodara - 391440, Opposite Marcha Gali",+(91)-9428507932
ShopEco,"C/O. M/S. Manubhai M. Patel, Tobacco Merchant, Jaspur Road, Padra, Vadodara - 391440",+(91)-8733033022
Family Mart,"Pawandham Society, Ring Road, Vip Road, Vadodara - 390006, Opposite Essar Petrol Pump Hariniwarasia",+(91)-7285067000
American Top Notch,"16, Utkanth Society, Alkapuri, Vadodara - 390007, Behind Alkapuri Club",+(91)-265-2337166
Patanjali Store,"302, Amit Nagar, Kalyan Nagar, Karelibagh, Mental Hospital Road, Vadodara, Vadodara - 390008",+(91)-9537690974
Daswani Patanjali & Departm..,"302, Amit Nagar, Kalyan Nagar, Karelibagh, Mental Hospital Road, Vadodara, Vadodara - 390008",+(91)-9537690974
Jayesh Store,"Subhash Park, Harni Road, Sangam Society, Vadodara - 390022, Sangam Char Rasta",+(91)-265-2487816
Rajubhai Dugdhalay,"Dashrath, Vadodara - 391740",+(91)-9228315446
R K Super Store,"17-18, Ground Floor, Orchid Platina, Sama Savli Road, Sama, Vadodara - 390008, Opposite Ambe Residency, Vemali Village",+(91)-8128733347
Shraddha Gruh Udhyog,"Shop No-2, Galaxy Complex, Near Darbar Chowkdi, Manjalpur, Vadodara - 390011, Opposite HDFC Bank",+(91)-9898068493
Nileshkumar Ramanlal Shah,"Sh 63, Waghodia Road, Vadodara - 390025",+(91)-9825032391
Aakash Provision Store,"Bill, Vadodara - 391410",+(91)-9909677130
Jayant Store,"22, Satya Park, Ellora Park Road, Ellora Park, Vadodara - 390023, Opposite Hanuman Temple",+(91)-265-2397237
Pratik Khakhra & Namkeen,"Radhe Complex, Radhakrishna Society, Akota, Vadodara - 390020",+(91)-7405253644
Bansilal Maganlal Pola,"A-2, C-15, E-39, Hathikhana Market Yard, Hathikhana, Vadodara - 390001",+(91)-265-2421279
Shree Jalaram Traders,"2, Ravi Commercial Shopping Centre, Jain Derasar Road, Manjalpur, Vadodara - 390011",+(91)-0265-2647675
Rana Ratilal Ramanlal,"Fatehpura Main Road, Bramin Faliya Nake, Kalupura, Fatehpura, Mandvi, Vadodara - 390001",+(91)-8128037611
Bansal Super Store,"Shop No - 1&2 Orchid Platina Maryland Party Plot, Sama Road, Vadodara - 390002, Near Sama Savli Road",
Agrawal Super Market,"Shop No-8, Gokul Complex, New Sama, Vadodara - 391740, Near Icici Bank Atm, Near Navrachana School",+(91)-9512768935
Shrinath Stores,"150, Ganga Jamuna Society, Subhanpura Main Road, Subhanpura, Vadodara - 390007, Near Golden Silver Appartment",+(91)-265-2282046
Agrawal Provision Stores,"Shop-1 Shreyas Apartment, Opp Seven7s Mall, Fateganj, Vadodara - 390002, Near Fatehgunj Petrol Pump",+(91)-7048283582
Shree Roopji Store,"3, Makrand Desai Road, Gadapura, Diwalipura, Vadodara - 390007",+(91)-265-2324023
Manorath Departmental,"Sumant Park, Samta Road, Gotri, Vadodara - 390021",+(91)-9898693010
R D Masala & Dryfruits,"G 3, K P Landmark, Vasna Bhayli Road-Bhaili, Vadodara - 391410, Opposite Bright Day School",+(91)-7486011115
Reliance Fresh,"SAI Arpan, Pratapnagar, Vadodara - 390009",+(91)-0265-6459631
Bhaiji Namkeen,"38 , Shiv Darshan Complex, Vasna Road, Vadodara - 390007, Opposite Aditya Building,Below Urav Hospital",+(91)-8141313448
gurukrupa Patanjali Store,"Dwarka Nagri, Jalram Nagar, Madhavpura, Vadodara - 390019",+(91)-9049835501
Kismat Footwear,"Waghodia, Vadodara - 390019",+(91)-9974166801
Gangadhar Provision Store,"1, Ravikunj Flat, Arunoday Society, BMC Gas Suppliers Road, Alkapuri, Vadodara - 390007",+(91)-265-2339836
Yash Medical And Provision ..,"Yash Complex, Behind Emporer Building, Fatehgunj, Vadodara - 390008, Sadar Bazar",+(91)-265-3017742
Gandhi Kunjbihari Tribhovan..,"Padra, Gandhi Chowk, Vadodara - 391440, Opposite Marcha Gali",+(91)-9428507932
ShopEco,"C/O. M/S. Manubhai M. Patel, Tobacco Merchant, Jaspur Road, Padra, Vadodara - 391440",+(91)-8733033022
Family Mart,"Pawandham Society, Ring Road, Vip Road, Vadodara - 390006, Opposite Essar Petrol Pump Hariniwarasia",+(91)-7285067000
American Top Notch,"16, Utkanth Society, Alkapuri, Vadodara - 390007, Behind Alkapuri Club",+(91)-265-2337166
Patanjali Store,"302, Amit Nagar, Kalyan Nagar, Karelibagh, Mental Hospital Road, Vadodara, Vadodara - 390008",+(91)-9537690974
Daswani Patanjali & Departm..,"302, Amit Nagar, Kalyan Nagar, Karelibagh, Mental Hospital Road, Vadodara, Vadodara - 390008",+(91)-9537690974
Jayesh Store,"Subhash Park, Harni Road, Sangam Society, Vadodara - 390022, Sangam Char Rasta",+(91)-265-2487816
Rajubhai Dugdhalay,"Dashrath, Vadodara - 391740",+(91)-9228315446
R K Super Store,"17-18, Ground Floor, Orchid Platina, Sama Savli Road, Sama, Vadodara - 390008, Opposite Ambe Residency, Vemali Village",+(91)-8128733347
Shrinath Stores,"150, Ganga Jamuna Society, Subhanpura Main Road, Subhanpura, Vadodara - 390007, Near Golden Silver Appartment",+(91)-265-2282046
Agrawal Provision Stores,"Shop-1 Shreyas Apartment, Opp Seven7s Mall, Fateganj, Vadodara - 390002, Near Fatehgunj Petrol Pump",+(91)-7048283582
Shree Roopji Store,"3, Makrand Desai Road, Gadapura, Diwalipura, Vadodara - 390007",+(91)-265-2324023
Manorath Departmental,"Sumant Park, Samta Road, Gotri, Vadodara - 390021",+(91)-9898693010
R D Masala & Dryfruits,"G 3, K P Landmark, Vasna Bhayli Road-Bhaili, Vadodara - 391410, Opposite Bright Day School",+(91)-7486011115
Reliance Fresh,"SAI Arpan, Pratapnagar, Vadodara - 390009",+(91)-0265-6459631
Bhaiji Namkeen,"38 , Shiv Darshan Complex, Vasna Road, Vadodara - 390007, Opposite Aditya Building,Below Urav Hospital",+(91)-8141313448
gurukrupa Patanjali Store,"Dwarka Nagri, Jalram Nagar, Madhavpura, Vadodara - 390019",+(91)-9049835501
Kismat Footwear,"Waghodia, Vadodara - 390019",+(91)-9974166801
Gangadhar Provision Store,"1, Ravikunj Flat, Arunoday Society, BMC Gas Suppliers Road, Alkapuri, Vadodara - 390007",+(91)-265-2339836
Yash Medical And Provision ..,"Yash Complex, Behind Emporer Building, Fatehgunj, Vadodara - 390008, Sadar Bazar",+(91)-265-3017742
Gandhi Kunjbihari Tribhovan..,"Padra, Gandhi Chowk, Vadodara - 391440, Opposite Marcha Gali",+(91)-9428507932
ShopEco,"C/O. M/S. Manubhai M. Patel, Tobacco Merchant, Jaspur Road, Padra, Vadodara - 391440",+(91)-8733033022
Family Mart,"Pawandham Society, Ring Road, Vip Road, Vadodara - 390006, Opposite Essar Petrol Pump Hariniwarasia",+(91)-7285067000
American Top Notch,"16, Utkanth Society, Alkapuri, Vadodara - 390007, Behind Alkapuri Club",+(91)-265-2337166
Patanjali Store,"302, Amit Nagar, Kalyan Nagar, Karelibagh, Mental Hospital Road, Vadodara, Vadodara - 390008",+(91)-9537690974
Daswani Patanjali & Departm..,"302, Amit Nagar, Kalyan Nagar, Karelibagh, Mental Hospital Road, Vadodara, Vadodara - 390008",+(91)-9537690974
Jayesh Store,"Subhash Park, Harni Road, Sangam Society, Vadodara - 390022, Sangam Char Rasta",+(91)-265-2487816
Rajubhai Dugdhalay,"Dashrath, Vadodara - 391740",+(91)-9228315446
R K Super Store,"17-18, Ground Floor, Orchid Platina, Sama Savli Road, Sama, Vadodara - 390008, Opposite Ambe Residency, Vemali Village",+(91)-8128733347
Yash Medical And Provision ..,"Yash Complex, Behind Emporer Building, Fatehgunj, Vadodara - 390008, Sadar Bazar",+(91)-265-3017742
Gandhi Kunjbihari Tribhovan..,"Padra, Gandhi Chowk, Vadodara - 391440, Opposite Marcha Gali",+(91)-9428507932
ShopEco,"C/O. M/S. Manubhai M. Patel, Tobacco Merchant, Jaspur Road, Padra, Vadodara - 391440",+(91)-8733033022
Family Mart,"Pawandham Society, Ring Road, Vip Road, Vadodara - 390006, Opposite Essar Petrol Pump Hariniwarasia",+(91)-7285067000
American Top Notch,"16, Utkanth Society, Alkapuri, Vadodara - 390007, Behind Alkapuri Club",+(91)-265-2337166
Patanjali Store,"302, Amit Nagar, Kalyan Nagar, Karelibagh, Mental Hospital Road, Vadodara, Vadodara - 390008",+(91)-9537690974
Daswani Patanjali & Departm..,"302, Amit Nagar, Kalyan Nagar, Karelibagh, Mental Hospital Road, Vadodara, Vadodara - 390008",+(91)-9537690974
Jayesh Store,"Subhash Park, Harni Road, Sangam Society, Vadodara - 390022, Sangam Char Rasta",+(91)-265-2487816
Rajubhai Dugdhalay,"Dashrath, Vadodara - 391740",+(91)-9228315446
R K Super Store,"17-18, Ground Floor, Orchid Platina, Sama Savli Road, Sama, Vadodara - 390008, Opposite Ambe Residency, Vemali Village",+(91)-8128733347
Suvidha Grain Provision Sto..,"Shop No-4, Sandeep Apartment, RC Dutt Road, Alkapuri, Vadodara - 390007, Beside Joyalukkas",+(91)-265-2339314
Mahalakshmi Provision Store,"254-Ramdev Nagar 2, Gotri Road, Gotri Road, Vadodara - 390021, Near Gujarati School",+(91)-265-2372116
Shree Raam Farshan & Namkee..,"Shop No.26, , Satyam Complex, Ramakaka Road, Chhani, Vadodara - 391740",+(91)-9979954568
Bachat Bazar RMCL,"Shop No 106 Natrajnagar, Waghodiya Rods, Waghodia, Vadodara - 390019, Near Kaladarshan Char Rasta",+(91)-9574611706
Reliance Fresh,"Harsh Complex, Ghee Kanta Road & Tower Cross Road, Raopura, Vadodara - 390001",+(91)-0265-6459650
Green Mart Super Market,"Nikunj Avenue, Vip Road , Suvash Colony, Fatehgunj, Vadodara - 390008, Opposite Central Bank,Near Convent School",+(91)-7569569522
Laxmi Stores,"Shop No 6 Antariksh Complex, Main Road, Gotri Road, Vadodara - 390021, Opp Yash Complex",+(91)-7228830404
Jamalbhai Valibhai,"Station Road, Bodeli, Vadodara - 391135",+(91)-9924448008
Food Bazaar,"7, Seas Mall, Fateganj, Vadodara - 390002",18002002255
Om Shree Sai Super Store,"Shop No 9, Kanha Heights 2, Dabhoi Main Road, Dabhoi Road, Vadodara - 390004, Soma Talav",+(91)-8155812573
Deepak Super Store,"10, Darshanam Arise, Gotri Sevasi Road, Gotri Road, Vadodara - 390021",+(91)-9898806404
Deepak Grain Shop,"Shard Estate, M G Road, Bajwa, Vadodara - 391310, Near Bajaj Show Room",+(91)-265-2230286
Gokul Store,"D/18, , Marutidham Complex, Road, Rangavdhutpura, Diwalipura, Vadodara - 390007, Near Avichal Udhyan",+(91)-9374929268
Panjetan Motton & Chicken S..,"Tower Road, Mochi Bazar, Padra, Vadodara - 391440",+(91)-9998313515
Shree Ranchodray Masala Mil..,"Vasna Road, Vadodara - 390007, Yogeshwarkrupa Society, Opposite HP Petrol Pump, D Mart",+(91)-265-2254924
Gurukrupa Provision Store,"3, Ground Floor, Madhav Nagar, Atladara, Vadodara - 390012, Near Atladara Water Tank",+(91)-9825674844
Rajasthan Stores,"Nikunj Apartment, Sidhnath Road, Vadodara - 390001, Near Tanaji Painter, Near Little Flower School, Opposite Patel Party Plot, Khanderao Market",+(91)-265-2420127
Sahkar Tredars,"Dabhoi Road, Bodeli, Vadodara - 391135",+(91)-8153040413
Mahalaxmi Super Store,"Shop No 16,17, Manorath Shopping Center, Induchha Lane Tp-13, Chhani, Vadodara - 391740, Chani Jakat Naka",+(91)-265-2762125
Om Provision Store,"Near Ambika School Main Road, Karelibaug, Vadodara - 390018, Opposite Ashutosh Society",+(91)-265-2491105
Shree Bajrang Store,"G/6/7, Pawan Dham Shopping Centre, Samta Road, Subhanpura, Vadodara - 390023, Near Samta Police Choki",+(91)-0265-2386695
L B Traders,"Gidc Manjalpur Road, Manjalpur, Vadodara - 390011, Near Alwa Naka Bus Stand, Opposite Asopalav Complex",+(91)-9574216262
Paras Pan & General Store,"37 Windsor Plazza, R C Dutt Road, Vadodara HO, Vadodara - 390001",+(91)-9825132151
Rajlaxmi Store,"Shop no a/5, Arunachal Complex, Main road, Subhanpura, Vadodara - 390007, Near Gorwa",+(91)-9429824680
Dev Bhoomi Agri Product,"Madhur House, Koyali Undrea Road, Koyali, Vadodara - 391330, Opposite Ramdev Park Society",+(91)-8980555500
Goverdhan Provision Store,"Koyali, Vadodara - 391330",+(91)-9428763281
Shivam Farsan,"A, D30, Sardar Estate, Sayaji Park Society, Ajwa Road, Vadodara - 390019",+(91)-9727577916
Jyoti Store,"11 , Ground Floor, Taksh Complex, Vasna Main Road, Vasna Road, Vadodara - 390007, Near Indian Oil Petrol Pump",+(91)-265-6538093
Shree Umiya Masala,"Gf10, Lotus Enora, 24 Mtr Main Road, Gotri Road, Vadodara - 390021, Opposite Rutu Villa Bungalows,Near Old Gotri Jakat Naka",+(91)-9978906862
All Festival Diamond Shop,"11, Makarpura Road Vivekananad Society, Sabalpur, Makarpura Road, Vivekananad Society, Sabalpur, Lalbaug, Manjalpur, Vadodara - 390011",+(91)-9924765987
Bajrang Farshan Mart,"Lahore Faliya, Panchayat Samithi Road, Chhani, Vadodara - 391740",+(91)-9979539728
Pannalal Chhotalal Lankawal..,"Lanka Vihar, Prof.makerao Road, Khanderao Market, Vadodara - 390001, Opposite Vijay Photo Studio",+(91)-265-2429440
Reliance Fresh,"Sai Avenue, Karelibaug, Vadodara - 390018",18001027382
Angali Kirana Store,"11, Bhakti Complex, Atladara, Vadodara - 390012, Near Bob Bank Sanfarma Road",+(91)-9157262667
Shree Kalaji Provider Store,"Vemali, Vadodara - 391740",+(91)-9784396040
Manish Trading Co,"53, Sarder Patel Market Yard, Hathikhana Main Road, Fatepura, Vadodara - 390006",+(91)-265-2422046
Navdurga Provision,"Udalpur Road, Savli, Vadodara - 391770",+(91)-9773443581
Kalpataru Super Market,"Ellora Park, Vadodara - 390023",+(91)-0265-2397915
Modi Medical & General Stor..,"Fatepura, Vadodara - 390006, Nr. Chabutara",+(91)-265-2420168
Megamart,"B20,Nipa Tenament Part 4, Karodiya Road, Gorwa, Vadodara - 390016, Opposite Panchmahal Bank",+(91)-9726470589
Shri Sai Dairy,"Dream Home, Aradhana Society, Bill Road, Atladara, Vadodara - 390012",+(91)-8160295004
Ambica Grain & Provision St..,"Soni Faliya, Jayram Nagar, Makarpura, Vadodara - 390014",+(91)-9033399205
Purvi Traders,"I- 3, Hathikhana Market Yard, Hathikhana Main Road,, Fatepura, Vadodara - 390006, Opposite Tribhuvandas Chillaram",+(91)-265-2459232
Purohit Super Store,"Shop No 8/9 Shiv Krupa Residency, Harni, Harni, Vadodara - 390022, Near Krishna Leela",+(91)-9726424220
Shree Jalaram Provision ,"Bus Station Road, Kadak Bazar, Vadodara - 390001, Near Natraj Talkies",+(91)-265-2780465
Gayatri Stores,"6, Akota, Vadodara - 390020, Near Shree Ram Chambers, Main Bazar",+(91)-265-2358371
Gayatri Stores,"Shop no 6 Shriram Chamber, Radharam Society, Munjmohda, Vadodara - 390020, Near, Shivaji Chowk",+(91)-7698734717
Rajubhai Dhoopwala (Jinendr..,"Fakhri Mohalla, Rajguru Mahadev Marg, Navapura, Vadodara - 390001",+(91)-265-2417957
Janki FMCG,"2b, Punit Nagar, Sama New, Sama, Vadodara - 390008",+(91)-9998107589
Siddhanath Plaza,"Gotri Sevasi, 30 Mtr, Canal Road, Gotri Sevasi, Vadodara - 391101",+(91)-9925840025
Ashok Shopping Centre,"Shop No 23, Madhusagar Complex, Road, Vadsar, Vadodara - 390010, Opposite Vallabh Residency",+(91)-9521072939
Dev Narayan Super Storeeee,"GF 9Shreenath Villa Near Rudraks Bliss Wagodiya Road Vadodara Gujaratt Naka, Kendranagar, Indrapuri Road, Waghodia Road, Vadodara - 390025",+(91)-9998762258
Amar Grocery Store,"Dhaniyavi, Road, Tarsali, Vadodara - 390009, Near Tarsali Chokdi",+(91)-9725112685
Ganesh Store,"Tower Road, Shashtri Pol, Padra, Vadodara - 391440",+(91)-9879020580
Jayesh Provision Store,"Shyabagh Char Rasta Main Road, Khanderao Market, Vadodara - 390001, Shiyabaug Main Road",+(91)-265-2434028
Spyran Masala Retail Shop,"34, Govind Avenue, Dabhoi Vega Road, Dabhoi, Vadodara - 391110, Sarita Nagar Society",+(91)-2663-258600
Gajanan Stores,"Ground Flour ,Near Kruti Appartment, Fatehgunj Main Road, Fatehgunj, Vadodara - 390008, Opp. Sadar Bazar",+(91)-0265-2791968
Cook Yolo,"6, 7, 8, Regency Plaza Monali Society, Oppmonalisa, Manjalpur, Vadodara - 390011",+(91)-9909935555
Agrawal General Store,"C/9, Amrut Nagar, Makarpura Industrial Estate, Vadodara - 390010, Near New Era School",+(91)-265-2637364
Ratlam K Namkeen,"Bansidhar Hide, Vip Road, Vadodara - 390022",+(91)-9662605469
Gayatri Grain Shop,"Diwalipura Main Road, Diwalipura, Vadodara - 390007, Near Bhathaji Temple, Vidhyut Nagar Colony",+(91)-9727594498
Agarwal Super Store,"14, Shlok Residency, Pariwar Cross Roads, Vaghodia Road Vadodara, Vadodara - 390019, Next to Savita Hospital,",+(91)-9998161333
Mahavir Provision Store,"Shop G 17/18, Sharnam Happy Homes, New Karelibaug, Sayaji Township Road, Sayajipura, Vadodara - 390019, Near Vmss Water Tank",+(91)-9898766733
Aaijee Super Market,"B/Gf/3031, Ananta Samruddhi, Ajwa Road, Vadodara - 390019, Near Goshala",+(91)-9724699946
Hariom Traders,"1, MBC Residence Complex, Navayard Main Road, Vadodara - 390002, Opposite St Joseph School",+(91)-265-6958777
Jagdish Kirana Store,"A/21, Hare Krishna Apartment, Arunachal Road, Vadodara HO, Vadodara - 390001, Subhanpura",+(91)-9979369900
Shop Grocery Outlets,"201 S/F Vraj Appartment, Manajalpur, Vadodara - 390001",+(91)-9879145348
Jay Ambe Provision Store,"30- Shreeji Samruddhi, Near Canal Road, Sewasi, Vadodara - 391101, Near Zydex Company",+(91)-9924949346
Shreenathji Sales,"Waghodia, Vadodara - 390019",+(91)-9825039191
Krishna Super Store,"Vemali, Vadodara - 391740",+(91)-9879766783
Kirtiraj Papad,"Shop No. 24 Dhanlaxmi Complex, Manjalpur, Vadodara - 390011, Near Sarshwati Complex",+(91)-9925155979
Lalbaug Grain Shop,"Main Road, Manjalpur, Vadodara - 390011, Near Mahatma Gandhi Vidhyalaya",+(91)-265-2642991
Gangadhar Store,"Ravikunj Complex, Alkapuri, Vadodara - 390007",+(91)-9376225711
Super Corner,"Shop No 1, Sayaji Ganj, Vadodara - 390020, Near Station, Kadak Bazar",+(91)-265-2362029
Apna Provision Store,"268/1, Kadamnagar, Nizampura, Vadodara - 390002, Near Mehsana Nagar Road",+(91)-265-2776673
Manorath-The Namkeen Hub,"23timber Market, Harni Road, Vadodara - 390006, Opposite Motnath Lake",+(91)-9898180822
Gurukrupa General Stores,"Nr Sursang Complex, Bajwa, Vadodara - 391310, Karodiya Road",+(91)-9898374569
B Mart,"Gf8,Tulsi Aangan, Ajwawaghodia Ring Road, Waghodia, Vadodara - 390019, Opposite Ose L&t Knowledge City, Behind Dabhoi Dadhalad Bhavan",+(91)-9978097679
Parmeshvar Treding,"A 85 Hathi Kala Market, Nr. Pani Tanki, Fatepura, Vadodara - 390006",+(91)-265-2413930
Shree Hari Rodium,"A1/305/1,Sadhana Talkies Ln, Gadiyali Pol Jani Seri Near Hanumanji Tempal, Mandvi, Vadodara - 390001, Near Amba Mata Temple",+(91)-9510207375
Shiv Shakti Super Store,"Nr Harmani Complex, Vadodara HO, Vadodara - 390001, Opp M K School",+(91)-9714854761
Khubchand & Maganlal Store,"Navayard Road, Sardar Nagar, Nizampura, Vadodara - 390002",+(91)-265-2793845
Shivani Traders,"G/8, Samrudhi Complex, Gotri Road, Vadodara - 390021, Opposite Crystal Plaza, Near Reliance Petrol Pump",+(91)-265-2730917
A To Z Super Market,"SHOP NO 3 BLOCK 43/265, Ellora Park Road, Ellora Park, Vadodara - 390023, Near Saibaba Temple",+(91)-265-2398912
Sree Kuldevi Brahmani Flowe..,"Bechraji Temple, Chatrabhuj Shopping Center, Karelibagh, Bahucharaji Road, Vadodara - 390018, Opposite Santoshi Mata's Temple, Near By",+(91)-9879999716
JAY Julelal General Store,"Nr Over Bridge, Vadodara HO, Vadodara - 390001, Main Road",+(91)-265-2638339
Dakornath Trading Company,"Modi Tamboli, Vad Lakkad Pitha Road, Bagikhana, Vadodara - 390001",+(91)-265-2428517
Shreejikrupa Provision Stor..,"3, Gayatri Nagar, Gotri Road, Gotri, Vadodara - 390021",+(91)-265-3208510
Shree Maruti Super Store,"1, Eshanti Height, Sayaji Township Road, Vadodara - 390019, Near Khodiyar Nagar",+(91)-9558584931
Axay Tea Center,"Ambawadi Society, Padra, Vadodara - 391440",+(91)-9898990951
Jayshree Jagdish Provision ..,"154, Sainagar, Main Road, Gotri Road, Vadodara - 390021, Near ESI Hospital Road",+(91)-9574064421
Shantilal Maganlal Gandhi,"Raopura Road, Raopura, Vadodara - 390001, Opposite Kothi Pole, Near Jain Derasar",+(91)-265-2424177
Ashok Verity Store,"Shodagar Building, Fatehpura, Fatepura, Vadodara - 390006, Fatehpura",+(91)-0265-2458059
Bridge Corner Stores,"Ramchandra Bullding, Jetalpur, Sayajigunj Road, Vadodara - 390020, Near Murad Sahid Dargah",+(91)-9558983396
Gulmahor Provision Store,"Fatehgunj Fatehganj Vadodara -390002, Fateganj, Vadodara - 390002",+(91)-265-3017310
Mahalaxmi Super Stores,"Shop No 10 Sumant Park, BPC Road, Productivity Road, Vadodara - 390003, Near Cow Circle",+(91)-265-2350091
Divine Galaxy,"Chain Road, Sama, Vadodara - 390008, Near Dps, Opposite Lotus Court,Opposite C.M. Patel Farm",+(91)-9714224790
Aesha Medical & Provision S..,"C/5, Lakshmikunj Society, Part 2, Sama Road, Vadodara - 390002, Opposite T P 11 Garden, Chanakypuri",+(91)-9913474799
Jay Durga Provision Store,"28, Shraddha Nagar, Usha Nagar, Saiyed Vasna, Gujarat, Vadodara - 390007",+(91)-9638798338
Rajratna Swadeshi Store & G..,"Kalpvruksh Appartment, Gotri Road, Vadodara - 390021",+(91)-9924541058
ShopEco,"T 8, Shikhar Enclave, Vasna Jakat Naka, Vasna, Vasna Road, Race Course Road, Vadodara - 390007, Opposite H L Party Plot",+(91)-8333033022
JAY Ambe Provision Stores,"Opp Municipality School, Vadodara HO, Vadodara - 390001, Main Road",+(91)-265-2433725
Jalaram Provision Store,"2 Ajay Nagar, Gorwa Refinary Rd B/H Jalaram Temple, Gorwa, Vadodara - 390016, Petrofiles Busstop",+(91)-0265-2265005
Mahalaxmi Super Stores,"Ghanshyam Nagar, Vadodara HO, Vadodara - 390001, B/H S T Depo",+(91)-9275357032
Gulmahor Provision Store,"Ground Flour, Gulmahor Apartment, Fatehgunj Main Road, Fateganj, Vadodara - 390002, Sadar Bazar",+(91)-265-3017220
Yamuna Provision Stores,"Nr Shree Vallabh Complex, Vadodara HO, Vadodara - 390001, Opp Shakuntal Complex",+(91)-265-2524646
Bhatt Brothers,"Nr Limda Poul, Raopura, Vadodara - 390001, Main Road",+(91)-265-2428433
Baba Ramdev Provision Store..,"Shanti Nagar, Gorwa Road, Gorwa, Vadodara - 390016, Main Highway",+(91)-9974297582
Shree Vishnu Enterprise,"D-1,Hathikhana Market Yard, Fatepura, Vadodara - 390006",+(91)-265-2426352
Haji Akbar Ali & Sons,"Bhaiswada, Chhipwad, Vadodara - 390006",+(91)-9376582874
Baroda Departmental Store,"Nr Kadak Bazar, Kadak Bazar, Vadodara - 390001, Sangar Faliyo",+(91)-265-2363444
Brahmani Provision Store,"No 4, Shubham Avenue, Gotri, Vadodara - 390021, Near Main Road, Behind Yash Complex",+(91)-9998326645
Radhika Provision Store,"2/15, Shiv Shakti Nagar, Akota Main Road, Akota, Vadodara - 390020, Opposite Akota Police Line",+(91)-265-2345091
khandelwala store,"station road, Sayaji Ganj, Vadodara - 390020, kadak bazar",+(91)-9722739187
Gokul Traders,"Station Road, Sayaji Ganj, Vadodara - 390020, Kadak Bazar",+(91)-7878973222
Swarupchand Kanaiyalal Agra..,"Kadakbajar, 3, Pawan Park, Station Road, Society, Sayaji Ganj, Vadodara - 390020",+(91)-8460602126
Gaytri Stores,"4-5, Sanigita Apartment, Akota Road, Akota, Vadodara - 390020, Nr. Akota Stadium",+(91)-9879526845
New Super Provision Store,"Ram Pura Vuda House, Opp Sbi Bank, Akota, Vadodara - 390020, Near AKota",+(91)-9998101674
Shree Sairam Florist,"44, Ellora Park, Atmajyoti Ashram Road, Odhavpura, Harinagar, Vadodara - 390021",+(91)-9898129779
Shiv Shakti General Store,"9, Yogi Center, Odhavpura Road, Ellora Park, Vadodara - 390023, Opp Aishwarya Appartment",+(91)-265-2390059
Shreeji Provision Stores,"Shop No 2, Jalaram House, Ellora Park, Vadodara - 390023, Near Atma Jyoti",+(91)-0265-2389957
Vinayak General Store,"Shop No 4, Krishna Dham COMPLEX, Gotri Main Road, Gotri Road, Vadodara - 390021, Near Iscon Temple Road",+(91)-0265-2340051
Rathi Namkeen Sweets & Bake..,"Gf 40 Amrapali Complex, Muktanand Cir, Karelibagh, Vadodara - 390003, Near ,Behind Icici Bank",+(91)-9909474586
Shiv Darshan Super Store,"Shop No 46/47 Shiv Darshan Society, Main Road, Vasna Road, Vadodara - 390007, Behind D Mart",+(91)-265-2250153
Namaskar Super Store,"G5, Chandralok Complex, Karelibaug, Vadodara - 390018, Opp. Chandralok Hospital",+(91)-0265-2465758
JAY Ambe Provision Stores,"Nr Siddhivinayak Complex, Raopura, Vadodara - 390001, Opp Vallabh Nagar",+(91)-9879016820
Kds Store,"Nr Sharad Complex, Vadodara HO, Vadodara - 390001, Main Road",+(91)-265-2713692
Shivam Provision Store,"B/H  Ram Vatika, Vadodara HO, Vadodara - 390001, Chanakya Puri",+(91)-9898963719
Gurunanak General Stores,"Nr Dadashyam Appartment, Vadodara HO, Vadodara - 390001, B/H R T O",+(91)-9824628267
Dipali Traders,"Nr Rudraksh Complex, Vadodara HO, Vadodara - 390001, Opp Gaurav Park",+(91)-9426978152
Farhan Stores,"Nr Main Road, Vadodara HO, Vadodara - 390001, Main Bazar",+(91)-9277752140
Sabari Coconut,"Shop No 1, Ambica Complex, Gorwa, Gorwa, Vadodara - 390016, Opposite Bapu S Dargah",+(91)-9601532676
Shree Siddhivinayak Trading,"S 2 3 Hariganesh Apartment, Dandia Bazar, Dandia Bazar, Vadodara - 390001, Opp Shree Nilkanth Mahadev Mandir",+(91)-9909017885
Apna Provision Store,"56, Mruturja Park, Tandalja, Vadodara - 390012",
Ratilal Chandulal Rameshah,"Khanderao Market, Vadodara - 390001, Behind Khanderao Market",+(91)-265-2433629
JAY Caterers,"Raj Mahal Road Rajmahal Road Vadodara -390001, Main Road, Rajmahal Road, Vadodara - 390001",+(91)-265-3919389
Mangal Provision Stores,"Kumbharwad, Nava Bazar, Vadodara - 390001, Opp Gayatri Park Society",+(91)-265-6994811
Jivika Provision Store,"24,Dreamland Complex, Pramukh Prasad Chowkdi, Manjalpur, Vadodara - 390011",+(91)-9737737703
Jalaram Provision Store,"Raopura South, B/H Gpo, Raopura, Vadodara - 390001",+(91)-0265-2421087
Heena Grain & Provision,"b 32, New Samah Road, Sama Road, Vadodara - 390002, Behind Military Boys Hotel",+(91)-9898292736
Jay Ambe Super Store,"Gotri Road, Vadodara - 390021, Main Bazar, Behind Motor School",+(91)-0265-2354424
Rajesh Provision Store,"Shop No.3,  Ashutosh Appartment, Raopura Road, Raopura, VADODARA - 390001",+(91)-0265-2395199
Saikrupa Grocery Store,"E- Block,Shop No-9 Avas Yojna House, New Sama Road, Sama, Vadodara - 391740, Mangal Pandey Road",+(91)-7698752012
Shree Jagdamba Kariyana Sto..,"Fatepura Char Rasta, Near Ranavas, Fatepura, Vadodara - 390006, Fatehpura",+(91)-8905637831
Manjalpur Super Store,"B-21 to B 29 Jagannathpuram, Manjalpur Main Road, Manjalpur, Vadodara - 390011, Opposite Lalbaug",+(91)-9228299577
Sainath Provision Stores,"Manjalpura Road, Manjalpur, Vadodara - 390011, Near Kabir Temple",+(91)-9998624600
N.K. Superstore,"32- Crystal Yagnapurush, Near Darshnam Bungalow, Gotri Sevasi, Vadodara - 391101",+(91)-7043287663
Vinod Grain Shop,"Chapaner Gate, Vadodara - 390006, Opposite Hanuman Temple",+(91)-9427465171
Bansi Supermarket,"Shreeji Darshan Complex, Manjalpur, Vadodara - 390011, Opposite Sports Complex",+(91)-7567763404
Variety  Store,"11, Subhash Shoping Centre, Harni Road, Sangam Cross Road, Sangam Society, Vadodara - 390022",+(91)-265-2466269
Ankit Super Market,"2-5 Vardhman Enclave, Opp Balaji Skyrise, Atladara, Vadodara - 390012, Near BAPS Shri Swaminarayan Mandir",+(91)-9725701696
Novelty Bag Menyufekchar,"Patel Park, Madar Mohalla, Society, Warasiya, Unnamed Road, Yakutpura, Vadodara - 390006, MES Boys High School-Yakutpura",+(91)-8866576664
Shree Ram Store,"Near Over Bridge, Dabhoi Road Corner, Pratapnagar, Vadodara - 390004",+(91)-9998299231
Vasudev Super Store,"Shop No. 2&3, Sai Villa Complex, Towards, Lalbaug, Vadodara - 390004, Near Pratapnagar Bridge",+(91)-9725407740
Manohar Provision Shop,"C 8/8/45, Baranpura Chokhandi, Moghul Wada, Yamuna Mill Road, Mandvi, Vadodara - 390017",+(91)-9904076248
Viki Pan House,"Road, Harni, Vadodara - 390022",+(91)-9898680074
HO Vegetables Drumsticks,"Bhayli, Bhaili, Vadodara - 391410",+(91)-9727797112
Shivkrupa Sweet & Farsan,"Shop No8, Kanha Gold Flat, Waghodiadabhoi Ring Road, Soma Talav, Vadodara - 390025, Near Bps School,Near Ganeshnagar",+(91)-8401167088
Asha Super Store,"D-6,Saraswati Society, Sardar Estate, Vadodara - 390019, Opp. Super Bakery",+(91)-9898155281
Maitry Traders,"Shop No 17 Prarambh Complex, Main Road, Waghodia Road, Vadodara - 390025, Opposite Mahesh Complex",+(91)-9723615796
Dipak Grain Shop,"Karadiya, Vadodara - 391310",+(91)-9904053520
Gupta Provision Store,"Refinary Road, Opp.petrol Pump, Bajwa, Vadodara - 391310, Bajwa",+(91)-0265-2233124
Laxmi Super Store,"Shop No - 3/4 Ratnam Square Near Baniyan City, New Vip Road, Sayajipura, Vadodara - 390019, Near Baniyan City",+(91)-9967777616
Grocers Super Store,"GF 17-24 ANANTA ASHTHA, WAGHODIA ROAD, Waghodia, Vadodara - 390019, NEAR GAYATRI MANDIR",+(91)-265-6548199
Sukhadiya Provision stores,"Gandhi Chowk, Padra, Vadodara - 391440",+(91)-9909818404
Om Enterprise,"Shop no 3,Pratapbag Shopping centre, Main road, Munjmohda, Vadodara - 390020, Near Shivaji Circle",+(91)-9898754603
Gayatri Provision Stores,"Pratap Bag Shopping Centre, Munjmahuda Main Road, Munjmohda, Vadodara - 390020",+(91)-9426308285
Tivari Provision Store,"Virpura Nagar, Vadodara HO, Vadodara - 390001, Main Road",+(91)-9998568737
JAY Ambe Super Store,"Chhani Road, Vadodara - 390024, Near Main Bazar, Near Kalpu Complex, Opposite SBI, gIPCL Circle",+(91)-9998892260
Ashapuri Provision Stores,"Shop No 6, Samruddhi Complex, Gotri Road, Vadodara - 390021, Opposite Yash Complex",+(91)-9898170869
Mohanlal Keshavlal Gotriwal..,"A-9, Hathikhana Market Yard, Hathikhana, Vadodara - 390001",+(91)-265-2422513
Shree Jaladip Provision Sto..,"8, Devashish Complex 2, Parivar Char Rasta, Waghodia Road, Vadodara - 390025",+(91)-265-2520295
Shri Balaji Super Market,"GF-18 Amardeep Homes Nr Kamal Nagar, Lake Sayajipura, Sayajipura, Vadodara - 390019, Near Sayajipura Lake",+(91)-9766851163
Prakash Masala Store,"Shop no 5, Ajwa Road, Pani Gate, Vadodara - 390019, Near petrol pump",+(91)-265-6538517
Lucky Provision Store,"Nr Bus Station, Padra, Vadodara - 391440, Main Bazar",+(91)-9998064102
Jay Chamunda Flour Mill,"Vadiwadi Road, B/h Vadodara Central, Alkapuri, Vadodara - 390007, Near Vadodara Central",+(91)-9033523264
Jaihind Stores,"Shop No-8, Nagar Palika Guest House, Sayaji Ganj, Vadodara - 390020, Opp.  Railway Station",+(91)-265-2794009
Mahadev Provision Store,"Kadak Bazar, Sayaji Ganj, Vadodara - 390020",+(91)-0265-2335185
Varun Vastu Bhandar,"57, Shastri Bridge, Nizampura, Vadodara - 390002, Near Pandey Hotel",+(91)-265-2784360
Naresh General Store,"5/a Nilkamal Society, Nizampura, Vadodara - 390002, Opposite Ghelani Petrol Pump",+(91)-9825353176
Keshav Super Stores,"Chanakyapuri Char Rasta,Sama, Eme School, Vadodara - 390008, Near JAY Bhole Dhudalay",+(91)-265-2389972
Radheshyam Traders,"Chetna Soceity, Hariom Nagar Road, Alkapuri, Vadodara - 390007",+(91)-265-2393239
Shreeji Traders,"4, Shiv Shakti Shopping Centre,, Makrand Desai Road, Alkapuri, Vadodara - 390007, Opp Tribhuvan Park",+(91)-265-2332401
Roopji Stores,"Old Padra Road, Race Course Road, Vadodara - 390007, Race Course",+(91)-265-2353645
Shree Ram Super Stores,"G11/12, Shivani Flats, Gotri Road, Vadodara - 390021, Behind Mother School, Opposite Yogeshwar Society",+(91)-0265-2314927
Bhatuji Provision Stores,"1,Santhosh Nagar Society, Subhanpura, Vadodara - 390007, Near High Tension Road",+(91)-0265-2395766
Jain Sweet & Namkeen,"Gf12, Laxminarayan Complex, Saiyed Vasna Road, Gotri, Vadodara - 390021",+(91)-9374021981
Riddhi Sales Agency,"G-5, Shiv Chamber,, Raopura,, Jubilee Baug, Vadodara - 390001",+(91)-265-2425673
Sharnam Super Store,"A-76, Aadhar Society, Wagudia Road, Baroda, Vadodara - 390018, Near Pitambhar Complex, Near Nalanda Water Tank",
Shree Krishna Provision Sto..,"18, Vaikunth 2 Megha Township, New VIP Road, Karelibaug, VADODARA - 390018, Opp Vrajdham",+(91)-0265-6955396
Shree Mahalaxmi Masala Bhan..,"C 24/1 Hathikhana Market, Hathikhana Market, Hathikhana, Vadodara - 390001, Near Wajen Kata",+(91)-0265-2489331
Mahalakshmi Provision Store,"C-17 Bhagyoday Shopping Centre, Refinary Road, Gorwa, Vadodara - 390016",+(91)-0265-2380691
Ambe Medical & Provision St..,"Sb 4/1, Chanakya Complex, Water Tank Road Main Road, Karelibaug, Vadodara - 390018, Near Aavkar Hall",+(91)-265-2460742
Manilal Panachand & Sons,"A 31, Market Yard, Fatepura, Vadodara - 390006, Hathikhana",+(91)-265-2423175
Krishna Enterprise,"A-44, Sardar Patel Market, Hathikhana Main Road, Fatepura, Vadodara - 390006",+(91)-265-2422980
Narayan Chokdi,"Atladara, Vadodara - 390012",+(91)-9909534240
Mahavir Provision & Genstor..,"1920, Mebal Plazanrramesh Patel Estate, Manjalpur, Vadodara - 390011",+(91)-9879184722
SAT Kaiwal Traders,"B - 25, Dhanlaxmi Complex, Manjalpur, Vadodara - 390011, Behind Saraswati Complex",+(91)-265-2660356
Saraswati Grain Store,"Sb 1/2, Pratham Complex, Gotri Vasna Road, Gotri Road, Vadodara - 390021",+(91)-265-2324023
Umiya Provision Store,"75 Vrundavan Society, Nr. Ramlaxman Society, Atladara, Vadodara - 390012, Atladara",+(91)-0265-2681590
Rudraksha Super Market,"Dev Pushp Complex, Tulsidham Cross Road, Manjalpur, Vadodara - 390011",+(91)-265-2631616
Gopal General Store,"10, Priyadarshini Shopping, Opp Novino Batteries Main Road, Makarpura, Vadodara - 390014, Makarpura Road",+(91)-265-2640431
Gandhi Grain Shop,"5,Nityanand Complex, Tarsali Road, Vadodara - 390009, Near Anand Baug",+(91)-265-2652171
Ganesh Super Market,"Bhakti Nagar, Novino Tarsali Road, Makarpura Industrial Estate, Vadodara - 390010",+(91)-9537943758
Vishnu Grain Shop,"Thakkar Shopping Centre, Gandhi Road, Bajwa, Vadodara - 391310, Opposite Vegetable Market",+(91)-0265-2230631
Kotyark Provision Store,"Shop No 2, Shakuntal Complex, Kaladarshan Cross Road, Waghodia Road, Vadodara - 390025",+(91)-265-2515937
Shree Ganesh Farsan,"6, , Somnath Nagar Shopping Center, Shree Kunj Society, Somnath Nagar, Tarsali, Vadodara - 390009",+(91)-9714147016
Kalyan Traders,"Makarpura, Vadodara - 390014, Gidc,Near Shrrji Complex,",+(91)-265-2636157
Kailash Provision Store,"Opp Sardar Patel Market, Tajpura Road, Padra, Vadodara - 391440",+(91)-9426588725
Kailash Traders,"Bank Road, Mandvi, Vadodara - 390001, Opposite Mehta Pole",+(91)-265-2412657
Jay Mataji Provision Stores,"Shop No. 1, Shree Ram Nagar, Gotri Sevasi, Vadodara - 391101, Near Mahadev Temple",+(91)-9537887946
Mohit Provision Store,"18, Maruti Nagar Society,, Latipur Road,, Padra, Vadodara - 391440, Near Padra Bus Stand",+(91)-2662-225799
JAY Mataji Super Store,"6, Ground Floor, Windsor Plaza, R C Dutt Road, Alkapuri, Vadodara - 390007, Opposite Alka Restaurant",+(91)-265-2323665
Chamunda Provision Store,"Sb-23, Race Course Tower Main Road, Race Course Road, Vadodara - 390007, Nr.Racecource Circle",+(91)-265-2323701
Satishchandra O Agrawal,"Shop No 7, Ellora Park Shopping Centre, Subhanpura, Vadodara - 390023, Near Saibaba Temple",+(91)-265-2396090
Agrawal Provision Store,"Nr Rajpath Hotel, Vadodara HO, Vadodara - 390001, Jetalpur Main Road",+(91)-9998942742
Variety General Stores,"Shree Pavitra Township, Vadodara HO, Vadodara - 390001, Maneja Road",+(91)-8000452131
JAY Bhagwati Enterprises,"Sokhda, Vadodara HO, Vadodara - 390001, Sunder Bazar",+(91)-9714870072
Suresh General Store,"Saraswati Nivas, Nyay Mandir, Vadodara - 390001, Mehta Pole",+(91)-9898682388
K.K. Sugars,"D/6,Hathikhana Market Yard, Fatepura, Vadodara - 390006",+(91)-265-2427195
Shree Ambica Grain & Provis..,"Shop No. 56, Lal Bahadur Shopping Centre, Pani Tanki Road, Karelibaug, Vadodara - 390018, Near Sangam Char Rasta",+(91)-9974011857
Jagdamba Provision Store,"B8, Siddhivinayak Complex, New Vip Road, Vadodara - 390019, Near Sadar Hotel,Opposite Ganesh Estate",+(91)-265-2532799
Mahalaxmi Kirana Stores,"1 , Navjivan Shopping Center , Ajwa Road , Vadodara., Ajwa Road, Vadodara - 390019",+(91)-9428424812
Shiv Shakti Store,"Shop No 5, Laxmi Narayan Society, Ajwa road, Ajwa Road, Vadodara - 390019, Near HP Petrol Pump",+(91)-265-2517680
T C Shah General Stores,"Municipality Road, Waghodia, Vadodara - 390019, Main Bazar",
Gurukrupa Provision Store,"Vadsar Road, Makarpura, Vadodara - 390014",
Vijay Laxmi Provision Store,"Tajpura Rd, Suvarnapuri, Padra, Vadodara - 391440, Near Shree Kailash Provision Store",+(91)-9427345367
